order date (DateOrders),Product Name,Order Item Quantity
2015-01-01,Bridgestone e6 Straight Distance NFL San Dieg,3
2015-01-01,Diamondback Women's Serene Classic Comfort Bi,10
2015-01-01,Field & Stream Sportsman 16 Gun Fire Safe,7
2015-01-01,Glove It Imperial Golf Towel,5
2015-01-01,Glove It Urban Brick Golf Towel,5
2015-01-01,Glove It Women's Mod Oval Golf Glove,4
2015-01-01,Nike Men's CJ Elite 2 TD Football Cleat,5
2015-01-01,Nike Men's Dri-FIT Victory Golf Polo,20
2015-01-01,Nike Men's Free 5.0+ Running Shoe,14
2015-01-01,Nike Women's Legend V-Neck T-Shirt,4
2015-01-01,O'Brien Men's Neoprene Life Vest,17
2015-01-01,Pelican Sunstream 100 Kayak,7
2015-01-01,Perfect Fitness Perfect Rip Deck,31
2015-01-01,Team Golf New England Patriots Putter Grip,2
2015-01-01,Team Golf Tennessee Volunteers Putter Grip,4
2015-01-01,Titleist Pro V1 High Numbers Personalized Gol,4
2015-01-01,Under Armour Girls' Toddler Spine Surge Runni,9
2015-01-01,Under Armour Men's Tech II T-Shirt,3
2015-01-02,Bridgestone e6 Straight Distance NFL Carolina,2
2015-01-02,Diamondback Women's Serene Classic Comfort Bi,4
2015-01-02,Field & Stream Sportsman 16 Gun Fire Safe,2
2015-01-02,Nike Dri-FIT Crew Sock 6 Pack,3
2015-01-02,Nike Men's CJ Elite 2 TD Football Cleat,7
2015-01-02,Nike Men's Dri-FIT Victory Golf Polo,12
2015-01-02,Nike Men's Free 5.0+ Running Shoe,8
2015-01-02,O'Brien Men's Neoprene Life Vest,14
2015-01-02,Pelican Sunstream 100 Kayak,4
2015-01-02,Perfect Fitness Perfect Rip Deck,42
2015-01-02,TYR Boys' Team Digi Jammer,3
2015-01-02,Under Armour Girls' Toddler Spine Surge Runni,14
2015-01-02,Under Armour Men's Compression EV SL Slide,1
2015-01-02,adidas Youth Germany Black/Red Away Match Soc,4
2015-01-03,Clicgear 8.0 Shoe Brush,4
2015-01-03,Diamondback Women's Serene Classic Comfort Bi,5
2015-01-03,Field & Stream Sportsman 16 Gun Fire Safe,6
2015-01-03,Glove It Women's Imperial Golf Glove,8
2015-01-03,Glove It Women's Mod Oval 3-Zip Carry All Gol,4
2015-01-03,Hirzl Men's Hybrid Golf Glove,2
2015-01-03,Nike Men's CJ Elite 2 TD Football Cleat,1
2015-01-03,Nike Men's Deutschland Weltmeister Winners Bl,3
2015-01-03,Nike Men's Dri-FIT Victory Golf Polo,10
2015-01-03,Nike Men's Free 5.0+ Running Shoe,14
2015-01-03,Nike Women's Legend V-Neck T-Shirt,2
2015-01-03,O'Brien Men's Neoprene Life Vest,21
2015-01-03,Pelican Sunstream 100 Kayak,4
2015-01-03,Perfect Fitness Perfect Rip Deck,21
2015-01-03,Under Armour Girls' Toddler Spine Surge Runni,14
2015-01-04,Bridgestone e6 Straight Distance NFL San Dieg,4
2015-01-04,Diamondback Women's Serene Classic Comfort Bi,8
2015-01-04,Field & Stream Sportsman 16 Gun Fire Safe,9
2015-01-04,Nike Dri-FIT Crew Sock 6 Pack,2
2015-01-04,Nike Men's CJ Elite 2 TD Football Cleat,7
2015-01-04,Nike Men's Dri-FIT Victory Golf Polo,39
2015-01-04,Nike Men's Free 5.0+ Running Shoe,40
2015-01-04,Nike Women's Legend V-Neck T-Shirt,2
2015-01-04,Nike Women's Tempo Shorts,1
2015-01-04,O'Brien Men's Neoprene Life Vest,29
2015-01-04,Pelican Sunstream 100 Kayak,7
2015-01-04,Perfect Fitness Perfect Rip Deck,43
2015-01-04,Titleist Pro V1x Golf Balls,4
2015-01-04,Titleist Pro V1x High Numbers Golf Balls,5
2015-01-04,Under Armour Girls' Toddler Spine Surge Runni,29
2015-01-05,Diamondback Women's Serene Classic Comfort Bi,7
2015-01-05,Field & Stream Sportsman 16 Gun Fire Safe,5
2015-01-05,Glove It Women's Mod Oval 3-Zip Carry All Gol,3
2015-01-05,Hirzl Men's Hybrid Golf Glove,4
2015-01-05,Nike Men's CJ Elite 2 TD Football Cleat,6
2015-01-05,Nike Men's Comfort 2 Slide,3
2015-01-05,Nike Men's Dri-FIT Victory Golf Polo,20
2015-01-05,Nike Men's Free 5.0+ Running Shoe,8
2015-01-05,O'Brien Men's Neoprene Life Vest,28
2015-01-05,Pelican Sunstream 100 Kayak,6
2015-01-05,Perfect Fitness Perfect Rip Deck,25
2015-01-05,Team Golf New England Patriots Putter Grip,3
2015-01-05,Titleist Pro V1x Golf Balls,2
2015-01-05,Under Armour Girls' Toddler Spine Surge Runni,28
2015-01-05,Under Armour Men's Compression EV SL Slide,5
2015-01-05,Under Armour Women's Ignite PIP VI Slide,5
2015-01-06,Bridgestone e6 Straight Distance NFL San Dieg,7
2015-01-06,Diamondback Women's Serene Classic Comfort Bi,6
2015-01-06,Field & Stream Sportsman 16 Gun Fire Safe,2
2015-01-06,Glove It Urban Brick Golf Towel,4
2015-01-06,Nike Men's CJ Elite 2 TD Football Cleat,5
2015-01-06,Nike Men's Dri-FIT Victory Golf Polo,12
2015-01-06,Nike Men's Free 5.0+ Running Shoe,26
2015-01-06,Nike Women's Tempo Shorts,4
2015-01-06,O'Brien Men's Neoprene Life Vest,40
2015-01-06,Pelican Sunstream 100 Kayak,11
2015-01-06,Perfect Fitness Perfect Rip Deck,22
2015-01-06,Under Armour Girls' Toddler Spine Surge Runni,10
2015-01-06,Under Armour Kids' Mercenary Slide,1
2015-01-07,Diamondback Women's Serene Classic Comfort Bi,7
2015-01-07,Field & Stream Sportsman 16 Gun Fire Safe,9
2015-01-07,Hirzl Women's Soffft Flex Golf Glove,4
2015-01-07,Nike Men's CJ Elite 2 TD Football Cleat,6
2015-01-07,Nike Men's Deutschland Weltmeister Winners Bl,2
2015-01-07,Nike Men's Dri-FIT Victory Golf Polo,41
2015-01-07,Nike Men's Free 5.0+ Running Shoe,20
2015-01-07,Nike Women's Tempo Shorts,1
2015-01-07,O'Brien Men's Neoprene Life Vest,24
2015-01-07,Pelican Sunstream 100 Kayak,9
2015-01-07,Perfect Fitness Perfect Rip Deck,45
2015-01-07,Team Golf San Francisco Giants Putter Grip,3
2015-01-07,Top Flite Women's 2014 XL Hybrid,2
2015-01-07,Under Armour Girls' Toddler Spine Surge Runni,21
2015-01-07,adidas Men's Germany Black Crest Away Tee,5
2015-01-08,Clicgear Rovic Cooler Bag,5
2015-01-08,Diamondback Women's Serene Classic Comfort Bi,7
2015-01-08,Field & Stream Sportsman 16 Gun Fire Safe,9
2015-01-08,Glove It Urban Brick Golf Towel,2
2015-01-08,Hirzl Men's Hybrid Golf Glove,3
2015-01-08,LIJA Women's Eyelet Sleeveless Golf Polo,6
2015-01-08,Nike Dri-FIT Crew Sock 6 Pack,5
2015-01-08,Nike Men's CJ Elite 2 TD Football Cleat,12
2015-01-08,Nike Men's Deutschland Weltmeister Winners Bl,5
2015-01-08,Nike Men's Dri-FIT Victory Golf Polo,40
2015-01-08,Nike Men's Free 5.0+ Running Shoe,12
2015-01-08,O'Brien Men's Neoprene Life Vest,22
2015-01-08,Pelican Sunstream 100 Kayak,5
2015-01-08,Perfect Fitness Perfect Rip Deck,28
2015-01-08,Team Golf Pittsburgh Steelers Putter Grip,2
2015-01-08,Team Golf Tennessee Volunteers Putter Grip,2
2015-01-08,Titleist Pro V1 High Numbers Personalized Gol,1
2015-01-08,Under Armour Girls' Toddler Spine Surge Runni,9
2015-01-08,Under Armour Men's Tech II T-Shirt,5
2015-01-08,Under Armour Women's Micro G Skulpt Running S,2
2015-01-08,adidas Men's F10 Messi TRX FG Soccer Cleat,1
2015-01-09,Bridgestone e6 Straight Distance NFL Carolina,2
2015-01-09,Columbia Men's PFG Anchor Tough T-Shirt,1
2015-01-09,Diamondback Women's Serene Classic Comfort Bi,5
2015-01-09,Field & Stream Sportsman 16 Gun Fire Safe,3
2015-01-09,Glove It Women's Mod Oval 3-Zip Carry All Gol,4
2015-01-09,Glove It Women's Mod Oval Golf Glove,1
2015-01-09,Hirzl Women's Soffft Flex Golf Glove,1
2015-01-09,LIJA Women's Eyelet Sleeveless Golf Polo,1
2015-01-09,Nike Men's CJ Elite 2 TD Football Cleat,8
2015-01-09,Nike Men's Deutschland Weltmeister Winners Bl,5
2015-01-09,Nike Men's Dri-FIT Victory Golf Polo,25
2015-01-09,Nike Men's Free 5.0+ Running Shoe,17
2015-01-09,O'Brien Men's Neoprene Life Vest,17
2015-01-09,Pelican Sunstream 100 Kayak,4
2015-01-09,Perfect Fitness Perfect Rip Deck,37
2015-01-09,Titleist Pro V1x High Numbers Personalized Go,1
2015-01-09,Under Armour Girls' Toddler Spine Surge Runni,7
2015-01-09,Under Armour Hustle Storm Medium Duffle Bag,2
2015-01-09,Under Armour Kids' Mercenary Slide,5
2015-01-09,adidas Men's Germany Black Crest Away Tee,5
2015-01-10,Diamondback Women's Serene Classic Comfort Bi,4
2015-01-10,Field & Stream Sportsman 16 Gun Fire Safe,7
2015-01-10,Glove It Imperial Golf Towel,4
2015-01-10,LIJA Women's Eyelet Sleeveless Golf Polo,2
2015-01-10,Nike Men's CJ Elite 2 TD Football Cleat,15
2015-01-10,Nike Men's Dri-FIT Victory Golf Polo,31
2015-01-10,Nike Men's Free 5.0+ Running Shoe,24
2015-01-10,O'Brien Men's Neoprene Life Vest,25
2015-01-10,Pelican Sunstream 100 Kayak,7
2015-01-10,Perfect Fitness Perfect Rip Deck,20
2015-01-10,Titleist Pro V1x High Numbers Personalized Go,3
2015-01-10,Under Armour Girls' Toddler Spine Surge Runni,13
2015-01-11,Bridgestone e6 Straight Distance NFL San Dieg,1
2015-01-11,Clicgear 8.0 Shoe Brush,3
2015-01-11,Diamondback Women's Serene Classic Comfort Bi,3
2015-01-11,Field & Stream Sportsman 16 Gun Fire Safe,13
2015-01-11,Glove It Women's Imperial Golf Glove,2
2015-01-11,Glove It Women's Mod Oval Golf Glove,4
2015-01-11,Hirzl Women's Hybrid Golf Glove,3
2015-01-11,Hirzl Women's Soffft Flex Golf Glove,2
2015-01-11,Nike Men's CJ Elite 2 TD Football Cleat,5
2015-01-11,Nike Men's Dri-FIT Victory Golf Polo,30
2015-01-11,Nike Men's Free 5.0+ Running Shoe,18
2015-01-11,Nike Women's Legend V-Neck T-Shirt,2
2015-01-11,O'Brien Men's Neoprene Life Vest,10
2015-01-11,Pelican Sunstream 100 Kayak,2
2015-01-11,Perfect Fitness Perfect Rip Deck,26
2015-01-11,Team Golf New England Patriots Putter Grip,2
2015-01-11,Team Golf Pittsburgh Steelers Putter Grip,2
2015-01-11,Top Flite Women's 2014 XL Hybrid,3
2015-01-11,Under Armour Girls' Toddler Spine Surge Runni,9
2015-01-11,Under Armour Women's Ignite Slide,3
2015-01-12,Bridgestone e6 Straight Distance NFL Tennesse,2
2015-01-12,Diamondback Women's Serene Classic Comfort Bi,9
2015-01-12,Field & Stream Sportsman 16 Gun Fire Safe,13
2015-01-12,Nike Men's CJ Elite 2 TD Football Cleat,3
2015-01-12,Nike Men's Deutschland Weltmeister Winners Bl,1
2015-01-12,Nike Men's Dri-FIT Victory Golf Polo,38
2015-01-12,Nike Men's Free 5.0+ Running Shoe,21
2015-01-12,O'Brien Men's Neoprene Life Vest,48
2015-01-12,Pelican Sunstream 100 Kayak,9
2015-01-12,Perfect Fitness Perfect Rip Deck,49
2015-01-12,TYR Boys' Team Digi Jammer,3
2015-01-12,Team Golf Tennessee Volunteers Putter Grip,5
2015-01-12,Team Golf Texas Longhorns Putter Grip,3
2015-01-12,Titleist Pro V1x Golf Balls,4
2015-01-12,Titleist Pro V1x High Numbers Personalized Go,3
2015-01-12,Under Armour Girls' Toddler Spine Surge Runni,21
2015-01-12,Under Armour Kids' Mercenary Slide,2
2015-01-12,adidas Men's Germany Black Crest Away Tee,5
2015-01-13,Bag Boy Beverage Holder,1
2015-01-13,Bridgestone e6 Straight Distance NFL San Dieg,2
2015-01-13,Diamondback Women's Serene Classic Comfort Bi,7
2015-01-13,Field & Stream Sportsman 16 Gun Fire Safe,6
2015-01-13,Glove It Women's Imperial Golf Glove,3
2015-01-13,Glove It Women's Mod Oval 3-Zip Carry All Gol,5
2015-01-13,Hirzl Women's Soffft Flex Golf Glove,3
2015-01-13,Nike Men's CJ Elite 2 TD Football Cleat,10
2015-01-13,Nike Men's Dri-FIT Victory Golf Polo,42
2015-01-13,Nike Men's Free 5.0+ Running Shoe,12
2015-01-13,O'Brien Men's Neoprene Life Vest,21
2015-01-13,Pelican Sunstream 100 Kayak,8
2015-01-13,Perfect Fitness Perfect Rip Deck,45
2015-01-13,Titleist Pro V1x High Numbers Personalized Go,1
2015-01-13,Under Armour Girls' Toddler Spine Surge Runni,10
2015-01-13,Under Armour Men's Compression EV SL Slide,6
2015-01-13,Under Armour Women's Ignite Slide,5
2015-01-13,adidas Men's F10 Messi TRX FG Soccer Cleat,2
2015-01-13,adidas Men's Germany Black Crest Away Tee,1
2015-01-13,adidas Youth Germany Black/Red Away Match Soc,5
2015-01-14,Bag Boy Beverage Holder,2
2015-01-14,Diamondback Women's Serene Classic Comfort Bi,6
2015-01-14,Field & Stream Sportsman 16 Gun Fire Safe,7
2015-01-14,Hirzl Men's Hybrid Golf Glove,4
2015-01-14,Nike Dri-FIT Crew Sock 6 Pack,3
2015-01-14,Nike Men's CJ Elite 2 TD Football Cleat,7
2015-01-14,Nike Men's Dri-FIT Victory Golf Polo,43
2015-01-14,Nike Men's Free 5.0+ Running Shoe,15
2015-01-14,Nike Women's Legend V-Neck T-Shirt,3
2015-01-14,O'Brien Men's Neoprene Life Vest,20
2015-01-14,Pelican Sunstream 100 Kayak,6
2015-01-14,Perfect Fitness Perfect Rip Deck,45
2015-01-14,Team Golf Pittsburgh Steelers Putter Grip,2
2015-01-14,Top Flite Women's 2014 XL Hybrid,2
2015-01-14,Under Armour Girls' Toddler Spine Surge Runni,13
2015-01-14,Under Armour Hustle Storm Medium Duffle Bag,2
2015-01-15,Diamondback Women's Serene Classic Comfort Bi,5
2015-01-15,ENO Atlas Hammock Straps,5
2015-01-15,Field & Stream Sportsman 16 Gun Fire Safe,9
2015-01-15,Glove It Women's Mod Oval 3-Zip Carry All Gol,5
2015-01-15,Nike Men's CJ Elite 2 TD Football Cleat,14
2015-01-15,Nike Men's Dri-FIT Victory Golf Polo,32
2015-01-15,Nike Men's Free 5.0+ Running Shoe,12
2015-01-15,Nike Women's Legend V-Neck T-Shirt,2
2015-01-15,O'Brien Men's Neoprene Life Vest,28
2015-01-15,Pelican Sunstream 100 Kayak,5
2015-01-15,Perfect Fitness Perfect Rip Deck,37
2015-01-15,Team Golf St. Louis Cardinals Putter Grip,6
2015-01-15,Titleist Pro V1x Golf Balls,5
2015-01-15,Titleist Pro V1x High Numbers Golf Balls,5
2015-01-15,Under Armour Girls' Toddler Spine Surge Runni,17
2015-01-15,Under Armour Kids' Mercenary Slide,1
2015-01-16,Diamondback Women's Serene Classic Comfort Bi,3
2015-01-16,Field & Stream Sportsman 16 Gun Fire Safe,5
2015-01-16,Glove It Women's Imperial Golf Glove,1
2015-01-16,Glove It Women's Mod Oval 3-Zip Carry All Gol,5
2015-01-16,Nike Men's CJ Elite 2 TD Football Cleat,7
2015-01-16,Nike Men's Comfort 2 Slide,1
2015-01-16,Nike Men's Dri-FIT Victory Golf Polo,21
2015-01-16,Nike Men's Free 5.0+ Running Shoe,8
2015-01-16,O'Brien Men's Neoprene Life Vest,12
2015-01-16,Pelican Sunstream 100 Kayak,3
2015-01-16,Perfect Fitness Perfect Rip Deck,14
2015-01-16,Team Golf San Francisco Giants Putter Grip,3
2015-01-16,Under Armour Girls' Toddler Spine Surge Runni,20
2015-01-17,Diamondback Women's Serene Classic Comfort Bi,9
2015-01-17,Field & Stream Sportsman 16 Gun Fire Safe,4
2015-01-17,Hirzl Women's Hybrid Golf Glove,8
2015-01-17,Hirzl Women's Soffft Flex Golf Glove,2
2015-01-17,LIJA Women's Eyelet Sleeveless Golf Polo,2
2015-01-17,Nike Men's CJ Elite 2 TD Football Cleat,12
2015-01-17,Nike Men's Dri-FIT Victory Golf Polo,29
2015-01-17,Nike Men's Free 5.0+ Running Shoe,15
2015-01-17,O'Brien Men's Neoprene Life Vest,15
2015-01-17,Pelican Sunstream 100 Kayak,3
2015-01-17,Perfect Fitness Perfect Rip Deck,41
2015-01-17,Team Golf Tennessee Volunteers Putter Grip,4
2015-01-17,Titleist Pro V1x High Numbers Personalized Go,5
2015-01-17,Under Armour Girls' Toddler Spine Surge Runni,11
2015-01-17,adidas Kids' F5 Messi FG Soccer Cleat,9
2015-01-18,Bag Boy Beverage Holder,3
2015-01-18,Bridgestone e6 Straight Distance NFL Carolina,1
2015-01-18,Diamondback Women's Serene Classic Comfort Bi,8
2015-01-18,Field & Stream Sportsman 16 Gun Fire Safe,8
2015-01-18,Nike Men's CJ Elite 2 TD Football Cleat,7
2015-01-18,Nike Men's Comfort 2 Slide,4
2015-01-18,Nike Men's Dri-FIT Victory Golf Polo,26
2015-01-18,Nike Men's Free 5.0+ Running Shoe,13
2015-01-18,O'Brien Men's Neoprene Life Vest,11
2015-01-18,Pelican Sunstream 100 Kayak,6
2015-01-18,Perfect Fitness Perfect Rip Deck,24
2015-01-18,TYR Boys' Team Digi Jammer,5
2015-01-18,Team Golf Pittsburgh Steelers Putter Grip,2
2015-01-18,Team Golf Texas Longhorns Putter Grip,4
2015-01-18,Under Armour Girls' Toddler Spine Surge Runni,29
2015-01-18,Under Armour Hustle Storm Medium Duffle Bag,1
2015-01-19,Diamondback Women's Serene Classic Comfort Bi,10
2015-01-19,Field & Stream Sportsman 16 Gun Fire Safe,10
2015-01-19,LIJA Women's Eyelet Sleeveless Golf Polo,4
2015-01-19,Nike Men's CJ Elite 2 TD Football Cleat,15
2015-01-19,Nike Men's Comfort 2 Slide,3
2015-01-19,Nike Men's Dri-FIT Victory Golf Polo,23
2015-01-19,Nike Men's Free 5.0+ Running Shoe,13
2015-01-19,O'Brien Men's Neoprene Life Vest,16
2015-01-19,Pelican Sunstream 100 Kayak,7
2015-01-19,Perfect Fitness Perfect Rip Deck,22
2015-01-19,Team Golf San Francisco Giants Putter Grip,1
2015-01-19,Under Armour Girls' Toddler Spine Surge Runni,15
2015-01-19,Under Armour Women's Ignite PIP VI Slide,4
2015-01-20,Bridgestone e6 Straight Distance NFL Carolina,5
2015-01-20,Diamondback Women's Serene Classic Comfort Bi,2
2015-01-20,Field & Stream Sportsman 16 Gun Fire Safe,9
2015-01-20,Glove It Urban Brick Golf Towel,3
2015-01-20,Hirzl Women's Soffft Flex Golf Glove,1
2015-01-20,Nike Men's CJ Elite 2 TD Football Cleat,13
2015-01-20,Nike Men's Dri-FIT Victory Golf Polo,44
2015-01-20,Nike Men's Free 5.0+ Running Shoe,16
2015-01-20,O'Brien Men's Neoprene Life Vest,29
2015-01-20,Pelican Sunstream 100 Kayak,9
2015-01-20,Perfect Fitness Perfect Rip Deck,35
2015-01-20,Under Armour Girls' Toddler Spine Surge Runni,23
2015-01-21,Columbia Men's PFG Anchor Tough T-Shirt,2
2015-01-21,Diamondback Women's Serene Classic Comfort Bi,4
2015-01-21,Field & Stream Sportsman 16 Gun Fire Safe,12
2015-01-21,Glove It Urban Brick Golf Towel,1
2015-01-21,Nike Men's CJ Elite 2 TD Football Cleat,4
2015-01-21,Nike Men's Comfort 2 Slide,2
2015-01-21,Nike Men's Dri-FIT Victory Golf Polo,11
2015-01-21,Nike Men's Free 5.0+ Running Shoe,3
2015-01-21,O'Brien Men's Neoprene Life Vest,36
2015-01-21,Pelican Sunstream 100 Kayak,5
2015-01-21,Perfect Fitness Perfect Rip Deck,42
2015-01-21,Team Golf San Francisco Giants Putter Grip,2
2015-01-21,Under Armour Girls' Toddler Spine Surge Runni,8
2015-01-21,Under Armour Hustle Storm Medium Duffle Bag,4
2015-01-21,adidas Men's F10 Messi TRX FG Soccer Cleat,3
2015-01-22,Columbia Men's PFG Anchor Tough T-Shirt,5
2015-01-22,Diamondback Women's Serene Classic Comfort Bi,4
2015-01-22,Field & Stream Sportsman 16 Gun Fire Safe,6
2015-01-22,Glove It Imperial Golf Towel,3
2015-01-22,Glove It Urban Brick Golf Towel,3
2015-01-22,Nike Men's CJ Elite 2 TD Football Cleat,5
2015-01-22,Nike Men's Dri-FIT Victory Golf Polo,24
2015-01-22,Nike Men's Free 5.0+ Running Shoe,22
2015-01-22,O'Brien Men's Neoprene Life Vest,21
2015-01-22,Pelican Sunstream 100 Kayak,3
2015-01-22,Perfect Fitness Perfect Rip Deck,37
2015-01-22,Titleist Pro V1x High Numbers Personalized Go,2
2015-01-22,Under Armour Girls' Toddler Spine Surge Runni,26
2015-01-23,Bag Boy Beverage Holder,4
2015-01-23,Bridgestone e6 Straight Distance NFL San Dieg,4
2015-01-23,Diamondback Women's Serene Classic Comfort Bi,3
2015-01-23,ENO Atlas Hammock Straps,3
2015-01-23,Field & Stream Sportsman 16 Gun Fire Safe,9
2015-01-23,Hirzl Men's Hybrid Golf Glove,5
2015-01-23,Nike Men's CJ Elite 2 TD Football Cleat,4
2015-01-23,Nike Men's Dri-FIT Victory Golf Polo,15
2015-01-23,Nike Men's Free 5.0+ Running Shoe,16
2015-01-23,O'Brien Men's Neoprene Life Vest,9
2015-01-23,Pelican Sunstream 100 Kayak,6
2015-01-23,Perfect Fitness Perfect Rip Deck,22
2015-01-23,Team Golf St. Louis Cardinals Putter Grip,5
2015-01-23,Titleist Pro V1 High Numbers Personalized Gol,2
2015-01-23,Under Armour Girls' Toddler Spine Surge Runni,7
2015-01-23,Under Armour Women's Ignite Slide,2
2015-01-24,Diamondback Women's Serene Classic Comfort Bi,8
2015-01-24,ENO Atlas Hammock Straps,7
2015-01-24,Field & Stream Sportsman 16 Gun Fire Safe,5
2015-01-24,Nike Men's CJ Elite 2 TD Football Cleat,10
2015-01-24,Nike Men's Dri-FIT Victory Golf Polo,27
2015-01-24,Nike Men's Free 5.0+ Running Shoe,11
2015-01-24,Nike Women's Legend V-Neck T-Shirt,3
2015-01-24,Nike Women's Tempo Shorts,1
2015-01-24,O'Brien Men's Neoprene Life Vest,28
2015-01-24,Pelican Sunstream 100 Kayak,8
2015-01-24,Perfect Fitness Perfect Rip Deck,32
2015-01-24,Team Golf New England Patriots Putter Grip,2
2015-01-24,Under Armour Girls' Toddler Spine Surge Runni,9
2015-01-24,Under Armour Kids' Mercenary Slide,7
2015-01-24,Under Armour Men's Compression EV SL Slide,2
2015-01-24,Under Armour Men's Tech II T-Shirt,4
2015-01-24,Under Armour Women's Ignite Slide,3
2015-01-24,adidas Men's F10 Messi TRX FG Soccer Cleat,5
2015-01-24,adidas Men's Germany Black Crest Away Tee,1
2015-01-25,Bridgestone e6 Straight Distance NFL Carolina,5
2015-01-25,Diamondback Women's Serene Classic Comfort Bi,5
2015-01-25,ENO Atlas Hammock Straps,6
2015-01-25,Field & Stream Sportsman 16 Gun Fire Safe,15
2015-01-25,Hirzl Women's Soffft Flex Golf Glove,5
2015-01-25,Nike Men's CJ Elite 2 TD Football Cleat,7
2015-01-25,Nike Men's Dri-FIT Victory Golf Polo,31
2015-01-25,Nike Men's Free 5.0+ Running Shoe,27
2015-01-25,O'Brien Men's Neoprene Life Vest,40
2015-01-25,Pelican Sunstream 100 Kayak,8
2015-01-25,Perfect Fitness Perfect Rip Deck,52
2015-01-25,Team Golf San Francisco Giants Putter Grip,5
2015-01-25,Team Golf St. Louis Cardinals Putter Grip,2
2015-01-25,Titleist Pro V1x High Numbers Personalized Go,4
2015-01-25,Under Armour Girls' Toddler Spine Surge Runni,16
2015-01-25,Under Armour Hustle Storm Medium Duffle Bag,3
2015-01-25,Under Armour Women's Ignite Slide,1
2015-01-25,Under Armour Women's Micro G Skulpt Running S,1
2015-01-25,adidas Kids' F5 Messi FG Soccer Cleat,3
2015-01-25,adidas Youth Germany Black/Red Away Match Soc,5
2015-01-26,Clicgear 8.0 Shoe Brush,5
2015-01-26,Diamondback Women's Serene Classic Comfort Bi,4
2015-01-26,ENO Atlas Hammock Straps,4
2015-01-26,Field & Stream Sportsman 16 Gun Fire Safe,3
2015-01-26,Glove It Imperial Golf Towel,2
2015-01-26,Hirzl Women's Soffft Flex Golf Glove,4
2015-01-26,Nike Men's CJ Elite 2 TD Football Cleat,6
2015-01-26,Nike Men's Comfort 2 Slide,1
2015-01-26,Nike Men's Dri-FIT Victory Golf Polo,16
2015-01-26,Nike Men's Free 5.0+ Running Shoe,23
2015-01-26,O'Brien Men's Neoprene Life Vest,34
2015-01-26,Pelican Sunstream 100 Kayak,4
2015-01-26,Perfect Fitness Perfect Rip Deck,50
2015-01-26,Team Golf San Francisco Giants Putter Grip,2
2015-01-26,Titleist Pro V1x Golf Balls,4
2015-01-26,Titleist Pro V1x High Numbers Personalized Go,1
2015-01-26,Under Armour Girls' Toddler Spine Surge Runni,15
2015-01-26,Under Armour Hustle Storm Medium Duffle Bag,3
2015-01-26,Under Armour Men's Tech II T-Shirt,1
2015-01-26,Under Armour Women's Micro G Skulpt Running S,5
2015-01-27,Bridgestone e6 Straight Distance NFL San Dieg,3
2015-01-27,Clicgear 8.0 Shoe Brush,9
2015-01-27,Diamondback Women's Serene Classic Comfort Bi,8
2015-01-27,Field & Stream Sportsman 16 Gun Fire Safe,11
2015-01-27,Hirzl Women's Hybrid Golf Glove,2
2015-01-27,Nike Men's CJ Elite 2 TD Football Cleat,7
2015-01-27,Nike Men's Comfort 2 Slide,3
2015-01-27,Nike Men's Dri-FIT Victory Golf Polo,28
2015-01-27,Nike Men's Free 5.0+ Running Shoe,11
2015-01-27,O'Brien Men's Neoprene Life Vest,31
2015-01-27,Pelican Sunstream 100 Kayak,8
2015-01-27,Perfect Fitness Perfect Rip Deck,43
2015-01-27,Team Golf San Francisco Giants Putter Grip,3
2015-01-27,Team Golf St. Louis Cardinals Putter Grip,2
2015-01-27,Under Armour Girls' Toddler Spine Surge Runni,12
2015-01-27,adidas Men's F10 Messi TRX FG Soccer Cleat,3
2015-01-28,Diamondback Women's Serene Classic Comfort Bi,7
2015-01-28,Field & Stream Sportsman 16 Gun Fire Safe,3
2015-01-28,Glove It Women's Imperial Golf Glove,2
2015-01-28,Nike Men's CJ Elite 2 TD Football Cleat,10
2015-01-28,Nike Men's Dri-FIT Victory Golf Polo,36
2015-01-28,Nike Men's Free 5.0+ Running Shoe,20
2015-01-28,O'Brien Men's Neoprene Life Vest,20
2015-01-28,Pelican Sunstream 100 Kayak,7
2015-01-28,Perfect Fitness Perfect Rip Deck,39
2015-01-28,Under Armour Girls' Toddler Spine Surge Runni,17
2015-01-29,Clicgear 8.0 Shoe Brush,1
2015-01-29,Diamondback Women's Serene Classic Comfort Bi,5
2015-01-29,Field & Stream Sportsman 16 Gun Fire Safe,7
2015-01-29,Glove It Imperial Golf Towel,2
2015-01-29,Glove It Women's Mod Oval 3-Zip Carry All Gol,4
2015-01-29,Hirzl Women's Soffft Flex Golf Glove,1
2015-01-29,Nike Men's CJ Elite 2 TD Football Cleat,6
2015-01-29,Nike Men's Dri-FIT Victory Golf Polo,25
2015-01-29,Nike Men's Free 5.0+ Running Shoe,14
2015-01-29,O'Brien Men's Neoprene Life Vest,32
2015-01-29,Pelican Sunstream 100 Kayak,14
2015-01-29,Perfect Fitness Perfect Rip Deck,13
2015-01-29,Titleist Pro V1 High Numbers Personalized Gol,4
2015-01-29,Titleist Pro V1x High Numbers Golf Balls,2
2015-01-29,Top Flite Women's 2014 XL Hybrid,2
2015-01-29,Under Armour Girls' Toddler Spine Surge Runni,10
2015-01-30,Clicgear 8.0 Shoe Brush,1
2015-01-30,Diamondback Women's Serene Classic Comfort Bi,4
2015-01-30,Field & Stream Sportsman 16 Gun Fire Safe,8
2015-01-30,Glove It Urban Brick Golf Towel,1
2015-01-30,Nike Dri-FIT Crew Sock 6 Pack,3
2015-01-30,Nike Men's CJ Elite 2 TD Football Cleat,13
2015-01-30,Nike Men's Dri-FIT Victory Golf Polo,39
2015-01-30,Nike Men's Free 5.0+ Running Shoe,16
2015-01-30,Nike Women's Legend V-Neck T-Shirt,5
2015-01-30,O'Brien Men's Neoprene Life Vest,38
2015-01-30,Pelican Sunstream 100 Kayak,6
2015-01-30,Perfect Fitness Perfect Rip Deck,17
2015-01-30,Team Golf San Francisco Giants Putter Grip,3
2015-01-30,Under Armour Girls' Toddler Spine Surge Runni,7
2015-01-30,Under Armour Women's Micro G Skulpt Running S,4
2015-01-31,Bridgestone e6 Straight Distance NFL San Dieg,5
2015-01-31,Columbia Men's PFG Anchor Tough T-Shirt,4
2015-01-31,Diamondback Women's Serene Classic Comfort Bi,9
2015-01-31,Field & Stream Sportsman 16 Gun Fire Safe,4
2015-01-31,Glove It Imperial Golf Towel,1
2015-01-31,Glove It Women's Imperial Golf Glove,3
2015-01-31,Glove It Women's Mod Oval Golf Glove,5
2015-01-31,Nike Men's CJ Elite 2 TD Football Cleat,14
2015-01-31,Nike Men's Dri-FIT Victory Golf Polo,29
2015-01-31,Nike Men's Free 5.0+ Running Shoe,23
2015-01-31,O'Brien Men's Neoprene Life Vest,16
2015-01-31,Pelican Sunstream 100 Kayak,7
2015-01-31,Perfect Fitness Perfect Rip Deck,29
2015-01-31,Team Golf St. Louis Cardinals Putter Grip,6
2015-01-31,Team Golf Texas Longhorns Putter Grip,3
2015-01-31,Titleist Pro V1x High Numbers Golf Balls,5
2015-01-31,Titleist Pro V1x High Numbers Personalized Go,7
2015-01-31,Under Armour Girls' Toddler Spine Surge Runni,22
2015-01-31,adidas Youth Germany Black/Red Away Match Soc,3
2015-02-01,Clicgear 8.0 Shoe Brush,5
2015-02-01,Diamondback Women's Serene Classic Comfort Bi,6
2015-02-01,ENO Atlas Hammock Straps,2
2015-02-01,Field & Stream Sportsman 16 Gun Fire Safe,5
2015-02-01,Glove It Women's Imperial Golf Glove,4
2015-02-01,Glove It Women's Mod Oval Golf Glove,3
2015-02-01,Hirzl Women's Hybrid Golf Glove,2
2015-02-01,LIJA Women's Eyelet Sleeveless Golf Polo,3
2015-02-01,Nike Men's CJ Elite 2 TD Football Cleat,5
2015-02-01,Nike Men's Comfort 2 Slide,1
2015-02-01,Nike Men's Deutschland Weltmeister Winners Bl,2
2015-02-01,Nike Men's Dri-FIT Victory Golf Polo,41
2015-02-01,Nike Men's Free 5.0+ Running Shoe,3
2015-02-01,O'Brien Men's Neoprene Life Vest,8
2015-02-01,Pelican Sunstream 100 Kayak,11
2015-02-01,Perfect Fitness Perfect Rip Deck,43
2015-02-01,Team Golf Pittsburgh Steelers Putter Grip,4
2015-02-01,Titleist Pro V1x Golf Balls,5
2015-02-01,Under Armour Girls' Toddler Spine Surge Runni,10
2015-02-01,Under Armour Kids' Mercenary Slide,5
2015-02-01,Under Armour Men's Compression EV SL Slide,4
2015-02-01,Under Armour Women's Ignite PIP VI Slide,1
2015-02-01,Under Armour Women's Ignite Slide,3
2015-02-01,adidas Men's F10 Messi TRX FG Soccer Cleat,5
2015-02-01,adidas Youth Germany Black/Red Away Match Soc,4
2015-02-02,Clicgear 8.0 Shoe Brush,5
2015-02-02,Diamondback Women's Serene Classic Comfort Bi,6
2015-02-02,Field & Stream Sportsman 16 Gun Fire Safe,9
2015-02-02,Glove It Women's Mod Oval 3-Zip Carry All Gol,5
2015-02-02,Nike Men's CJ Elite 2 TD Football Cleat,17
2015-02-02,Nike Men's Dri-FIT Victory Golf Polo,18
2015-02-02,Nike Men's Free 5.0+ Running Shoe,6
2015-02-02,O'Brien Men's Neoprene Life Vest,22
2015-02-02,Pelican Sunstream 100 Kayak,9
2015-02-02,Perfect Fitness Perfect Rip Deck,33
2015-02-02,Under Armour Girls' Toddler Spine Surge Runni,19
2015-02-03,Clicgear Rovic Cooler Bag,5
2015-02-03,Diamondback Women's Serene Classic Comfort Bi,2
2015-02-03,Field & Stream Sportsman 16 Gun Fire Safe,4
2015-02-03,Glove It Women's Imperial Golf Glove,2
2015-02-03,Nike Men's CJ Elite 2 TD Football Cleat,13
2015-02-03,Nike Men's Dri-FIT Victory Golf Polo,20
2015-02-03,Nike Men's Free 5.0+ Running Shoe,18
2015-02-03,O'Brien Men's Neoprene Life Vest,39
2015-02-03,Pelican Sunstream 100 Kayak,4
2015-02-03,Perfect Fitness Perfect Rip Deck,21
2015-02-03,Titleist Pro V1x High Numbers Personalized Go,3
2015-02-03,Under Armour Girls' Toddler Spine Surge Runni,19
2015-02-04,Bridgestone e6 Straight Distance NFL Carolina,3
2015-02-04,Bridgestone e6 Straight Distance NFL San Dieg,1
2015-02-04,Diamondback Women's Serene Classic Comfort Bi,10
2015-02-04,ENO Atlas Hammock Straps,1
2015-02-04,Field & Stream Sportsman 16 Gun Fire Safe,10
2015-02-04,Glove It Urban Brick Golf Towel,1
2015-02-04,Hirzl Women's Soffft Flex Golf Glove,1
2015-02-04,Nike Men's CJ Elite 2 TD Football Cleat,16
2015-02-04,Nike Men's Dri-FIT Victory Golf Polo,21
2015-02-04,Nike Men's Free 5.0+ Running Shoe,17
2015-02-04,O'Brien Men's Neoprene Life Vest,35
2015-02-04,Pelican Sunstream 100 Kayak,6
2015-02-04,Perfect Fitness Perfect Rip Deck,39
2015-02-04,TYR Boys' Team Digi Jammer,2
2015-02-04,Team Golf Pittsburgh Steelers Putter Grip,2
2015-02-04,Titleist Pro V1 High Numbers Personalized Gol,1
2015-02-04,Under Armour Girls' Toddler Spine Surge Runni,24
2015-02-04,Under Armour Hustle Storm Medium Duffle Bag,2
2015-02-04,Under Armour Women's Micro G Skulpt Running S,2
2015-02-05,Diamondback Women's Serene Classic Comfort Bi,6
2015-02-05,Field & Stream Sportsman 16 Gun Fire Safe,4
2015-02-05,Nike Dri-FIT Crew Sock 6 Pack,4
2015-02-05,Nike Men's CJ Elite 2 TD Football Cleat,14
2015-02-05,Nike Men's Dri-FIT Victory Golf Polo,16
2015-02-05,Nike Men's Free 5.0+ Running Shoe,11
2015-02-05,O'Brien Men's Neoprene Life Vest,36
2015-02-05,Pelican Sunstream 100 Kayak,5
2015-02-05,Perfect Fitness Perfect Rip Deck,28
2015-02-05,Titleist Pro V1 High Numbers Personalized Gol,3
2015-02-05,Titleist Pro V1x High Numbers Personalized Go,5
2015-02-05,Under Armour Girls' Toddler Spine Surge Runni,23
2015-02-05,Under Armour Kids' Mercenary Slide,5
2015-02-06,Diamondback Women's Serene Classic Comfort Bi,6
2015-02-06,ENO Atlas Hammock Straps,5
2015-02-06,Field & Stream Sportsman 16 Gun Fire Safe,8
2015-02-06,Glove It Women's Imperial Golf Glove,1
2015-02-06,Glove It Women's Mod Oval Golf Glove,1
2015-02-06,LIJA Women's Eyelet Sleeveless Golf Polo,2
2015-02-06,Nike Men's CJ Elite 2 TD Football Cleat,9
2015-02-06,Nike Men's Dri-FIT Victory Golf Polo,34
2015-02-06,Nike Men's Free 5.0+ Running Shoe,14
2015-02-06,O'Brien Men's Neoprene Life Vest,12
2015-02-06,Pelican Sunstream 100 Kayak,7
2015-02-06,Perfect Fitness Perfect Rip Deck,17
2015-02-06,Team Golf St. Louis Cardinals Putter Grip,1
2015-02-06,Titleist Pro V1 High Numbers Personalized Gol,2
2015-02-06,Titleist Pro V1x High Numbers Personalized Go,4
2015-02-06,Under Armour Girls' Toddler Spine Surge Runni,25
2015-02-06,Under Armour Women's Ignite PIP VI Slide,1
2015-02-07,Bridgestone e6 Straight Distance NFL Carolina,2
2015-02-07,Bridgestone e6 Straight Distance NFL Tennesse,3
2015-02-07,Clicgear 8.0 Shoe Brush,5
2015-02-07,Diamondback Women's Serene Classic Comfort Bi,4
2015-02-07,Field & Stream Sportsman 16 Gun Fire Safe,10
2015-02-07,Hirzl Men's Hybrid Golf Glove,2
2015-02-07,Hirzl Women's Soffft Flex Golf Glove,1
2015-02-07,Nike Men's CJ Elite 2 TD Football Cleat,20
2015-02-07,Nike Men's Comfort 2 Slide,4
2015-02-07,Nike Men's Dri-FIT Victory Golf Polo,43
2015-02-07,Nike Men's Free 5.0+ Running Shoe,15
2015-02-07,O'Brien Men's Neoprene Life Vest,23
2015-02-07,Pelican Sunstream 100 Kayak,7
2015-02-07,Perfect Fitness Perfect Rip Deck,45
2015-02-07,Top Flite Women's 2014 XL Hybrid,3
2015-02-07,Under Armour Girls' Toddler Spine Surge Runni,16
2015-02-07,adidas Kids' F5 Messi FG Soccer Cleat,3
2015-02-07,adidas Men's F10 Messi TRX FG Soccer Cleat,2
2015-02-07,adidas Youth Germany Black/Red Away Match Soc,1
2015-02-08,Diamondback Women's Serene Classic Comfort Bi,5
2015-02-08,Field & Stream Sportsman 16 Gun Fire Safe,4
2015-02-08,Glove It Urban Brick Golf Towel,3
2015-02-08,Glove It Women's Mod Oval 3-Zip Carry All Gol,2
2015-02-08,Hirzl Women's Hybrid Golf Glove,1
2015-02-08,Nike Dri-FIT Crew Sock 6 Pack,3
2015-02-08,Nike Men's CJ Elite 2 TD Football Cleat,11
2015-02-08,Nike Men's Dri-FIT Victory Golf Polo,25
2015-02-08,Nike Men's Free 5.0+ Running Shoe,11
2015-02-08,O'Brien Men's Neoprene Life Vest,11
2015-02-08,Pelican Sunstream 100 Kayak,10
2015-02-08,Perfect Fitness Perfect Rip Deck,28
2015-02-08,Titleist Pro V1x Golf Balls,2
2015-02-08,Titleist Pro V1x High Numbers Personalized Go,7
2015-02-08,Top Flite Women's 2014 XL Hybrid,3
2015-02-08,Under Armour Girls' Toddler Spine Surge Runni,13
2015-02-08,Under Armour Hustle Storm Medium Duffle Bag,2
2015-02-08,Under Armour Men's Tech II T-Shirt,3
2015-02-08,adidas Men's Germany Black Crest Away Tee,5
2015-02-08,adidas Youth Germany Black/Red Away Match Soc,2
2015-02-09,Bag Boy Beverage Holder,5
2015-02-09,Diamondback Women's Serene Classic Comfort Bi,8
2015-02-09,Field & Stream Sportsman 16 Gun Fire Safe,8
2015-02-09,Glove It Women's Mod Oval 3-Zip Carry All Gol,1
2015-02-09,LIJA Women's Eyelet Sleeveless Golf Polo,4
2015-02-09,Nike Dri-FIT Crew Sock 6 Pack,1
2015-02-09,Nike Men's CJ Elite 2 TD Football Cleat,6
2015-02-09,Nike Men's Dri-FIT Victory Golf Polo,13
2015-02-09,Nike Men's Free 5.0+ Running Shoe,11
2015-02-09,Nike Women's Tempo Shorts,4
2015-02-09,O'Brien Men's Neoprene Life Vest,27
2015-02-09,Pelican Sunstream 100 Kayak,9
2015-02-09,Perfect Fitness Perfect Rip Deck,44
2015-02-09,Top Flite Women's 2014 XL Hybrid,4
2015-02-09,Under Armour Girls' Toddler Spine Surge Runni,12
2015-02-09,Under Armour Women's Ignite PIP VI Slide,1
2015-02-09,adidas Youth Germany Black/Red Away Match Soc,3
2015-02-10,Clicgear Rovic Cooler Bag,1
2015-02-10,Diamondback Women's Serene Classic Comfort Bi,8
2015-02-10,Field & Stream Sportsman 16 Gun Fire Safe,10
2015-02-10,Glove It Women's Imperial Golf Glove,4
2015-02-10,Nike Dri-FIT Crew Sock 6 Pack,4
2015-02-10,Nike Men's CJ Elite 2 TD Football Cleat,11
2015-02-10,Nike Men's Dri-FIT Victory Golf Polo,33
2015-02-10,Nike Men's Free 5.0+ Running Shoe,10
2015-02-10,O'Brien Men's Neoprene Life Vest,6
2015-02-10,Pelican Sunstream 100 Kayak,6
2015-02-10,Perfect Fitness Perfect Rip Deck,35
2015-02-10,TYR Boys' Team Digi Jammer,2
2015-02-10,Team Golf Texas Longhorns Putter Grip,1
2015-02-10,Top Flite Women's 2014 XL Hybrid,3
2015-02-10,Under Armour Girls' Toddler Spine Surge Runni,6
2015-02-10,Under Armour Hustle Storm Medium Duffle Bag,1
2015-02-10,adidas Youth Germany Black/Red Away Match Soc,1
2015-02-11,Diamondback Women's Serene Classic Comfort Bi,4
2015-02-11,ENO Atlas Hammock Straps,5
2015-02-11,Field & Stream Sportsman 16 Gun Fire Safe,5
2015-02-11,Hirzl Women's Hybrid Golf Glove,5
2015-02-11,Nike Men's CJ Elite 2 TD Football Cleat,7
2015-02-11,Nike Men's Dri-FIT Victory Golf Polo,13
2015-02-11,Nike Men's Free 5.0+ Running Shoe,21
2015-02-11,O'Brien Men's Neoprene Life Vest,8
2015-02-11,Pelican Sunstream 100 Kayak,3
2015-02-11,Perfect Fitness Perfect Rip Deck,15
2015-02-11,TYR Boys' Team Digi Jammer,4
2015-02-11,Team Golf San Francisco Giants Putter Grip,2
2015-02-11,Under Armour Girls' Toddler Spine Surge Runni,20
2015-02-12,Diamondback Women's Serene Classic Comfort Bi,6
2015-02-12,Field & Stream Sportsman 16 Gun Fire Safe,2
2015-02-12,Glove It Imperial Golf Towel,2
2015-02-12,Glove It Women's Imperial Golf Glove,4
2015-02-12,Hirzl Women's Hybrid Golf Glove,5
2015-02-12,LIJA Women's Eyelet Sleeveless Golf Polo,2
2015-02-12,Nike Men's CJ Elite 2 TD Football Cleat,4
2015-02-12,Nike Men's Dri-FIT Victory Golf Polo,17
2015-02-12,Nike Men's Free 5.0+ Running Shoe,2
2015-02-12,O'Brien Men's Neoprene Life Vest,18
2015-02-12,Pelican Sunstream 100 Kayak,6
2015-02-12,Perfect Fitness Perfect Rip Deck,12
2015-02-12,Team Golf Texas Longhorns Putter Grip,5
2015-02-12,Under Armour Girls' Toddler Spine Surge Runni,10
2015-02-13,Diamondback Women's Serene Classic Comfort Bi,5
2015-02-13,Field & Stream Sportsman 16 Gun Fire Safe,10
2015-02-13,Nike Dri-FIT Crew Sock 6 Pack,4
2015-02-13,Nike Men's CJ Elite 2 TD Football Cleat,3
2015-02-13,Nike Men's Deutschland Weltmeister Winners Bl,4
2015-02-13,Nike Men's Dri-FIT Victory Golf Polo,33
2015-02-13,Nike Men's Free 5.0+ Running Shoe,19
2015-02-13,O'Brien Men's Neoprene Life Vest,22
2015-02-13,Pelican Sunstream 100 Kayak,6
2015-02-13,Perfect Fitness Perfect Rip Deck,20
2015-02-13,Under Armour Girls' Toddler Spine Surge Runni,18
2015-02-13,adidas Kids' F5 Messi FG Soccer Cleat,3
2015-02-14,Clicgear Rovic Cooler Bag,1
2015-02-14,Diamondback Women's Serene Classic Comfort Bi,6
2015-02-14,Field & Stream Sportsman 16 Gun Fire Safe,9
2015-02-14,Glove It Women's Imperial Golf Glove,3
2015-02-14,LIJA Women's Eyelet Sleeveless Golf Polo,3
2015-02-14,Nike Dri-FIT Crew Sock 6 Pack,2
2015-02-14,Nike Men's CJ Elite 2 TD Football Cleat,14
2015-02-14,Nike Men's Deutschland Weltmeister Winners Bl,5
2015-02-14,Nike Men's Dri-FIT Victory Golf Polo,19
2015-02-14,Nike Men's Free 5.0+ Running Shoe,15
2015-02-14,O'Brien Men's Neoprene Life Vest,29
2015-02-14,Pelican Sunstream 100 Kayak,7
2015-02-14,Perfect Fitness Perfect Rip Deck,34
2015-02-14,Titleist Pro V1x Golf Balls,4
2015-02-14,Under Armour Girls' Toddler Spine Surge Runni,13
2015-02-14,Under Armour Women's Ignite PIP VI Slide,3
2015-02-15,Diamondback Women's Serene Classic Comfort Bi,3
2015-02-15,Field & Stream Sportsman 16 Gun Fire Safe,7
2015-02-15,Glove It Imperial Golf Towel,2
2015-02-15,Nike Men's CJ Elite 2 TD Football Cleat,4
2015-02-15,Nike Men's Dri-FIT Victory Golf Polo,21
2015-02-15,Nike Men's Free 5.0+ Running Shoe,11
2015-02-15,O'Brien Men's Neoprene Life Vest,17
2015-02-15,Pelican Sunstream 100 Kayak,4
2015-02-15,Perfect Fitness Perfect Rip Deck,32
2015-02-15,Titleist Pro V1x High Numbers Golf Balls,4
2015-02-15,Under Armour Girls' Toddler Spine Surge Runni,20
2015-02-16,Diamondback Women's Serene Classic Comfort Bi,5
2015-02-16,Field & Stream Sportsman 16 Gun Fire Safe,10
2015-02-16,Hirzl Women's Soffft Flex Golf Glove,3
2015-02-16,Nike Men's CJ Elite 2 TD Football Cleat,8
2015-02-16,Nike Men's Deutschland Weltmeister Winners Bl,1
2015-02-16,Nike Men's Dri-FIT Victory Golf Polo,35
2015-02-16,Nike Men's Free 5.0+ Running Shoe,13
2015-02-16,Nike Women's Tempo Shorts,3
2015-02-16,O'Brien Men's Neoprene Life Vest,49
2015-02-16,Pelican Sunstream 100 Kayak,4
2015-02-16,Perfect Fitness Perfect Rip Deck,20
2015-02-16,Team Golf Pittsburgh Steelers Putter Grip,5
2015-02-16,Team Golf St. Louis Cardinals Putter Grip,1
2015-02-16,Team Golf Texas Longhorns Putter Grip,2
2015-02-16,Titleist Pro V1x High Numbers Golf Balls,1
2015-02-16,Top Flite Women's 2014 XL Hybrid,1
2015-02-16,Under Armour Girls' Toddler Spine Surge Runni,17
2015-02-16,Under Armour Hustle Storm Medium Duffle Bag,1
2015-02-17,Diamondback Women's Serene Classic Comfort Bi,7
2015-02-17,ENO Atlas Hammock Straps,2
2015-02-17,Field & Stream Sportsman 16 Gun Fire Safe,6
2015-02-17,Nike Dri-FIT Crew Sock 6 Pack,3
2015-02-17,Nike Men's CJ Elite 2 TD Football Cleat,11
2015-02-17,Nike Men's Dri-FIT Victory Golf Polo,36
2015-02-17,Nike Men's Free 5.0+ Running Shoe,22
2015-02-17,Nike Women's Tempo Shorts,1
2015-02-17,O'Brien Men's Neoprene Life Vest,22
2015-02-17,Pelican Sunstream 100 Kayak,7
2015-02-17,Perfect Fitness Perfect Rip Deck,25
2015-02-17,Team Golf Tennessee Volunteers Putter Grip,3
2015-02-17,Under Armour Girls' Toddler Spine Surge Runni,36
2015-02-17,Under Armour Women's Ignite Slide,1
2015-02-18,Bridgestone e6 Straight Distance NFL San Dieg,3
2015-02-18,Diamondback Women's Serene Classic Comfort Bi,4
2015-02-18,ENO Atlas Hammock Straps,1
2015-02-18,Field & Stream Sportsman 16 Gun Fire Safe,7
2015-02-18,LIJA Women's Eyelet Sleeveless Golf Polo,5
2015-02-18,Nike Men's CJ Elite 2 TD Football Cleat,6
2015-02-18,Nike Men's Dri-FIT Victory Golf Polo,46
2015-02-18,Nike Men's Free 5.0+ Running Shoe,28
2015-02-18,O'Brien Men's Neoprene Life Vest,9
2015-02-18,Pelican Sunstream 100 Kayak,4
2015-02-18,Perfect Fitness Perfect Rip Deck,46
2015-02-18,Team Golf New England Patriots Putter Grip,2
2015-02-18,Titleist Pro V1x High Numbers Personalized Go,5
2015-02-18,Top Flite Women's 2014 XL Hybrid,2
2015-02-18,Under Armour Girls' Toddler Spine Surge Runni,13
2015-02-18,Under Armour Hustle Storm Medium Duffle Bag,4
2015-02-19,Diamondback Women's Serene Classic Comfort Bi,9
2015-02-19,Field & Stream Sportsman 16 Gun Fire Safe,3
2015-02-19,Hirzl Men's Hybrid Golf Glove,1
2015-02-19,Nike Dri-FIT Crew Sock 6 Pack,5
2015-02-19,Nike Men's CJ Elite 2 TD Football Cleat,12
2015-02-19,Nike Men's Dri-FIT Victory Golf Polo,41
2015-02-19,Nike Men's Free 5.0+ Running Shoe,18
2015-02-19,O'Brien Men's Neoprene Life Vest,42
2015-02-19,Pelican Sunstream 100 Kayak,8
2015-02-19,Perfect Fitness Perfect Rip Deck,50
2015-02-19,Titleist Pro V1 High Numbers Personalized Gol,3
2015-02-19,Under Armour Girls' Toddler Spine Surge Runni,20
2015-02-19,Under Armour Men's Tech II T-Shirt,3
2015-02-19,Under Armour Women's Ignite PIP VI Slide,5
2015-02-20,Diamondback Women's Serene Classic Comfort Bi,13
2015-02-20,Field & Stream Sportsman 16 Gun Fire Safe,7
2015-02-20,Glove It Imperial Golf Towel,3
2015-02-20,Hirzl Women's Hybrid Golf Glove,2
2015-02-20,Nike Men's CJ Elite 2 TD Football Cleat,12
2015-02-20,Nike Men's Dri-FIT Victory Golf Polo,26
2015-02-20,Nike Men's Free 5.0+ Running Shoe,19
2015-02-20,O'Brien Men's Neoprene Life Vest,23
2015-02-20,Pelican Sunstream 100 Kayak,7
2015-02-20,Perfect Fitness Perfect Rip Deck,14
2015-02-20,TYR Boys' Team Digi Jammer,3
2015-02-20,Titleist Pro V1x High Numbers Personalized Go,3
2015-02-20,Under Armour Girls' Toddler Spine Surge Runni,7
2015-02-20,adidas Kids' F5 Messi FG Soccer Cleat,1
2015-02-20,adidas Men's Germany Black Crest Away Tee,4
2015-02-20,adidas Youth Germany Black/Red Away Match Soc,6
2015-02-21,Diamondback Women's Serene Classic Comfort Bi,8
2015-02-21,Field & Stream Sportsman 16 Gun Fire Safe,9
2015-02-21,Hirzl Men's Hybrid Golf Glove,4
2015-02-21,Nike Men's CJ Elite 2 TD Football Cleat,7
2015-02-21,Nike Men's Dri-FIT Victory Golf Polo,24
2015-02-21,Nike Men's Free 5.0+ Running Shoe,27
2015-02-21,O'Brien Men's Neoprene Life Vest,25
2015-02-21,Pelican Sunstream 100 Kayak,4
2015-02-21,Perfect Fitness Perfect Rip Deck,40
2015-02-21,Team Golf San Francisco Giants Putter Grip,4
2015-02-21,Titleist Pro V1x Golf Balls,2
2015-02-21,Under Armour Girls' Toddler Spine Surge Runni,14
2015-02-21,Under Armour Women's Ignite PIP VI Slide,2
2015-02-22,Bridgestone e6 Straight Distance NFL Carolina,1
2015-02-22,Diamondback Women's Serene Classic Comfort Bi,4
2015-02-22,ENO Atlas Hammock Straps,4
2015-02-22,Field & Stream Sportsman 16 Gun Fire Safe,6
2015-02-22,Glove It Women's Mod Oval 3-Zip Carry All Gol,4
2015-02-22,Hirzl Men's Hybrid Golf Glove,1
2015-02-22,Nike Men's CJ Elite 2 TD Football Cleat,10
2015-02-22,Nike Men's Dri-FIT Victory Golf Polo,24
2015-02-22,Nike Men's Free 5.0+ Running Shoe,13
2015-02-22,O'Brien Men's Neoprene Life Vest,18
2015-02-22,Pelican Sunstream 100 Kayak,9
2015-02-22,Perfect Fitness Perfect Rip Deck,36
2015-02-22,TYR Boys' Team Digi Jammer,6
2015-02-22,Titleist Pro V1 High Numbers Personalized Gol,3
2015-02-22,Titleist Pro V1x High Numbers Personalized Go,4
2015-02-22,Under Armour Girls' Toddler Spine Surge Runni,14
2015-02-22,Under Armour Women's Ignite PIP VI Slide,1
2015-02-22,adidas Men's Germany Black Crest Away Tee,2
2015-02-22,adidas Youth Germany Black/Red Away Match Soc,4
2015-02-23,Diamondback Women's Serene Classic Comfort Bi,9
2015-02-23,Field & Stream Sportsman 16 Gun Fire Safe,9
2015-02-23,Glove It Imperial Golf Towel,1
2015-02-23,Glove It Women's Imperial Golf Glove,4
2015-02-23,LIJA Women's Eyelet Sleeveless Golf Polo,6
2015-02-23,Nike Men's CJ Elite 2 TD Football Cleat,7
2015-02-23,Nike Men's Dri-FIT Victory Golf Polo,27
2015-02-23,Nike Men's Free 5.0+ Running Shoe,5
2015-02-23,O'Brien Men's Neoprene Life Vest,14
2015-02-23,Pelican Sunstream 100 Kayak,12
2015-02-23,Perfect Fitness Perfect Rip Deck,28
2015-02-23,Team Golf San Francisco Giants Putter Grip,3
2015-02-23,Under Armour Girls' Toddler Spine Surge Runni,6
2015-02-23,Under Armour Men's Compression EV SL Slide,2
2015-02-24,Diamondback Women's Serene Classic Comfort Bi,4
2015-02-24,Field & Stream Sportsman 16 Gun Fire Safe,11
2015-02-24,Hirzl Women's Soffft Flex Golf Glove,1
2015-02-24,Nike Men's CJ Elite 2 TD Football Cleat,8
2015-02-24,Nike Men's Dri-FIT Victory Golf Polo,28
2015-02-24,Nike Men's Free 5.0+ Running Shoe,4
2015-02-24,O'Brien Men's Neoprene Life Vest,27
2015-02-24,Pelican Sunstream 100 Kayak,8
2015-02-24,Perfect Fitness Perfect Rip Deck,43
2015-02-24,Under Armour Girls' Toddler Spine Surge Runni,13
2015-02-24,Under Armour Women's Ignite PIP VI Slide,5
2015-02-25,Diamondback Women's Serene Classic Comfort Bi,5
2015-02-25,Field & Stream Sportsman 16 Gun Fire Safe,7
2015-02-25,Hirzl Men's Hybrid Golf Glove,1
2015-02-25,Nike Men's CJ Elite 2 TD Football Cleat,8
2015-02-25,Nike Men's Dri-FIT Victory Golf Polo,25
2015-02-25,Nike Men's Free 5.0+ Running Shoe,12
2015-02-25,O'Brien Men's Neoprene Life Vest,15
2015-02-25,Pelican Sunstream 100 Kayak,5
2015-02-25,Perfect Fitness Perfect Rip Deck,44
2015-02-25,Team Golf Pittsburgh Steelers Putter Grip,4
2015-02-25,Team Golf Texas Longhorns Putter Grip,2
2015-02-25,Titleist Pro V1x Golf Balls,1
2015-02-25,Under Armour Girls' Toddler Spine Surge Runni,23
2015-02-25,Under Armour Kids' Mercenary Slide,4
2015-02-25,adidas Men's Germany Black Crest Away Tee,3
2015-02-26,Bridgestone e6 Straight Distance NFL San Dieg,4
2015-02-26,Diamondback Women's Serene Classic Comfort Bi,6
2015-02-26,Field & Stream Sportsman 16 Gun Fire Safe,6
2015-02-26,Glove It Women's Imperial Golf Glove,5
2015-02-26,Glove It Women's Mod Oval 3-Zip Carry All Gol,7
2015-02-26,Hirzl Women's Soffft Flex Golf Glove,2
2015-02-26,Nike Dri-FIT Crew Sock 6 Pack,2
2015-02-26,Nike Men's CJ Elite 2 TD Football Cleat,12
2015-02-26,Nike Men's Dri-FIT Victory Golf Polo,17
2015-02-26,Nike Men's Free 5.0+ Running Shoe,21
2015-02-26,Nike Women's Tempo Shorts,5
2015-02-26,O'Brien Men's Neoprene Life Vest,28
2015-02-26,Pelican Sunstream 100 Kayak,6
2015-02-26,Perfect Fitness Perfect Rip Deck,24
2015-02-26,Team Golf San Francisco Giants Putter Grip,5
2015-02-26,Top Flite Women's 2014 XL Hybrid,5
2015-02-26,Under Armour Girls' Toddler Spine Surge Runni,13
2015-02-27,Columbia Men's PFG Anchor Tough T-Shirt,2
2015-02-27,Diamondback Women's Serene Classic Comfort Bi,9
2015-02-27,Field & Stream Sportsman 16 Gun Fire Safe,10
2015-02-27,Glove It Urban Brick Golf Towel,1
2015-02-27,Nike Men's CJ Elite 2 TD Football Cleat,14
2015-02-27,Nike Men's Dri-FIT Victory Golf Polo,16
2015-02-27,Nike Men's Free 5.0+ Running Shoe,21
2015-02-27,O'Brien Men's Neoprene Life Vest,15
2015-02-27,Pelican Sunstream 100 Kayak,4
2015-02-27,Perfect Fitness Perfect Rip Deck,49
2015-02-27,TYR Boys' Team Digi Jammer,5
2015-02-27,Team Golf Pittsburgh Steelers Putter Grip,4
2015-02-27,Team Golf St. Louis Cardinals Putter Grip,3
2015-02-27,Titleist Pro V1x High Numbers Golf Balls,5
2015-02-27,Under Armour Girls' Toddler Spine Surge Runni,16
2015-02-27,adidas Kids' F5 Messi FG Soccer Cleat,3
2015-02-28,Bridgestone e6 Straight Distance NFL Carolina,1
2015-02-28,Diamondback Women's Serene Classic Comfort Bi,4
2015-02-28,Field & Stream Sportsman 16 Gun Fire Safe,9
2015-02-28,Glove It Women's Mod Oval Golf Glove,3
2015-02-28,Nike Men's CJ Elite 2 TD Football Cleat,21
2015-02-28,Nike Men's Dri-FIT Victory Golf Polo,23
2015-02-28,Nike Men's Free 5.0+ Running Shoe,24
2015-02-28,O'Brien Men's Neoprene Life Vest,20
2015-02-28,Pelican Sunstream 100 Kayak,7
2015-02-28,Perfect Fitness Perfect Rip Deck,47
2015-02-28,Under Armour Girls' Toddler Spine Surge Runni,30
2015-02-28,adidas Men's F10 Messi TRX FG Soccer Cleat,1
2015-03-01,Bridgestone e6 Straight Distance NFL Carolina,2
2015-03-01,Diamondback Women's Serene Classic Comfort Bi,6
2015-03-01,ENO Atlas Hammock Straps,3
2015-03-01,Field & Stream Sportsman 16 Gun Fire Safe,11
2015-03-01,Glove It Women's Mod Oval Golf Glove,5
2015-03-01,Hirzl Women's Hybrid Golf Glove,2
2015-03-01,Hirzl Women's Soffft Flex Golf Glove,4
2015-03-01,Nike Men's CJ Elite 2 TD Football Cleat,13
2015-03-01,Nike Men's Dri-FIT Victory Golf Polo,23
2015-03-01,Nike Men's Free 5.0+ Running Shoe,13
2015-03-01,O'Brien Men's Neoprene Life Vest,23
2015-03-01,Pelican Sunstream 100 Kayak,7
2015-03-01,Perfect Fitness Perfect Rip Deck,46
2015-03-01,Team Golf Texas Longhorns Putter Grip,6
2015-03-01,Under Armour Girls' Toddler Spine Surge Runni,27
2015-03-01,Under Armour Hustle Storm Medium Duffle Bag,1
2015-03-01,Under Armour Kids' Mercenary Slide,4
2015-03-01,Under Armour Women's Ignite Slide,1
2015-03-02,Bag Boy Beverage Holder,4
2015-03-02,Clicgear 8.0 Shoe Brush,2
2015-03-02,Clicgear Rovic Cooler Bag,5
2015-03-02,Diamondback Women's Serene Classic Comfort Bi,8
2015-03-02,ENO Atlas Hammock Straps,2
2015-03-02,Field & Stream Sportsman 16 Gun Fire Safe,9
2015-03-02,Glove It Urban Brick Golf Towel,7
2015-03-02,Glove It Women's Mod Oval Golf Glove,2
2015-03-02,Hirzl Women's Soffft Flex Golf Glove,5
2015-03-02,Nike Men's CJ Elite 2 TD Football Cleat,10
2015-03-02,Nike Men's Dri-FIT Victory Golf Polo,38
2015-03-02,Nike Men's Free 5.0+ Running Shoe,12
2015-03-02,O'Brien Men's Neoprene Life Vest,24
2015-03-02,Pelican Sunstream 100 Kayak,3
2015-03-02,Perfect Fitness Perfect Rip Deck,32
2015-03-02,Team Golf Tennessee Volunteers Putter Grip,4
2015-03-02,Titleist Pro V1x High Numbers Golf Balls,5
2015-03-02,Under Armour Girls' Toddler Spine Surge Runni,15
2015-03-03,Bag Boy Beverage Holder,1
2015-03-03,Diamondback Women's Serene Classic Comfort Bi,4
2015-03-03,Field & Stream Sportsman 16 Gun Fire Safe,7
2015-03-03,Hirzl Women's Soffft Flex Golf Glove,5
2015-03-03,Nike Men's CJ Elite 2 TD Football Cleat,15
2015-03-03,Nike Men's Dri-FIT Victory Golf Polo,32
2015-03-03,Nike Men's Free 5.0+ Running Shoe,9
2015-03-03,Nike Women's Tempo Shorts,4
2015-03-03,O'Brien Men's Neoprene Life Vest,15
2015-03-03,Pelican Sunstream 100 Kayak,7
2015-03-03,Perfect Fitness Perfect Rip Deck,40
2015-03-03,TYR Boys' Team Digi Jammer,5
2015-03-03,Team Golf Pittsburgh Steelers Putter Grip,3
2015-03-03,Team Golf San Francisco Giants Putter Grip,3
2015-03-03,Team Golf Tennessee Volunteers Putter Grip,4
2015-03-03,Titleist Pro V1 High Numbers Personalized Gol,1
2015-03-03,Under Armour Girls' Toddler Spine Surge Runni,4
2015-03-03,Under Armour Kids' Mercenary Slide,4
2015-03-03,Under Armour Women's Ignite PIP VI Slide,5
2015-03-04,Clicgear 8.0 Shoe Brush,3
2015-03-04,Diamondback Women's Serene Classic Comfort Bi,11
2015-03-04,Field & Stream Sportsman 16 Gun Fire Safe,6
2015-03-04,LIJA Women's Eyelet Sleeveless Golf Polo,4
2015-03-04,Nike Men's CJ Elite 2 TD Football Cleat,8
2015-03-04,Nike Men's Comfort 2 Slide,5
2015-03-04,Nike Men's Dri-FIT Victory Golf Polo,29
2015-03-04,Nike Men's Free 5.0+ Running Shoe,22
2015-03-04,O'Brien Men's Neoprene Life Vest,26
2015-03-04,Pelican Sunstream 100 Kayak,5
2015-03-04,Perfect Fitness Perfect Rip Deck,45
2015-03-04,Team Golf St. Louis Cardinals Putter Grip,2
2015-03-04,Under Armour Girls' Toddler Spine Surge Runni,24
2015-03-04,Under Armour Women's Micro G Skulpt Running S,3
2015-03-04,adidas Kids' F5 Messi FG Soccer Cleat,3
2015-03-05,Clicgear Rovic Cooler Bag,2
2015-03-05,Columbia Men's PFG Anchor Tough T-Shirt,4
2015-03-05,Diamondback Women's Serene Classic Comfort Bi,1
2015-03-05,Field & Stream Sportsman 16 Gun Fire Safe,15
2015-03-05,Glove It Imperial Golf Towel,1
2015-03-05,Nike Men's CJ Elite 2 TD Football Cleat,8
2015-03-05,Nike Men's Dri-FIT Victory Golf Polo,7
2015-03-05,Nike Men's Free 5.0+ Running Shoe,23
2015-03-05,O'Brien Men's Neoprene Life Vest,23
2015-03-05,Pelican Sunstream 100 Kayak,3
2015-03-05,Perfect Fitness Perfect Rip Deck,38
2015-03-05,Titleist Pro V1x High Numbers Golf Balls,2
2015-03-05,Under Armour Girls' Toddler Spine Surge Runni,12
2015-03-05,Under Armour Men's Compression EV SL Slide,3
2015-03-05,adidas Men's Germany Black Crest Away Tee,5
2015-03-06,Bridgestone e6 Straight Distance NFL Carolina,2
2015-03-06,Diamondback Women's Serene Classic Comfort Bi,8
2015-03-06,ENO Atlas Hammock Straps,4
2015-03-06,Field & Stream Sportsman 16 Gun Fire Safe,9
2015-03-06,Glove It Women's Mod Oval 3-Zip Carry All Gol,2
2015-03-06,Hirzl Men's Hybrid Golf Glove,2
2015-03-06,Nike Men's CJ Elite 2 TD Football Cleat,10
2015-03-06,Nike Men's Dri-FIT Victory Golf Polo,36
2015-03-06,Nike Men's Free 5.0+ Running Shoe,15
2015-03-06,Nike Women's Tempo Shorts,2
2015-03-06,O'Brien Men's Neoprene Life Vest,35
2015-03-06,Pelican Sunstream 100 Kayak,8
2015-03-06,Perfect Fitness Perfect Rip Deck,23
2015-03-06,Team Golf Pittsburgh Steelers Putter Grip,1
2015-03-06,Titleist Pro V1x High Numbers Golf Balls,2
2015-03-06,Under Armour Girls' Toddler Spine Surge Runni,12
2015-03-06,Under Armour Men's Compression EV SL Slide,4
2015-03-06,Under Armour Men's Tech II T-Shirt,2
2015-03-06,Under Armour Women's Ignite PIP VI Slide,2
2015-03-07,Bridgestone e6 Straight Distance NFL San Dieg,4
2015-03-07,Diamondback Women's Serene Classic Comfort Bi,3
2015-03-07,Field & Stream Sportsman 16 Gun Fire Safe,7
2015-03-07,Glove It Imperial Golf Towel,2
2015-03-07,Glove It Urban Brick Golf Towel,3
2015-03-07,Glove It Women's Imperial Golf Glove,1
2015-03-07,Hirzl Women's Hybrid Golf Glove,1
2015-03-07,Nike Men's CJ Elite 2 TD Football Cleat,10
2015-03-07,Nike Men's Comfort 2 Slide,4
2015-03-07,Nike Men's Dri-FIT Victory Golf Polo,11
2015-03-07,Nike Men's Free 5.0+ Running Shoe,17
2015-03-07,O'Brien Men's Neoprene Life Vest,35
2015-03-07,Pelican Sunstream 100 Kayak,6
2015-03-07,Perfect Fitness Perfect Rip Deck,30
2015-03-07,Team Golf San Francisco Giants Putter Grip,3
2015-03-07,Under Armour Girls' Toddler Spine Surge Runni,23
2015-03-07,Under Armour Women's Ignite Slide,4
2015-03-07,Under Armour Women's Micro G Skulpt Running S,2
2015-03-08,Bag Boy Beverage Holder,4
2015-03-08,Bridgestone e6 Straight Distance NFL San Dieg,2
2015-03-08,Diamondback Women's Serene Classic Comfort Bi,4
2015-03-08,Field & Stream Sportsman 16 Gun Fire Safe,5
2015-03-08,Glove It Women's Mod Oval 3-Zip Carry All Gol,5
2015-03-08,Hirzl Women's Hybrid Golf Glove,2
2015-03-08,LIJA Women's Eyelet Sleeveless Golf Polo,5
2015-03-08,Nike Dri-FIT Crew Sock 6 Pack,4
2015-03-08,Nike Men's CJ Elite 2 TD Football Cleat,8
2015-03-08,Nike Men's Dri-FIT Victory Golf Polo,24
2015-03-08,Nike Men's Free 5.0+ Running Shoe,14
2015-03-08,O'Brien Men's Neoprene Life Vest,42
2015-03-08,Pelican Sunstream 100 Kayak,1
2015-03-08,Perfect Fitness Perfect Rip Deck,31
2015-03-08,Team Golf St. Louis Cardinals Putter Grip,2
2015-03-08,Under Armour Girls' Toddler Spine Surge Runni,16
2015-03-08,Under Armour Men's Compression EV SL Slide,2
2015-03-08,Under Armour Women's Ignite PIP VI Slide,3
2015-03-09,Bridgestone e6 Straight Distance NFL Carolina,2
2015-03-09,Clicgear 8.0 Shoe Brush,2
2015-03-09,Diamondback Women's Serene Classic Comfort Bi,3
2015-03-09,ENO Atlas Hammock Straps,3
2015-03-09,Field & Stream Sportsman 16 Gun Fire Safe,7
2015-03-09,Glove It Women's Mod Oval 3-Zip Carry All Gol,4
2015-03-09,Hirzl Women's Hybrid Golf Glove,4
2015-03-09,Nike Men's CJ Elite 2 TD Football Cleat,4
2015-03-09,Nike Men's Dri-FIT Victory Golf Polo,33
2015-03-09,Nike Men's Free 5.0+ Running Shoe,14
2015-03-09,Nike Women's Tempo Shorts,2
2015-03-09,O'Brien Men's Neoprene Life Vest,29
2015-03-09,Pelican Sunstream 100 Kayak,6
2015-03-09,Perfect Fitness Perfect Rip Deck,19
2015-03-09,Team Golf New England Patriots Putter Grip,4
2015-03-09,Team Golf San Francisco Giants Putter Grip,3
2015-03-09,Under Armour Girls' Toddler Spine Surge Runni,12
2015-03-09,Under Armour Women's Ignite PIP VI Slide,4
2015-03-09,adidas Men's Germany Black Crest Away Tee,2
2015-03-10,Diamondback Women's Serene Classic Comfort Bi,8
2015-03-10,Field & Stream Sportsman 16 Gun Fire Safe,6
2015-03-10,Nike Men's CJ Elite 2 TD Football Cleat,12
2015-03-10,Nike Men's Dri-FIT Victory Golf Polo,35
2015-03-10,Nike Men's Free 5.0+ Running Shoe,26
2015-03-10,O'Brien Men's Neoprene Life Vest,5
2015-03-10,Pelican Sunstream 100 Kayak,8
2015-03-10,Perfect Fitness Perfect Rip Deck,36
2015-03-10,Titleist Pro V1x High Numbers Golf Balls,4
2015-03-10,Titleist Pro V1x High Numbers Personalized Go,2
2015-03-10,Under Armour Girls' Toddler Spine Surge Runni,24
2015-03-11,Diamondback Women's Serene Classic Comfort Bi,7
2015-03-11,Field & Stream Sportsman 16 Gun Fire Safe,2
2015-03-11,Nike Men's CJ Elite 2 TD Football Cleat,6
2015-03-11,Nike Men's Dri-FIT Victory Golf Polo,30
2015-03-11,Nike Men's Free 5.0+ Running Shoe,15
2015-03-11,O'Brien Men's Neoprene Life Vest,24
2015-03-11,Pelican Sunstream 100 Kayak,6
2015-03-11,Perfect Fitness Perfect Rip Deck,40
2015-03-11,Titleist Pro V1x High Numbers Golf Balls,4
2015-03-11,Top Flite Women's 2014 XL Hybrid,1
2015-03-11,Under Armour Girls' Toddler Spine Surge Runni,6
2015-03-11,Under Armour Men's Tech II T-Shirt,2
2015-03-12,Diamondback Women's Serene Classic Comfort Bi,3
2015-03-12,Field & Stream Sportsman 16 Gun Fire Safe,9
2015-03-12,Nike Men's CJ Elite 2 TD Football Cleat,8
2015-03-12,Nike Men's Dri-FIT Victory Golf Polo,29
2015-03-12,Nike Men's Free 5.0+ Running Shoe,14
2015-03-12,O'Brien Men's Neoprene Life Vest,50
2015-03-12,Pelican Sunstream 100 Kayak,8
2015-03-12,Perfect Fitness Perfect Rip Deck,29
2015-03-12,Titleist Pro V1 High Numbers Personalized Gol,2
2015-03-12,Titleist Pro V1x Golf Balls,5
2015-03-12,Under Armour Girls' Toddler Spine Surge Runni,5
2015-03-13,Diamondback Women's Serene Classic Comfort Bi,3
2015-03-13,Field & Stream Sportsman 16 Gun Fire Safe,10
2015-03-13,Nike Men's CJ Elite 2 TD Football Cleat,12
2015-03-13,Nike Men's Dri-FIT Victory Golf Polo,26
2015-03-13,Nike Men's Free 5.0+ Running Shoe,3
2015-03-13,Nike Women's Legend V-Neck T-Shirt,5
2015-03-13,O'Brien Men's Neoprene Life Vest,18
2015-03-13,Pelican Sunstream 100 Kayak,6
2015-03-13,Perfect Fitness Perfect Rip Deck,24
2015-03-13,Titleist Pro V1 High Numbers Personalized Gol,3
2015-03-13,Under Armour Girls' Toddler Spine Surge Runni,12
2015-03-13,Under Armour Women's Ignite PIP VI Slide,5
2015-03-13,Under Armour Women's Ignite Slide,1
2015-03-13,adidas Men's F10 Messi TRX FG Soccer Cleat,4
2015-03-13,adidas Men's Germany Black Crest Away Tee,1
2015-03-14,Columbia Men's PFG Anchor Tough T-Shirt,5
2015-03-14,Diamondback Women's Serene Classic Comfort Bi,7
2015-03-14,Field & Stream Sportsman 16 Gun Fire Safe,4
2015-03-14,Glove It Women's Mod Oval 3-Zip Carry All Gol,5
2015-03-14,Nike Men's CJ Elite 2 TD Football Cleat,7
2015-03-14,Nike Men's Dri-FIT Victory Golf Polo,42
2015-03-14,Nike Men's Free 5.0+ Running Shoe,31
2015-03-14,O'Brien Men's Neoprene Life Vest,24
2015-03-14,Pelican Sunstream 100 Kayak,5
2015-03-14,Perfect Fitness Perfect Rip Deck,22
2015-03-14,Team Golf Pittsburgh Steelers Putter Grip,4
2015-03-14,Under Armour Girls' Toddler Spine Surge Runni,17
2015-03-15,Diamondback Women's Serene Classic Comfort Bi,3
2015-03-15,Field & Stream Sportsman 16 Gun Fire Safe,3
2015-03-15,Nike Men's CJ Elite 2 TD Football Cleat,8
2015-03-15,Nike Men's Dri-FIT Victory Golf Polo,23
2015-03-15,Nike Men's Free 5.0+ Running Shoe,4
2015-03-15,O'Brien Men's Neoprene Life Vest,17
2015-03-15,Pelican Sunstream 100 Kayak,5
2015-03-15,Perfect Fitness Perfect Rip Deck,26
2015-03-15,Team Golf Pittsburgh Steelers Putter Grip,5
2015-03-15,Team Golf Tennessee Volunteers Putter Grip,4
2015-03-15,Titleist Pro V1x High Numbers Personalized Go,4
2015-03-15,Under Armour Kids' Mercenary Slide,5
2015-03-15,Under Armour Women's Micro G Skulpt Running S,5
2015-03-15,adidas Men's Germany Black Crest Away Tee,2
2015-03-16,Diamondback Women's Serene Classic Comfort Bi,7
2015-03-16,Field & Stream Sportsman 16 Gun Fire Safe,4
2015-03-16,LIJA Women's Eyelet Sleeveless Golf Polo,2
2015-03-16,Nike Dri-FIT Crew Sock 6 Pack,1
2015-03-16,Nike Men's CJ Elite 2 TD Football Cleat,7
2015-03-16,Nike Men's Dri-FIT Victory Golf Polo,28
2015-03-16,Nike Men's Free 5.0+ Running Shoe,10
2015-03-16,O'Brien Men's Neoprene Life Vest,29
2015-03-16,Pelican Sunstream 100 Kayak,8
2015-03-16,Perfect Fitness Perfect Rip Deck,28
2015-03-16,Team Golf St. Louis Cardinals Putter Grip,4
2015-03-16,Under Armour Girls' Toddler Spine Surge Runni,13
2015-03-16,adidas Youth Germany Black/Red Away Match Soc,5
2015-03-17,Bridgestone e6 Straight Distance NFL Carolina,5
2015-03-17,Diamondback Women's Serene Classic Comfort Bi,2
2015-03-17,Field & Stream Sportsman 16 Gun Fire Safe,6
2015-03-17,Glove It Women's Imperial Golf Glove,2
2015-03-17,Nike Men's CJ Elite 2 TD Football Cleat,4
2015-03-17,Nike Men's Dri-FIT Victory Golf Polo,25
2015-03-17,Nike Men's Free 5.0+ Running Shoe,10
2015-03-17,O'Brien Men's Neoprene Life Vest,10
2015-03-17,Pelican Sunstream 100 Kayak,5
2015-03-17,Perfect Fitness Perfect Rip Deck,16
2015-03-17,Under Armour Girls' Toddler Spine Surge Runni,16
2015-03-18,Diamondback Women's Serene Classic Comfort Bi,5
2015-03-18,Field & Stream Sportsman 16 Gun Fire Safe,9
2015-03-18,Glove It Imperial Golf Towel,7
2015-03-18,Hirzl Men's Hybrid Golf Glove,5
2015-03-18,Nike Men's CJ Elite 2 TD Football Cleat,7
2015-03-18,Nike Men's Dri-FIT Victory Golf Polo,35
2015-03-18,Nike Men's Free 5.0+ Running Shoe,16
2015-03-18,Nike Women's Tempo Shorts,4
2015-03-18,O'Brien Men's Neoprene Life Vest,30
2015-03-18,Pelican Sunstream 100 Kayak,4
2015-03-18,Perfect Fitness Perfect Rip Deck,24
2015-03-18,Team Golf New England Patriots Putter Grip,3
2015-03-18,Team Golf Tennessee Volunteers Putter Grip,1
2015-03-18,Under Armour Girls' Toddler Spine Surge Runni,22
2015-03-18,adidas Kids' F5 Messi FG Soccer Cleat,4
2015-03-19,Diamondback Women's Serene Classic Comfort Bi,7
2015-03-19,ENO Atlas Hammock Straps,2
2015-03-19,Field & Stream Sportsman 16 Gun Fire Safe,14
2015-03-19,Glove It Urban Brick Golf Towel,4
2015-03-19,Glove It Women's Imperial Golf Glove,3
2015-03-19,Nike Men's CJ Elite 2 TD Football Cleat,13
2015-03-19,Nike Men's Comfort 2 Slide,2
2015-03-19,Nike Men's Dri-FIT Victory Golf Polo,35
2015-03-19,Nike Men's Free 5.0+ Running Shoe,25
2015-03-19,O'Brien Men's Neoprene Life Vest,54
2015-03-19,Pelican Sunstream 100 Kayak,5
2015-03-19,Perfect Fitness Perfect Rip Deck,15
2015-03-19,Team Golf Tennessee Volunteers Putter Grip,2
2015-03-19,Under Armour Girls' Toddler Spine Surge Runni,5
2015-03-19,adidas Men's F10 Messi TRX FG Soccer Cleat,5
2015-03-20,Bag Boy Beverage Holder,4
2015-03-20,Bridgestone e6 Straight Distance NFL Tennesse,1
2015-03-20,Diamondback Women's Serene Classic Comfort Bi,4
2015-03-20,Field & Stream Sportsman 16 Gun Fire Safe,10
2015-03-20,Glove It Urban Brick Golf Towel,2
2015-03-20,Glove It Women's Mod Oval 3-Zip Carry All Gol,5
2015-03-20,Nike Men's CJ Elite 2 TD Football Cleat,9
2015-03-20,Nike Men's Dri-FIT Victory Golf Polo,12
2015-03-20,Nike Men's Free 5.0+ Running Shoe,9
2015-03-20,O'Brien Men's Neoprene Life Vest,17
2015-03-20,Pelican Sunstream 100 Kayak,4
2015-03-20,Perfect Fitness Perfect Rip Deck,12
2015-03-20,Team Golf Pittsburgh Steelers Putter Grip,1
2015-03-20,Titleist Pro V1 High Numbers Personalized Gol,5
2015-03-20,Titleist Pro V1x Golf Balls,4
2015-03-20,Under Armour Girls' Toddler Spine Surge Runni,11
2015-03-20,Under Armour Women's Micro G Skulpt Running S,3
2015-03-20,adidas Men's Germany Black Crest Away Tee,1
2015-03-21,Bridgestone e6 Straight Distance NFL San Dieg,3
2015-03-21,Diamondback Women's Serene Classic Comfort Bi,7
2015-03-21,Field & Stream Sportsman 16 Gun Fire Safe,6
2015-03-21,Glove It Urban Brick Golf Towel,3
2015-03-21,Nike Men's CJ Elite 2 TD Football Cleat,7
2015-03-21,Nike Men's Comfort 2 Slide,1
2015-03-21,Nike Men's Dri-FIT Victory Golf Polo,24
2015-03-21,Nike Men's Free 5.0+ Running Shoe,9
2015-03-21,O'Brien Men's Neoprene Life Vest,28
2015-03-21,Pelican Sunstream 100 Kayak,4
2015-03-21,Perfect Fitness Perfect Rip Deck,16
2015-03-21,Under Armour Girls' Toddler Spine Surge Runni,10
2015-03-21,Under Armour Hustle Storm Medium Duffle Bag,1
2015-03-21,adidas Men's Germany Black Crest Away Tee,5
2015-03-22,Diamondback Women's Serene Classic Comfort Bi,5
2015-03-22,ENO Atlas Hammock Straps,2
2015-03-22,Field & Stream Sportsman 16 Gun Fire Safe,1
2015-03-22,Glove It Women's Mod Oval 3-Zip Carry All Gol,3
2015-03-22,Hirzl Women's Hybrid Golf Glove,2
2015-03-22,Hirzl Women's Soffft Flex Golf Glove,5
2015-03-22,LIJA Women's Eyelet Sleeveless Golf Polo,5
2015-03-22,Nike Men's CJ Elite 2 TD Football Cleat,9
2015-03-22,Nike Men's Dri-FIT Victory Golf Polo,27
2015-03-22,Nike Men's Free 5.0+ Running Shoe,21
2015-03-22,Nike Women's Tempo Shorts,2
2015-03-22,O'Brien Men's Neoprene Life Vest,25
2015-03-22,Pelican Sunstream 100 Kayak,4
2015-03-22,Perfect Fitness Perfect Rip Deck,24
2015-03-22,Team Golf New England Patriots Putter Grip,3
2015-03-22,Team Golf San Francisco Giants Putter Grip,3
2015-03-22,Titleist Pro V1x High Numbers Golf Balls,5
2015-03-22,Under Armour Girls' Toddler Spine Surge Runni,21
2015-03-22,Under Armour Hustle Storm Medium Duffle Bag,2
2015-03-22,Under Armour Women's Micro G Skulpt Running S,5
2015-03-22,adidas Men's F10 Messi TRX FG Soccer Cleat,8
2015-03-22,adidas Youth Germany Black/Red Away Match Soc,2
2015-03-23,Clicgear 8.0 Shoe Brush,2
2015-03-23,Clicgear Rovic Cooler Bag,8
2015-03-23,Diamondback Women's Serene Classic Comfort Bi,7
2015-03-23,Field & Stream Sportsman 16 Gun Fire Safe,5
2015-03-23,Glove It Women's Imperial Golf Glove,5
2015-03-23,Hirzl Women's Soffft Flex Golf Glove,5
2015-03-23,Nike Dri-FIT Crew Sock 6 Pack,3
2015-03-23,Nike Men's CJ Elite 2 TD Football Cleat,8
2015-03-23,Nike Men's Dri-FIT Victory Golf Polo,40
2015-03-23,Nike Men's Free 5.0+ Running Shoe,22
2015-03-23,Nike Women's Legend V-Neck T-Shirt,1
2015-03-23,O'Brien Men's Neoprene Life Vest,38
2015-03-23,Pelican Sunstream 100 Kayak,6
2015-03-23,Perfect Fitness Perfect Rip Deck,43
2015-03-23,Under Armour Girls' Toddler Spine Surge Runni,11
2015-03-23,Under Armour Hustle Storm Medium Duffle Bag,3
2015-03-23,Under Armour Kids' Mercenary Slide,3
2015-03-23,adidas Youth Germany Black/Red Away Match Soc,3
2015-03-24,Diamondback Women's Serene Classic Comfort Bi,5
2015-03-24,ENO Atlas Hammock Straps,4
2015-03-24,Field & Stream Sportsman 16 Gun Fire Safe,2
2015-03-24,Hirzl Women's Soffft Flex Golf Glove,3
2015-03-24,Nike Men's CJ Elite 2 TD Football Cleat,7
2015-03-24,Nike Men's Dri-FIT Victory Golf Polo,23
2015-03-24,Nike Men's Free 5.0+ Running Shoe,13
2015-03-24,O'Brien Men's Neoprene Life Vest,41
2015-03-24,Pelican Sunstream 100 Kayak,4
2015-03-24,Perfect Fitness Perfect Rip Deck,49
2015-03-24,Team Golf New England Patriots Putter Grip,1
2015-03-24,Team Golf Texas Longhorns Putter Grip,3
2015-03-24,Titleist Pro V1x Golf Balls,4
2015-03-24,Under Armour Girls' Toddler Spine Surge Runni,4
2015-03-25,Bridgestone e6 Straight Distance NFL San Dieg,5
2015-03-25,Bridgestone e6 Straight Distance NFL Tennesse,1
2015-03-25,Diamondback Women's Serene Classic Comfort Bi,5
2015-03-25,Field & Stream Sportsman 16 Gun Fire Safe,5
2015-03-25,Glove It Women's Mod Oval Golf Glove,3
2015-03-25,LIJA Women's Eyelet Sleeveless Golf Polo,4
2015-03-25,Nike Men's CJ Elite 2 TD Football Cleat,14
2015-03-25,Nike Men's Dri-FIT Victory Golf Polo,25
2015-03-25,Nike Men's Free 5.0+ Running Shoe,28
2015-03-25,Nike Women's Legend V-Neck T-Shirt,2
2015-03-25,O'Brien Men's Neoprene Life Vest,35
2015-03-25,Pelican Sunstream 100 Kayak,11
2015-03-25,Perfect Fitness Perfect Rip Deck,50
2015-03-25,Under Armour Girls' Toddler Spine Surge Runni,27
2015-03-25,adidas Men's Germany Black Crest Away Tee,4
2015-03-26,Diamondback Women's Serene Classic Comfort Bi,3
2015-03-26,Field & Stream Sportsman 16 Gun Fire Safe,4
2015-03-26,Glove It Imperial Golf Towel,6
2015-03-26,Glove It Women's Mod Oval 3-Zip Carry All Gol,1
2015-03-26,Nike Men's CJ Elite 2 TD Football Cleat,10
2015-03-26,Nike Men's Comfort 2 Slide,3
2015-03-26,Nike Men's Dri-FIT Victory Golf Polo,25
2015-03-26,Nike Men's Free 5.0+ Running Shoe,21
2015-03-26,O'Brien Men's Neoprene Life Vest,23
2015-03-26,Pelican Sunstream 100 Kayak,8
2015-03-26,Perfect Fitness Perfect Rip Deck,9
2015-03-26,Under Armour Girls' Toddler Spine Surge Runni,19
2015-03-26,Under Armour Men's Compression EV SL Slide,4
2015-03-27,Diamondback Women's Serene Classic Comfort Bi,3
2015-03-27,Field & Stream Sportsman 16 Gun Fire Safe,8
2015-03-27,Glove It Women's Imperial Golf Glove,4
2015-03-27,Hirzl Men's Hybrid Golf Glove,5
2015-03-27,Nike Men's CJ Elite 2 TD Football Cleat,8
2015-03-27,Nike Men's Comfort 2 Slide,1
2015-03-27,Nike Men's Dri-FIT Victory Golf Polo,23
2015-03-27,Nike Men's Free 5.0+ Running Shoe,14
2015-03-27,Nike Women's Tempo Shorts,2
2015-03-27,O'Brien Men's Neoprene Life Vest,25
2015-03-27,Pelican Sunstream 100 Kayak,8
2015-03-27,Perfect Fitness Perfect Rip Deck,23
2015-03-27,Team Golf San Francisco Giants Putter Grip,2
2015-03-27,Titleist Pro V1 High Numbers Personalized Gol,8
2015-03-27,Under Armour Girls' Toddler Spine Surge Runni,15
2015-03-28,Diamondback Women's Serene Classic Comfort Bi,7
2015-03-28,Field & Stream Sportsman 16 Gun Fire Safe,3
2015-03-28,Glove It Women's Imperial Golf Glove,5
2015-03-28,LIJA Women's Eyelet Sleeveless Golf Polo,2
2015-03-28,Nike Men's CJ Elite 2 TD Football Cleat,8
2015-03-28,Nike Men's Dri-FIT Victory Golf Polo,33
2015-03-28,Nike Men's Free 5.0+ Running Shoe,10
2015-03-28,Nike Women's Legend V-Neck T-Shirt,2
2015-03-28,O'Brien Men's Neoprene Life Vest,6
2015-03-28,Pelican Sunstream 100 Kayak,2
2015-03-28,Perfect Fitness Perfect Rip Deck,33
2015-03-28,Team Golf Pittsburgh Steelers Putter Grip,9
2015-03-28,Titleist Pro V1x High Numbers Golf Balls,1
2015-03-28,Under Armour Girls' Toddler Spine Surge Runni,26
2015-03-29,Diamondback Women's Serene Classic Comfort Bi,6
2015-03-29,Field & Stream Sportsman 16 Gun Fire Safe,8
2015-03-29,Nike Men's CJ Elite 2 TD Football Cleat,8
2015-03-29,Nike Men's Dri-FIT Victory Golf Polo,48
2015-03-29,Nike Men's Free 5.0+ Running Shoe,24
2015-03-29,O'Brien Men's Neoprene Life Vest,26
2015-03-29,Pelican Sunstream 100 Kayak,10
2015-03-29,Perfect Fitness Perfect Rip Deck,33
2015-03-29,Team Golf Tennessee Volunteers Putter Grip,5
2015-03-29,Under Armour Girls' Toddler Spine Surge Runni,25
2015-03-29,Under Armour Kids' Mercenary Slide,8
2015-03-29,Under Armour Men's Tech II T-Shirt,2
2015-03-29,Under Armour Women's Micro G Skulpt Running S,3
2015-03-30,Diamondback Women's Serene Classic Comfort Bi,13
2015-03-30,Field & Stream Sportsman 16 Gun Fire Safe,6
2015-03-30,Nike Men's CJ Elite 2 TD Football Cleat,12
2015-03-30,Nike Men's Dri-FIT Victory Golf Polo,39
2015-03-30,Nike Men's Free 5.0+ Running Shoe,16
2015-03-30,O'Brien Men's Neoprene Life Vest,37
2015-03-30,Pelican Sunstream 100 Kayak,8
2015-03-30,Perfect Fitness Perfect Rip Deck,96
2015-03-30,TYR Boys' Team Digi Jammer,4
2015-03-30,Team Golf Texas Longhorns Putter Grip,1
2015-03-30,Titleist Pro V1x High Numbers Personalized Go,4
2015-03-30,Under Armour Girls' Toddler Spine Surge Runni,20
2015-03-30,Under Armour Men's Tech II T-Shirt,5
2015-03-30,Under Armour Women's Micro G Skulpt Running S,1
2015-03-30,adidas Men's F10 Messi TRX FG Soccer Cleat,4
2015-03-30,adidas Men's Germany Black Crest Away Tee,1
2015-03-31,Clicgear 8.0 Shoe Brush,3
2015-03-31,Diamondback Women's Serene Classic Comfort Bi,7
2015-03-31,Field & Stream Sportsman 16 Gun Fire Safe,10
2015-03-31,Nike Men's CJ Elite 2 TD Football Cleat,12
2015-03-31,Nike Men's Comfort 2 Slide,5
2015-03-31,Nike Men's Dri-FIT Victory Golf Polo,43
2015-03-31,Nike Men's Free 5.0+ Running Shoe,31
2015-03-31,Nike Women's Legend V-Neck T-Shirt,2
2015-03-31,O'Brien Men's Neoprene Life Vest,37
2015-03-31,Pelican Sunstream 100 Kayak,1
2015-03-31,Perfect Fitness Perfect Rip Deck,29
2015-03-31,Under Armour Girls' Toddler Spine Surge Runni,18
2015-03-31,Under Armour Women's Ignite Slide,5
2015-03-31,adidas Kids' F5 Messi FG Soccer Cleat,2
2015-04-01,Bridgestone e6 Straight Distance NFL Carolina,5
2015-04-01,Diamondback Women's Serene Classic Comfort Bi,9
2015-04-01,Field & Stream Sportsman 16 Gun Fire Safe,12
2015-04-01,Glove It Urban Brick Golf Towel,6
2015-04-01,Nike Men's CJ Elite 2 TD Football Cleat,12
2015-04-01,Nike Men's Comfort 2 Slide,3
2015-04-01,Nike Men's Dri-FIT Victory Golf Polo,31
2015-04-01,Nike Men's Free 5.0+ Running Shoe,16
2015-04-01,O'Brien Men's Neoprene Life Vest,38
2015-04-01,Pelican Sunstream 100 Kayak,9
2015-04-01,Perfect Fitness Perfect Rip Deck,36
2015-04-01,Top Flite Women's 2014 XL Hybrid,5
2015-04-01,Under Armour Girls' Toddler Spine Surge Runni,21
2015-04-01,Under Armour Men's Tech II T-Shirt,2
2015-04-02,Diamondback Women's Serene Classic Comfort Bi,5
2015-04-02,Field & Stream Sportsman 16 Gun Fire Safe,5
2015-04-02,Glove It Women's Mod Oval 3-Zip Carry All Gol,5
2015-04-02,Nike Men's CJ Elite 2 TD Football Cleat,7
2015-04-02,Nike Men's Dri-FIT Victory Golf Polo,28
2015-04-02,Nike Men's Free 5.0+ Running Shoe,7
2015-04-02,O'Brien Men's Neoprene Life Vest,39
2015-04-02,Pelican Sunstream 100 Kayak,6
2015-04-02,Perfect Fitness Perfect Rip Deck,20
2015-04-02,TYR Boys' Team Digi Jammer,2
2015-04-02,Team Golf St. Louis Cardinals Putter Grip,5
2015-04-02,Team Golf Texas Longhorns Putter Grip,4
2015-04-02,Titleist Pro V1x High Numbers Personalized Go,6
2015-04-02,Top Flite Women's 2014 XL Hybrid,2
2015-04-02,Under Armour Girls' Toddler Spine Surge Runni,12
2015-04-02,Under Armour Kids' Mercenary Slide,1
2015-04-02,Under Armour Men's Tech II T-Shirt,1
2015-04-03,Columbia Men's PFG Anchor Tough T-Shirt,5
2015-04-03,Diamondback Women's Serene Classic Comfort Bi,6
2015-04-03,Field & Stream Sportsman 16 Gun Fire Safe,7
2015-04-03,Glove It Women's Mod Oval 3-Zip Carry All Gol,5
2015-04-03,Hirzl Men's Hybrid Golf Glove,4
2015-04-03,Hirzl Women's Hybrid Golf Glove,2
2015-04-03,Hirzl Women's Soffft Flex Golf Glove,6
2015-04-03,Nike Men's CJ Elite 2 TD Football Cleat,11
2015-04-03,Nike Men's Comfort 2 Slide,2
2015-04-03,Nike Men's Dri-FIT Victory Golf Polo,41
2015-04-03,Nike Men's Free 5.0+ Running Shoe,21
2015-04-03,Nike Women's Legend V-Neck T-Shirt,2
2015-04-03,O'Brien Men's Neoprene Life Vest,33
2015-04-03,Pelican Sunstream 100 Kayak,8
2015-04-03,Perfect Fitness Perfect Rip Deck,14
2015-04-03,Team Golf Texas Longhorns Putter Grip,2
2015-04-03,Under Armour Girls' Toddler Spine Surge Runni,9
2015-04-03,Under Armour Women's Micro G Skulpt Running S,4
2015-04-03,adidas Men's Germany Black Crest Away Tee,4
2015-04-04,Diamondback Women's Serene Classic Comfort Bi,4
2015-04-04,Field & Stream Sportsman 16 Gun Fire Safe,10
2015-04-04,Glove It Imperial Golf Towel,7
2015-04-04,Nike Men's CJ Elite 2 TD Football Cleat,10
2015-04-04,Nike Men's Dri-FIT Victory Golf Polo,30
2015-04-04,Nike Men's Free 5.0+ Running Shoe,20
2015-04-04,O'Brien Men's Neoprene Life Vest,5
2015-04-04,Pelican Sunstream 100 Kayak,7
2015-04-04,Perfect Fitness Perfect Rip Deck,26
2015-04-04,Team Golf New England Patriots Putter Grip,5
2015-04-04,Under Armour Girls' Toddler Spine Surge Runni,8
2015-04-04,Under Armour Kids' Mercenary Slide,2
2015-04-04,Under Armour Women's Ignite PIP VI Slide,3
2015-04-05,Bag Boy Beverage Holder,5
2015-04-05,Diamondback Women's Serene Classic Comfort Bi,2
2015-04-05,Field & Stream Sportsman 16 Gun Fire Safe,7
2015-04-05,Nike Men's CJ Elite 2 TD Football Cleat,9
2015-04-05,Nike Men's Dri-FIT Victory Golf Polo,18
2015-04-05,Nike Men's Free 5.0+ Running Shoe,4
2015-04-05,O'Brien Men's Neoprene Life Vest,14
2015-04-05,Pelican Sunstream 100 Kayak,7
2015-04-05,Perfect Fitness Perfect Rip Deck,30
2015-04-05,Under Armour Girls' Toddler Spine Surge Runni,14
2015-04-05,adidas Men's F10 Messi TRX FG Soccer Cleat,1
2015-04-06,Columbia Men's PFG Anchor Tough T-Shirt,3
2015-04-06,Diamondback Women's Serene Classic Comfort Bi,7
2015-04-06,Field & Stream Sportsman 16 Gun Fire Safe,7
2015-04-06,Glove It Women's Mod Oval 3-Zip Carry All Gol,2
2015-04-06,Nike Men's CJ Elite 2 TD Football Cleat,8
2015-04-06,Nike Men's Dri-FIT Victory Golf Polo,33
2015-04-06,Nike Men's Free 5.0+ Running Shoe,11
2015-04-06,Nike Women's Tempo Shorts,2
2015-04-06,O'Brien Men's Neoprene Life Vest,17
2015-04-06,Pelican Sunstream 100 Kayak,6
2015-04-06,Perfect Fitness Perfect Rip Deck,24
2015-04-06,TYR Boys' Team Digi Jammer,4
2015-04-06,Under Armour Girls' Toddler Spine Surge Runni,13
2015-04-06,Under Armour Women's Micro G Skulpt Running S,5
2015-04-06,adidas Men's Germany Black Crest Away Tee,2
2015-04-07,Bag Boy Beverage Holder,5
2015-04-07,Bridgestone e6 Straight Distance NFL Tennesse,4
2015-04-07,Clicgear Rovic Cooler Bag,6
2015-04-07,Diamondback Women's Serene Classic Comfort Bi,8
2015-04-07,Field & Stream Sportsman 16 Gun Fire Safe,6
2015-04-07,Glove It Imperial Golf Towel,3
2015-04-07,Hirzl Women's Hybrid Golf Glove,3
2015-04-07,Nike Men's CJ Elite 2 TD Football Cleat,4
2015-04-07,Nike Men's Dri-FIT Victory Golf Polo,31
2015-04-07,Nike Men's Free 5.0+ Running Shoe,7
2015-04-07,O'Brien Men's Neoprene Life Vest,7
2015-04-07,Pelican Sunstream 100 Kayak,14
2015-04-07,Perfect Fitness Perfect Rip Deck,8
2015-04-07,Titleist Pro V1x High Numbers Golf Balls,2
2015-04-07,Under Armour Girls' Toddler Spine Surge Runni,10
2015-04-07,Under Armour Hustle Storm Medium Duffle Bag,2
2015-04-07,adidas Youth Germany Black/Red Away Match Soc,5
2015-04-08,Diamondback Women's Serene Classic Comfort Bi,4
2015-04-08,Field & Stream Sportsman 16 Gun Fire Safe,16
2015-04-08,Glove It Women's Imperial Golf Glove,4
2015-04-08,Hirzl Women's Hybrid Golf Glove,5
2015-04-08,Nike Men's CJ Elite 2 TD Football Cleat,17
2015-04-08,Nike Men's Dri-FIT Victory Golf Polo,25
2015-04-08,Nike Men's Free 5.0+ Running Shoe,12
2015-04-08,O'Brien Men's Neoprene Life Vest,45
2015-04-08,Pelican Sunstream 100 Kayak,10
2015-04-08,Perfect Fitness Perfect Rip Deck,29
2015-04-08,Team Golf Texas Longhorns Putter Grip,3
2015-04-08,Titleist Pro V1 High Numbers Personalized Gol,2
2015-04-08,Under Armour Girls' Toddler Spine Surge Runni,16
2015-04-08,Under Armour Men's Tech II T-Shirt,4
2015-04-08,adidas Youth Germany Black/Red Away Match Soc,3
2015-04-09,Diamondback Women's Serene Classic Comfort Bi,10
2015-04-09,Field & Stream Sportsman 16 Gun Fire Safe,9
2015-04-09,Glove It Urban Brick Golf Towel,5
2015-04-09,Nike Men's CJ Elite 2 TD Football Cleat,12
2015-04-09,Nike Men's Dri-FIT Victory Golf Polo,21
2015-04-09,Nike Men's Free 5.0+ Running Shoe,15
2015-04-09,O'Brien Men's Neoprene Life Vest,25
2015-04-09,Pelican Sunstream 100 Kayak,7
2015-04-09,Perfect Fitness Perfect Rip Deck,28
2015-04-09,TYR Boys' Team Digi Jammer,3
2015-04-09,Titleist Pro V1x High Numbers Golf Balls,3
2015-04-09,Under Armour Girls' Toddler Spine Surge Runni,8
2015-04-09,Under Armour Hustle Storm Medium Duffle Bag,3
2015-04-09,adidas Men's Germany Black Crest Away Tee,10
2015-04-10,Columbia Men's PFG Anchor Tough T-Shirt,5
2015-04-10,Diamondback Women's Serene Classic Comfort Bi,8
2015-04-10,Field & Stream Sportsman 16 Gun Fire Safe,6
2015-04-10,Glove It Imperial Golf Towel,3
2015-04-10,Glove It Women's Mod Oval 3-Zip Carry All Gol,3
2015-04-10,Nike Men's CJ Elite 2 TD Football Cleat,6
2015-04-10,Nike Men's Dri-FIT Victory Golf Polo,29
2015-04-10,Nike Men's Free 5.0+ Running Shoe,4
2015-04-10,Nike Women's Legend V-Neck T-Shirt,5
2015-04-10,O'Brien Men's Neoprene Life Vest,15
2015-04-10,Pelican Sunstream 100 Kayak,5
2015-04-10,Perfect Fitness Perfect Rip Deck,36
2015-04-10,TYR Boys' Team Digi Jammer,2
2015-04-10,Titleist Pro V1x Golf Balls,4
2015-04-10,Under Armour Girls' Toddler Spine Surge Runni,30
2015-04-10,Under Armour Men's Compression EV SL Slide,3
2015-04-11,Bridgestone e6 Straight Distance NFL Tennesse,1
2015-04-11,Diamondback Women's Serene Classic Comfort Bi,5
2015-04-11,Field & Stream Sportsman 16 Gun Fire Safe,8
2015-04-11,LIJA Women's Eyelet Sleeveless Golf Polo,2
2015-04-11,Nike Men's CJ Elite 2 TD Football Cleat,12
2015-04-11,Nike Men's Dri-FIT Victory Golf Polo,26
2015-04-11,Nike Men's Free 5.0+ Running Shoe,18
2015-04-11,Nike Women's Tempo Shorts,3
2015-04-11,O'Brien Men's Neoprene Life Vest,29
2015-04-11,Pelican Sunstream 100 Kayak,6
2015-04-11,Perfect Fitness Perfect Rip Deck,38
2015-04-11,Team Golf San Francisco Giants Putter Grip,2
2015-04-11,Titleist Pro V1x Golf Balls,3
2015-04-11,Under Armour Girls' Toddler Spine Surge Runni,16
2015-04-11,Under Armour Women's Micro G Skulpt Running S,4
2015-04-11,adidas Kids' F5 Messi FG Soccer Cleat,2
2015-04-12,Bridgestone e6 Straight Distance NFL Carolina,4
2015-04-12,Clicgear Rovic Cooler Bag,4
2015-04-12,Diamondback Women's Serene Classic Comfort Bi,10
2015-04-12,Field & Stream Sportsman 16 Gun Fire Safe,5
2015-04-12,Glove It Urban Brick Golf Towel,2
2015-04-12,Nike Men's CJ Elite 2 TD Football Cleat,16
2015-04-12,Nike Men's Dri-FIT Victory Golf Polo,32
2015-04-12,Nike Men's Free 5.0+ Running Shoe,15
2015-04-12,O'Brien Men's Neoprene Life Vest,33
2015-04-12,Pelican Sunstream 100 Kayak,6
2015-04-12,Perfect Fitness Perfect Rip Deck,20
2015-04-12,Team Golf Texas Longhorns Putter Grip,5
2015-04-12,Under Armour Girls' Toddler Spine Surge Runni,14
2015-04-12,Under Armour Men's Compression EV SL Slide,1
2015-04-12,Under Armour Women's Micro G Skulpt Running S,2
2015-04-13,Diamondback Women's Serene Classic Comfort Bi,7
2015-04-13,Field & Stream Sportsman 16 Gun Fire Safe,7
2015-04-13,Glove It Urban Brick Golf Towel,5
2015-04-13,Hirzl Men's Hybrid Golf Glove,1
2015-04-13,Hirzl Women's Soffft Flex Golf Glove,2
2015-04-13,Nike Men's CJ Elite 2 TD Football Cleat,12
2015-04-13,Nike Men's Dri-FIT Victory Golf Polo,31
2015-04-13,Nike Men's Free 5.0+ Running Shoe,18
2015-04-13,Nike Women's Legend V-Neck T-Shirt,5
2015-04-13,O'Brien Men's Neoprene Life Vest,30
2015-04-13,Pelican Sunstream 100 Kayak,5
2015-04-13,Perfect Fitness Perfect Rip Deck,16
2015-04-13,Team Golf Pittsburgh Steelers Putter Grip,3
2015-04-13,Titleist Pro V1 High Numbers Personalized Gol,3
2015-04-13,Titleist Pro V1x High Numbers Personalized Go,1
2015-04-13,Top Flite Women's 2014 XL Hybrid,5
2015-04-13,Under Armour Girls' Toddler Spine Surge Runni,16
2015-04-13,adidas Men's F10 Messi TRX FG Soccer Cleat,2
2015-04-14,Diamondback Women's Serene Classic Comfort Bi,6
2015-04-14,Field & Stream Sportsman 16 Gun Fire Safe,3
2015-04-14,Hirzl Women's Hybrid Golf Glove,4
2015-04-14,Nike Men's CJ Elite 2 TD Football Cleat,6
2015-04-14,Nike Men's Dri-FIT Victory Golf Polo,29
2015-04-14,Nike Men's Free 5.0+ Running Shoe,17
2015-04-14,O'Brien Men's Neoprene Life Vest,15
2015-04-14,Pelican Sunstream 100 Kayak,3
2015-04-14,Perfect Fitness Perfect Rip Deck,45
2015-04-14,Under Armour Girls' Toddler Spine Surge Runni,7
2015-04-14,Under Armour Hustle Storm Medium Duffle Bag,3
2015-04-14,Under Armour Men's Compression EV SL Slide,3
2015-04-15,Clicgear 8.0 Shoe Brush,5
2015-04-15,Diamondback Women's Serene Classic Comfort Bi,4
2015-04-15,Field & Stream Sportsman 16 Gun Fire Safe,5
2015-04-15,Nike Men's CJ Elite 2 TD Football Cleat,10
2015-04-15,Nike Men's Dri-FIT Victory Golf Polo,30
2015-04-15,Nike Men's Free 5.0+ Running Shoe,14
2015-04-15,O'Brien Men's Neoprene Life Vest,37
2015-04-15,Pelican Sunstream 100 Kayak,7
2015-04-15,Perfect Fitness Perfect Rip Deck,17
2015-04-15,Team Golf New England Patriots Putter Grip,5
2015-04-15,Top Flite Women's 2014 XL Hybrid,5
2015-04-15,Under Armour Girls' Toddler Spine Surge Runni,10
2015-04-15,adidas Men's F10 Messi TRX FG Soccer Cleat,4
2015-04-16,Bridgestone e6 Straight Distance NFL Carolina,3
2015-04-16,Bridgestone e6 Straight Distance NFL San Dieg,1
2015-04-16,Diamondback Women's Serene Classic Comfort Bi,6
2015-04-16,Field & Stream Sportsman 16 Gun Fire Safe,10
2015-04-16,Glove It Women's Imperial Golf Glove,3
2015-04-16,Hirzl Women's Soffft Flex Golf Glove,5
2015-04-16,Nike Men's CJ Elite 2 TD Football Cleat,14
2015-04-16,Nike Men's Dri-FIT Victory Golf Polo,47
2015-04-16,Nike Men's Free 5.0+ Running Shoe,17
2015-04-16,O'Brien Men's Neoprene Life Vest,27
2015-04-16,Pelican Sunstream 100 Kayak,7
2015-04-16,Perfect Fitness Perfect Rip Deck,40
2015-04-16,Top Flite Women's 2014 XL Hybrid,1
2015-04-16,Under Armour Girls' Toddler Spine Surge Runni,11
2015-04-16,Under Armour Men's Compression EV SL Slide,4
2015-04-17,Bridgestone e6 Straight Distance NFL Carolina,1
2015-04-17,Columbia Men's PFG Anchor Tough T-Shirt,10
2015-04-17,Diamondback Women's Serene Classic Comfort Bi,11
2015-04-17,Field & Stream Sportsman 16 Gun Fire Safe,7
2015-04-17,Glove It Women's Mod Oval 3-Zip Carry All Gol,2
2015-04-17,Nike Men's CJ Elite 2 TD Football Cleat,16
2015-04-17,Nike Men's Dri-FIT Victory Golf Polo,51
2015-04-17,Nike Men's Free 5.0+ Running Shoe,16
2015-04-17,O'Brien Men's Neoprene Life Vest,33
2015-04-17,Pelican Sunstream 100 Kayak,6
2015-04-17,Perfect Fitness Perfect Rip Deck,42
2015-04-17,Team Golf Pittsburgh Steelers Putter Grip,2
2015-04-17,Team Golf St. Louis Cardinals Putter Grip,1
2015-04-17,Titleist Pro V1x High Numbers Golf Balls,5
2015-04-17,Under Armour Girls' Toddler Spine Surge Runni,15
2015-04-17,Under Armour Hustle Storm Medium Duffle Bag,5
2015-04-17,Under Armour Men's Tech II T-Shirt,2
2015-04-17,adidas Men's Germany Black Crest Away Tee,5
2015-04-18,Clicgear 8.0 Shoe Brush,1
2015-04-18,Diamondback Women's Serene Classic Comfort Bi,4
2015-04-18,Field & Stream Sportsman 16 Gun Fire Safe,3
2015-04-18,Glove It Imperial Golf Towel,3
2015-04-18,Nike Dri-FIT Crew Sock 6 Pack,2
2015-04-18,Nike Men's CJ Elite 2 TD Football Cleat,9
2015-04-18,Nike Men's Dri-FIT Victory Golf Polo,28
2015-04-18,Nike Men's Free 5.0+ Running Shoe,12
2015-04-18,O'Brien Men's Neoprene Life Vest,25
2015-04-18,Pelican Sunstream 100 Kayak,8
2015-04-18,Perfect Fitness Perfect Rip Deck,46
2015-04-18,Team Golf Pittsburgh Steelers Putter Grip,4
2015-04-18,Titleist Pro V1x High Numbers Personalized Go,3
2015-04-18,Top Flite Women's 2014 XL Hybrid,2
2015-04-18,Under Armour Girls' Toddler Spine Surge Runni,9
2015-04-18,Under Armour Men's Tech II T-Shirt,1
2015-04-18,adidas Youth Germany Black/Red Away Match Soc,5
2015-04-19,Diamondback Women's Serene Classic Comfort Bi,8
2015-04-19,Field & Stream Sportsman 16 Gun Fire Safe,13
2015-04-19,Nike Men's CJ Elite 2 TD Football Cleat,11
2015-04-19,Nike Men's Dri-FIT Victory Golf Polo,24
2015-04-19,Nike Men's Free 5.0+ Running Shoe,10
2015-04-19,O'Brien Men's Neoprene Life Vest,14
2015-04-19,Pelican Sunstream 100 Kayak,12
2015-04-19,Perfect Fitness Perfect Rip Deck,41
2015-04-19,TYR Boys' Team Digi Jammer,2
2015-04-19,Team Golf Texas Longhorns Putter Grip,4
2015-04-19,Titleist Pro V1 High Numbers Personalized Gol,1
2015-04-19,Under Armour Girls' Toddler Spine Surge Runni,6
2015-04-20,Diamondback Women's Serene Classic Comfort Bi,3
2015-04-20,Field & Stream Sportsman 16 Gun Fire Safe,5
2015-04-20,Nike Men's CJ Elite 2 TD Football Cleat,9
2015-04-20,Nike Men's Dri-FIT Victory Golf Polo,26
2015-04-20,Nike Men's Free 5.0+ Running Shoe,18
2015-04-20,O'Brien Men's Neoprene Life Vest,38
2015-04-20,Pelican Sunstream 100 Kayak,7
2015-04-20,Perfect Fitness Perfect Rip Deck,23
2015-04-20,Team Golf Pittsburgh Steelers Putter Grip,4
2015-04-20,Team Golf San Francisco Giants Putter Grip,2
2015-04-20,Titleist Pro V1x High Numbers Golf Balls,1
2015-04-20,Top Flite Women's 2014 XL Hybrid,3
2015-04-20,Under Armour Girls' Toddler Spine Surge Runni,2
2015-04-21,Bridgestone e6 Straight Distance NFL Carolina,4
2015-04-21,Bridgestone e6 Straight Distance NFL San Dieg,1
2015-04-21,Clicgear Rovic Cooler Bag,4
2015-04-21,Diamondback Women's Serene Classic Comfort Bi,5
2015-04-21,Field & Stream Sportsman 16 Gun Fire Safe,6
2015-04-21,Glove It Urban Brick Golf Towel,2
2015-04-21,Glove It Women's Imperial Golf Glove,4
2015-04-21,Nike Men's CJ Elite 2 TD Football Cleat,8
2015-04-21,Nike Men's Dri-FIT Victory Golf Polo,18
2015-04-21,Nike Men's Free 5.0+ Running Shoe,11
2015-04-21,O'Brien Men's Neoprene Life Vest,16
2015-04-21,Pelican Sunstream 100 Kayak,6
2015-04-21,Perfect Fitness Perfect Rip Deck,26
2015-04-21,Under Armour Girls' Toddler Spine Surge Runni,13
2015-04-21,Under Armour Men's Compression EV SL Slide,5
2015-04-21,Under Armour Men's Tech II T-Shirt,3
2015-04-21,adidas Kids' F5 Messi FG Soccer Cleat,2
2015-04-22,Clicgear 8.0 Shoe Brush,3
2015-04-22,Diamondback Women's Serene Classic Comfort Bi,6
2015-04-22,ENO Atlas Hammock Straps,3
2015-04-22,Field & Stream Sportsman 16 Gun Fire Safe,6
2015-04-22,Glove It Imperial Golf Towel,3
2015-04-22,Glove It Women's Imperial Golf Glove,5
2015-04-22,Nike Men's CJ Elite 2 TD Football Cleat,8
2015-04-22,Nike Men's Dri-FIT Victory Golf Polo,16
2015-04-22,Nike Men's Free 5.0+ Running Shoe,13
2015-04-22,O'Brien Men's Neoprene Life Vest,17
2015-04-22,Pelican Sunstream 100 Kayak,5
2015-04-22,Perfect Fitness Perfect Rip Deck,35
2015-04-22,Team Golf Texas Longhorns Putter Grip,6
2015-04-22,Under Armour Girls' Toddler Spine Surge Runni,3
2015-04-22,Under Armour Men's Compression EV SL Slide,5
2015-04-23,Bridgestone e6 Straight Distance NFL Tennesse,3
2015-04-23,Clicgear 8.0 Shoe Brush,7
2015-04-23,Diamondback Women's Serene Classic Comfort Bi,8
2015-04-23,Field & Stream Sportsman 16 Gun Fire Safe,4
2015-04-23,Hirzl Women's Soffft Flex Golf Glove,5
2015-04-23,Nike Men's CJ Elite 2 TD Football Cleat,9
2015-04-23,Nike Men's Dri-FIT Victory Golf Polo,15
2015-04-23,Nike Men's Free 5.0+ Running Shoe,11
2015-04-23,Nike Women's Tempo Shorts,2
2015-04-23,O'Brien Men's Neoprene Life Vest,12
2015-04-23,Pelican Sunstream 100 Kayak,8
2015-04-23,Perfect Fitness Perfect Rip Deck,44
2015-04-23,Team Golf Texas Longhorns Putter Grip,4
2015-04-23,Under Armour Girls' Toddler Spine Surge Runni,12
2015-04-23,Under Armour Hustle Storm Medium Duffle Bag,5
2015-04-24,Columbia Men's PFG Anchor Tough T-Shirt,3
2015-04-24,Diamondback Women's Serene Classic Comfort Bi,9
2015-04-24,ENO Atlas Hammock Straps,4
2015-04-24,Field & Stream Sportsman 16 Gun Fire Safe,10
2015-04-24,Glove It Urban Brick Golf Towel,2
2015-04-24,Nike Men's CJ Elite 2 TD Football Cleat,8
2015-04-24,Nike Men's Dri-FIT Victory Golf Polo,28
2015-04-24,Nike Men's Free 5.0+ Running Shoe,32
2015-04-24,O'Brien Men's Neoprene Life Vest,24
2015-04-24,Pelican Sunstream 100 Kayak,6
2015-04-24,Perfect Fitness Perfect Rip Deck,27
2015-04-24,Team Golf Pittsburgh Steelers Putter Grip,1
2015-04-24,Under Armour Girls' Toddler Spine Surge Runni,12
2015-04-25,Bag Boy Beverage Holder,5
2015-04-25,Diamondback Women's Serene Classic Comfort Bi,6
2015-04-25,ENO Atlas Hammock Straps,4
2015-04-25,Field & Stream Sportsman 16 Gun Fire Safe,7
2015-04-25,Hirzl Men's Hybrid Golf Glove,4
2015-04-25,Nike Men's CJ Elite 2 TD Football Cleat,9
2015-04-25,Nike Men's Dri-FIT Victory Golf Polo,16
2015-04-25,Nike Women's Legend V-Neck T-Shirt,4
2015-04-25,O'Brien Men's Neoprene Life Vest,53
2015-04-25,Pelican Sunstream 100 Kayak,4
2015-04-25,Perfect Fitness Perfect Rip Deck,40
2015-04-25,Under Armour Girls' Toddler Spine Surge Runni,3
2015-04-25,Under Armour Kids' Mercenary Slide,4
2015-04-25,adidas Men's Germany Black Crest Away Tee,1
2015-04-26,Bridgestone e6 Straight Distance NFL Carolina,3
2015-04-26,Diamondback Women's Serene Classic Comfort Bi,7
2015-04-26,ENO Atlas Hammock Straps,1
2015-04-26,Field & Stream Sportsman 16 Gun Fire Safe,9
2015-04-26,LIJA Women's Eyelet Sleeveless Golf Polo,4
2015-04-26,Nike Men's CJ Elite 2 TD Football Cleat,10
2015-04-26,Nike Men's Dri-FIT Victory Golf Polo,30
2015-04-26,Nike Men's Free 5.0+ Running Shoe,17
2015-04-26,Nike Women's Tempo Shorts,7
2015-04-26,O'Brien Men's Neoprene Life Vest,45
2015-04-26,Pelican Sunstream 100 Kayak,9
2015-04-26,Perfect Fitness Perfect Rip Deck,38
2015-04-26,TYR Boys' Team Digi Jammer,4
2015-04-26,Under Armour Girls' Toddler Spine Surge Runni,11
2015-04-26,Under Armour Hustle Storm Medium Duffle Bag,4
2015-04-26,adidas Youth Germany Black/Red Away Match Soc,4
2015-04-27,Diamondback Women's Serene Classic Comfort Bi,8
2015-04-27,Field & Stream Sportsman 16 Gun Fire Safe,4
2015-04-27,Glove It Urban Brick Golf Towel,5
2015-04-27,Hirzl Men's Hybrid Golf Glove,1
2015-04-27,Hirzl Women's Soffft Flex Golf Glove,3
2015-04-27,Nike Men's CJ Elite 2 TD Football Cleat,9
2015-04-27,Nike Men's Dri-FIT Victory Golf Polo,30
2015-04-27,Nike Men's Free 5.0+ Running Shoe,16
2015-04-27,O'Brien Men's Neoprene Life Vest,20
2015-04-27,Pelican Sunstream 100 Kayak,13
2015-04-27,Perfect Fitness Perfect Rip Deck,32
2015-04-27,Team Golf St. Louis Cardinals Putter Grip,5
2015-04-27,Team Golf Tennessee Volunteers Putter Grip,2
2015-04-27,Titleist Pro V1 High Numbers Personalized Gol,4
2015-04-27,Under Armour Girls' Toddler Spine Surge Runni,17
2015-04-27,Under Armour Kids' Mercenary Slide,2
2015-04-27,Under Armour Men's Tech II T-Shirt,5
2015-04-27,Under Armour Women's Ignite PIP VI Slide,1
2015-04-27,Under Armour Women's Micro G Skulpt Running S,1
2015-04-27,adidas Men's F10 Messi TRX FG Soccer Cleat,2
2015-04-28,Clicgear Rovic Cooler Bag,3
2015-04-28,Diamondback Women's Serene Classic Comfort Bi,6
2015-04-28,Field & Stream Sportsman 16 Gun Fire Safe,12
2015-04-28,Nike Men's CJ Elite 2 TD Football Cleat,10
2015-04-28,Nike Men's Dri-FIT Victory Golf Polo,28
2015-04-28,Nike Men's Free 5.0+ Running Shoe,19
2015-04-28,O'Brien Men's Neoprene Life Vest,21
2015-04-28,Pelican Sunstream 100 Kayak,7
2015-04-28,Perfect Fitness Perfect Rip Deck,20
2015-04-28,Team Golf Tennessee Volunteers Putter Grip,3
2015-04-28,Under Armour Girls' Toddler Spine Surge Runni,15
2015-04-28,Under Armour Hustle Storm Medium Duffle Bag,2
2015-04-28,Under Armour Kids' Mercenary Slide,4
2015-04-29,Diamondback Women's Serene Classic Comfort Bi,4
2015-04-29,Field & Stream Sportsman 16 Gun Fire Safe,6
2015-04-29,LIJA Women's Eyelet Sleeveless Golf Polo,3
2015-04-29,Nike Dri-FIT Crew Sock 6 Pack,1
2015-04-29,Nike Men's CJ Elite 2 TD Football Cleat,9
2015-04-29,Nike Men's Dri-FIT Victory Golf Polo,33
2015-04-29,Nike Men's Free 5.0+ Running Shoe,7
2015-04-29,O'Brien Men's Neoprene Life Vest,27
2015-04-29,Pelican Sunstream 100 Kayak,9
2015-04-29,Perfect Fitness Perfect Rip Deck,21
2015-04-29,TYR Boys' Team Digi Jammer,1
2015-04-29,Titleist Pro V1x High Numbers Golf Balls,2
2015-04-29,Under Armour Girls' Toddler Spine Surge Runni,9
2015-04-29,Under Armour Hustle Storm Medium Duffle Bag,3
2015-04-29,adidas Kids' F5 Messi FG Soccer Cleat,4
2015-04-29,adidas Men's Germany Black Crest Away Tee,1
2015-04-30,Diamondback Women's Serene Classic Comfort Bi,4
2015-04-30,Field & Stream Sportsman 16 Gun Fire Safe,8
2015-04-30,Glove It Women's Mod Oval 3-Zip Carry All Gol,1
2015-04-30,Nike Men's CJ Elite 2 TD Football Cleat,14
2015-04-30,Nike Men's Dri-FIT Victory Golf Polo,44
2015-04-30,Nike Men's Free 5.0+ Running Shoe,1
2015-04-30,Nike Women's Tempo Shorts,3
2015-04-30,O'Brien Men's Neoprene Life Vest,27
2015-04-30,Pelican Sunstream 100 Kayak,10
2015-04-30,Perfect Fitness Perfect Rip Deck,50
2015-04-30,Team Golf San Francisco Giants Putter Grip,3
2015-04-30,Team Golf Tennessee Volunteers Putter Grip,3
2015-04-30,Under Armour Girls' Toddler Spine Surge Runni,22
2015-04-30,adidas Men's Germany Black Crest Away Tee,4
2015-05-01,Bag Boy Beverage Holder,1
2015-05-01,Columbia Men's PFG Anchor Tough T-Shirt,8
2015-05-01,Diamondback Women's Serene Classic Comfort Bi,6
2015-05-01,Field & Stream Sportsman 16 Gun Fire Safe,11
2015-05-01,Glove It Women's Mod Oval Golf Glove,3
2015-05-01,LIJA Women's Eyelet Sleeveless Golf Polo,5
2015-05-01,Nike Men's CJ Elite 2 TD Football Cleat,9
2015-05-01,Nike Men's Comfort 2 Slide,2
2015-05-01,Nike Men's Dri-FIT Victory Golf Polo,53
2015-05-01,Nike Men's Free 5.0+ Running Shoe,37
2015-05-01,Nike Women's Legend V-Neck T-Shirt,1
2015-05-01,Nike Women's Tempo Shorts,2
2015-05-01,O'Brien Men's Neoprene Life Vest,20
2015-05-01,Pelican Sunstream 100 Kayak,7
2015-05-01,Perfect Fitness Perfect Rip Deck,40
2015-05-01,Under Armour Girls' Toddler Spine Surge Runni,21
2015-05-01,adidas Youth Germany Black/Red Away Match Soc,1
2015-05-02,Clicgear 8.0 Shoe Brush,5
2015-05-02,Diamondback Women's Serene Classic Comfort Bi,4
2015-05-02,Field & Stream Sportsman 16 Gun Fire Safe,8
2015-05-02,Glove It Women's Imperial Golf Glove,4
2015-05-02,Nike Dri-FIT Crew Sock 6 Pack,1
2015-05-02,Nike Men's CJ Elite 2 TD Football Cleat,6
2015-05-02,Nike Men's Dri-FIT Victory Golf Polo,24
2015-05-02,Nike Men's Free 5.0+ Running Shoe,14
2015-05-02,O'Brien Men's Neoprene Life Vest,31
2015-05-02,Pelican Sunstream 100 Kayak,9
2015-05-02,Perfect Fitness Perfect Rip Deck,28
2015-05-02,Team Golf San Francisco Giants Putter Grip,1
2015-05-02,Titleist Pro V1 High Numbers Personalized Gol,4
2015-05-02,Under Armour Girls' Toddler Spine Surge Runni,2
2015-05-02,Under Armour Men's Compression EV SL Slide,1
2015-05-02,Under Armour Women's Micro G Skulpt Running S,2
2015-05-03,Bridgestone e6 Straight Distance NFL Carolina,4
2015-05-03,Diamondback Women's Serene Classic Comfort Bi,1
2015-05-03,Field & Stream Sportsman 16 Gun Fire Safe,6
2015-05-03,Glove It Urban Brick Golf Towel,3
2015-05-03,Nike Men's CJ Elite 2 TD Football Cleat,13
2015-05-03,Nike Men's Dri-FIT Victory Golf Polo,22
2015-05-03,Nike Men's Free 5.0+ Running Shoe,35
2015-05-03,Nike Women's Legend V-Neck T-Shirt,1
2015-05-03,O'Brien Men's Neoprene Life Vest,15
2015-05-03,Pelican Sunstream 100 Kayak,8
2015-05-03,Perfect Fitness Perfect Rip Deck,22
2015-05-03,Team Golf Pittsburgh Steelers Putter Grip,2
2015-05-03,Titleist Pro V1x Golf Balls,3
2015-05-03,Under Armour Girls' Toddler Spine Surge Runni,12
2015-05-03,Under Armour Hustle Storm Medium Duffle Bag,3
2015-05-03,adidas Men's Germany Black Crest Away Tee,1
2015-05-04,Diamondback Women's Serene Classic Comfort Bi,8
2015-05-04,Field & Stream Sportsman 16 Gun Fire Safe,2
2015-05-04,Nike Dri-FIT Crew Sock 6 Pack,4
2015-05-04,Nike Men's CJ Elite 2 TD Football Cleat,6
2015-05-04,Nike Men's Dri-FIT Victory Golf Polo,18
2015-05-04,Nike Men's Free 5.0+ Running Shoe,27
2015-05-04,O'Brien Men's Neoprene Life Vest,22
2015-05-04,Pelican Sunstream 100 Kayak,10
2015-05-04,Perfect Fitness Perfect Rip Deck,24
2015-05-04,TYR Boys' Team Digi Jammer,2
2015-05-04,Titleist Pro V1x Golf Balls,1
2015-05-04,Under Armour Girls' Toddler Spine Surge Runni,17
2015-05-04,Under Armour Kids' Mercenary Slide,4
2015-05-04,adidas Youth Germany Black/Red Away Match Soc,4
2015-05-05,Bag Boy Beverage Holder,3
2015-05-05,Bridgestone e6 Straight Distance NFL Tennesse,4
2015-05-05,Clicgear Rovic Cooler Bag,8
2015-05-05,Diamondback Women's Serene Classic Comfort Bi,9
2015-05-05,Field & Stream Sportsman 16 Gun Fire Safe,2
2015-05-05,Nike Men's CJ Elite 2 TD Football Cleat,14
2015-05-05,Nike Men's Dri-FIT Victory Golf Polo,25
2015-05-05,Nike Men's Free 5.0+ Running Shoe,27
2015-05-05,O'Brien Men's Neoprene Life Vest,61
2015-05-05,Pelican Sunstream 100 Kayak,7
2015-05-05,Perfect Fitness Perfect Rip Deck,16
2015-05-05,Under Armour Girls' Toddler Spine Surge Runni,17
2015-05-05,Under Armour Kids' Mercenary Slide,1
2015-05-05,Under Armour Men's Tech II T-Shirt,1
2015-05-06,Diamondback Women's Serene Classic Comfort Bi,7
2015-05-06,Field & Stream Sportsman 16 Gun Fire Safe,8
2015-05-06,Hirzl Men's Hybrid Golf Glove,1
2015-05-06,Hirzl Women's Hybrid Golf Glove,4
2015-05-06,Nike Men's CJ Elite 2 TD Football Cleat,14
2015-05-06,Nike Men's Dri-FIT Victory Golf Polo,35
2015-05-06,Nike Men's Free 5.0+ Running Shoe,7
2015-05-06,Nike Women's Tempo Shorts,3
2015-05-06,O'Brien Men's Neoprene Life Vest,37
2015-05-06,Pelican Sunstream 100 Kayak,4
2015-05-06,Perfect Fitness Perfect Rip Deck,27
2015-05-06,Titleist Pro V1x High Numbers Golf Balls,1
2015-05-06,Under Armour Girls' Toddler Spine Surge Runni,16
2015-05-06,Under Armour Hustle Storm Medium Duffle Bag,1
2015-05-06,Under Armour Kids' Mercenary Slide,1
2015-05-06,adidas Youth Germany Black/Red Away Match Soc,2
2015-05-07,Bridgestone e6 Straight Distance NFL Tennesse,1
2015-05-07,Clicgear Rovic Cooler Bag,3
2015-05-07,Diamondback Women's Serene Classic Comfort Bi,7
2015-05-07,Field & Stream Sportsman 16 Gun Fire Safe,4
2015-05-07,Nike Men's CJ Elite 2 TD Football Cleat,6
2015-05-07,Nike Men's Dri-FIT Victory Golf Polo,33
2015-05-07,Nike Men's Free 5.0+ Running Shoe,23
2015-05-07,O'Brien Men's Neoprene Life Vest,29
2015-05-07,Pelican Sunstream 100 Kayak,7
2015-05-07,Perfect Fitness Perfect Rip Deck,31
2015-05-07,Team Golf Pittsburgh Steelers Putter Grip,2
2015-05-07,Team Golf Tennessee Volunteers Putter Grip,7
2015-05-07,Under Armour Girls' Toddler Spine Surge Runni,23
2015-05-07,Under Armour Women's Micro G Skulpt Running S,5
2015-05-08,Clicgear Rovic Cooler Bag,4
2015-05-08,Diamondback Women's Serene Classic Comfort Bi,5
2015-05-08,ENO Atlas Hammock Straps,2
2015-05-08,Field & Stream Sportsman 16 Gun Fire Safe,8
2015-05-08,Nike Men's CJ Elite 2 TD Football Cleat,7
2015-05-08,Nike Men's Dri-FIT Victory Golf Polo,7
2015-05-08,Nike Men's Free 5.0+ Running Shoe,34
2015-05-08,O'Brien Men's Neoprene Life Vest,16
2015-05-08,Pelican Sunstream 100 Kayak,6
2015-05-08,Perfect Fitness Perfect Rip Deck,48
2015-05-08,Team Golf Pittsburgh Steelers Putter Grip,2
2015-05-08,Under Armour Girls' Toddler Spine Surge Runni,12
2015-05-08,adidas Kids' F5 Messi FG Soccer Cleat,3
2015-05-09,Bridgestone e6 Straight Distance NFL San Dieg,3
2015-05-09,Field & Stream Sportsman 16 Gun Fire Safe,10
2015-05-09,LIJA Women's Eyelet Sleeveless Golf Polo,4
2015-05-09,Nike Men's CJ Elite 2 TD Football Cleat,7
2015-05-09,Nike Men's Dri-FIT Victory Golf Polo,20
2015-05-09,Nike Men's Free 5.0+ Running Shoe,22
2015-05-09,O'Brien Men's Neoprene Life Vest,18
2015-05-09,Pelican Sunstream 100 Kayak,10
2015-05-09,Perfect Fitness Perfect Rip Deck,43
2015-05-09,Titleist Pro V1x High Numbers Personalized Go,5
2015-05-09,Top Flite Women's 2014 XL Hybrid,2
2015-05-09,Under Armour Girls' Toddler Spine Surge Runni,13
2015-05-09,adidas Men's Germany Black Crest Away Tee,2
2015-05-10,Bag Boy Beverage Holder,2
2015-05-10,Clicgear 8.0 Shoe Brush,5
2015-05-10,Diamondback Women's Serene Classic Comfort Bi,5
2015-05-10,Field & Stream Sportsman 16 Gun Fire Safe,6
2015-05-10,Nike Dri-FIT Crew Sock 6 Pack,2
2015-05-10,Nike Men's CJ Elite 2 TD Football Cleat,6
2015-05-10,Nike Men's Dri-FIT Victory Golf Polo,13
2015-05-10,Nike Men's Free 5.0+ Running Shoe,4
2015-05-10,O'Brien Men's Neoprene Life Vest,36
2015-05-10,Pelican Sunstream 100 Kayak,3
2015-05-10,Perfect Fitness Perfect Rip Deck,35
2015-05-10,Team Golf Pittsburgh Steelers Putter Grip,3
2015-05-10,Team Golf Texas Longhorns Putter Grip,5
2015-05-10,Under Armour Girls' Toddler Spine Surge Runni,9
2015-05-10,Under Armour Men's Tech II T-Shirt,5
2015-05-11,Clicgear 8.0 Shoe Brush,2
2015-05-11,Diamondback Women's Serene Classic Comfort Bi,6
2015-05-11,Field & Stream Sportsman 16 Gun Fire Safe,17
2015-05-11,Glove It Urban Brick Golf Towel,4
2015-05-11,Glove It Women's Imperial Golf Glove,4
2015-05-11,Hirzl Men's Hybrid Golf Glove,3
2015-05-11,LIJA Women's Eyelet Sleeveless Golf Polo,3
2015-05-11,Nike Men's CJ Elite 2 TD Football Cleat,16
2015-05-11,Nike Men's Deutschland Weltmeister Winners Bl,2
2015-05-11,Nike Men's Dri-FIT Victory Golf Polo,39
2015-05-11,Nike Men's Free 5.0+ Running Shoe,24
2015-05-11,O'Brien Men's Neoprene Life Vest,45
2015-05-11,Pelican Sunstream 100 Kayak,9
2015-05-11,Perfect Fitness Perfect Rip Deck,48
2015-05-11,Team Golf San Francisco Giants Putter Grip,4
2015-05-11,Titleist Pro V1 High Numbers Personalized Gol,2
2015-05-11,Titleist Pro V1x High Numbers Personalized Go,5
2015-05-11,Under Armour Girls' Toddler Spine Surge Runni,11
2015-05-12,Clicgear Rovic Cooler Bag,2
2015-05-12,Diamondback Women's Serene Classic Comfort Bi,9
2015-05-12,Field & Stream Sportsman 16 Gun Fire Safe,9
2015-05-12,Nike Men's CJ Elite 2 TD Football Cleat,7
2015-05-12,Nike Men's Dri-FIT Victory Golf Polo,16
2015-05-12,Nike Men's Free 5.0+ Running Shoe,5
2015-05-12,O'Brien Men's Neoprene Life Vest,18
2015-05-12,Pelican Sunstream 100 Kayak,3
2015-05-12,Perfect Fitness Perfect Rip Deck,25
2015-05-12,Team Golf San Francisco Giants Putter Grip,3
2015-05-12,Team Golf St. Louis Cardinals Putter Grip,1
2015-05-12,Titleist Pro V1x Golf Balls,2
2015-05-12,Under Armour Girls' Toddler Spine Surge Runni,3
2015-05-12,adidas Kids' F5 Messi FG Soccer Cleat,2
2015-05-12,adidas Men's F10 Messi TRX FG Soccer Cleat,1
2015-05-13,Diamondback Women's Serene Classic Comfort Bi,1
2015-05-13,Field & Stream Sportsman 16 Gun Fire Safe,6
2015-05-13,Glove It Imperial Golf Towel,3
2015-05-13,Nike Dri-FIT Crew Sock 6 Pack,1
2015-05-13,Nike Men's CJ Elite 2 TD Football Cleat,12
2015-05-13,Nike Men's Dri-FIT Victory Golf Polo,23
2015-05-13,Nike Men's Free 5.0+ Running Shoe,18
2015-05-13,O'Brien Men's Neoprene Life Vest,15
2015-05-13,Pelican Sunstream 100 Kayak,4
2015-05-13,Perfect Fitness Perfect Rip Deck,48
2015-05-13,Team Golf Tennessee Volunteers Putter Grip,5
2015-05-13,Team Golf Texas Longhorns Putter Grip,2
2015-05-13,Titleist Pro V1x High Numbers Personalized Go,3
2015-05-13,Top Flite Women's 2014 XL Hybrid,2
2015-05-13,Under Armour Girls' Toddler Spine Surge Runni,9
2015-05-14,Clicgear Rovic Cooler Bag,5
2015-05-14,Diamondback Women's Serene Classic Comfort Bi,7
2015-05-14,Field & Stream Sportsman 16 Gun Fire Safe,7
2015-05-14,Nike Dri-FIT Crew Sock 6 Pack,5
2015-05-14,Nike Men's CJ Elite 2 TD Football Cleat,10
2015-05-14,Nike Men's Dri-FIT Victory Golf Polo,30
2015-05-14,Nike Men's Free 5.0+ Running Shoe,25
2015-05-14,O'Brien Men's Neoprene Life Vest,36
2015-05-14,Pelican Sunstream 100 Kayak,7
2015-05-14,Perfect Fitness Perfect Rip Deck,45
2015-05-14,Team Golf New England Patriots Putter Grip,5
2015-05-14,Team Golf Pittsburgh Steelers Putter Grip,2
2015-05-14,Team Golf Tennessee Volunteers Putter Grip,5
2015-05-14,Team Golf Texas Longhorns Putter Grip,2
2015-05-14,Under Armour Girls' Toddler Spine Surge Runni,15
2015-05-14,Under Armour Men's Tech II T-Shirt,5
2015-05-14,Under Armour Women's Ignite Slide,5
2015-05-15,Diamondback Women's Serene Classic Comfort Bi,5
2015-05-15,Field & Stream Sportsman 16 Gun Fire Safe,8
2015-05-15,Glove It Urban Brick Golf Towel,4
2015-05-15,Nike Men's CJ Elite 2 TD Football Cleat,8
2015-05-15,Nike Men's Dri-FIT Victory Golf Polo,43
2015-05-15,Nike Men's Free 5.0+ Running Shoe,18
2015-05-15,Nike Women's Tempo Shorts,3
2015-05-15,O'Brien Men's Neoprene Life Vest,35
2015-05-15,Pelican Sunstream 100 Kayak,7
2015-05-15,Perfect Fitness Perfect Rip Deck,43
2015-05-15,Titleist Pro V1x High Numbers Personalized Go,2
2015-05-15,Under Armour Girls' Toddler Spine Surge Runni,11
2015-05-15,Under Armour Men's Compression EV SL Slide,2
2015-05-16,Bag Boy Beverage Holder,5
2015-05-16,Diamondback Women's Serene Classic Comfort Bi,6
2015-05-16,Field & Stream Sportsman 16 Gun Fire Safe,1
2015-05-16,Glove It Women's Mod Oval 3-Zip Carry All Gol,3
2015-05-16,Hirzl Women's Hybrid Golf Glove,4
2015-05-16,Nike Men's CJ Elite 2 TD Football Cleat,6
2015-05-16,Nike Men's Comfort 2 Slide,4
2015-05-16,Nike Men's Dri-FIT Victory Golf Polo,16
2015-05-16,Nike Men's Free 5.0+ Running Shoe,4
2015-05-16,O'Brien Men's Neoprene Life Vest,18
2015-05-16,Pelican Sunstream 100 Kayak,5
2015-05-16,Perfect Fitness Perfect Rip Deck,24
2015-05-16,Team Golf St. Louis Cardinals Putter Grip,1
2015-05-16,Under Armour Girls' Toddler Spine Surge Runni,5
2015-05-17,Diamondback Women's Serene Classic Comfort Bi,6
2015-05-17,Field & Stream Sportsman 16 Gun Fire Safe,9
2015-05-17,Glove It Urban Brick Golf Towel,3
2015-05-17,Hirzl Women's Soffft Flex Golf Glove,4
2015-05-17,Nike Men's CJ Elite 2 TD Football Cleat,7
2015-05-17,Nike Men's Dri-FIT Victory Golf Polo,16
2015-05-17,Nike Men's Free 5.0+ Running Shoe,13
2015-05-17,Nike Women's Legend V-Neck T-Shirt,3
2015-05-17,Nike Women's Tempo Shorts,1
2015-05-17,O'Brien Men's Neoprene Life Vest,22
2015-05-17,Pelican Sunstream 100 Kayak,9
2015-05-17,Perfect Fitness Perfect Rip Deck,55
2015-05-17,Team Golf New England Patriots Putter Grip,5
2015-05-17,Team Golf Texas Longhorns Putter Grip,4
2015-05-17,Under Armour Girls' Toddler Spine Surge Runni,22
2015-05-17,Under Armour Hustle Storm Medium Duffle Bag,4
2015-05-17,Under Armour Women's Ignite PIP VI Slide,4
2015-05-18,Bridgestone e6 Straight Distance NFL Tennesse,5
2015-05-18,Diamondback Women's Serene Classic Comfort Bi,8
2015-05-18,Field & Stream Sportsman 16 Gun Fire Safe,7
2015-05-18,Nike Men's CJ Elite 2 TD Football Cleat,8
2015-05-18,Nike Men's Dri-FIT Victory Golf Polo,34
2015-05-18,Nike Men's Free 5.0+ Running Shoe,22
2015-05-18,O'Brien Men's Neoprene Life Vest,32
2015-05-18,Pelican Sunstream 100 Kayak,7
2015-05-18,Perfect Fitness Perfect Rip Deck,41
2015-05-18,Team Golf Pittsburgh Steelers Putter Grip,2
2015-05-18,Team Golf Tennessee Volunteers Putter Grip,1
2015-05-18,Titleist Pro V1 High Numbers Personalized Gol,5
2015-05-18,Under Armour Girls' Toddler Spine Surge Runni,11
2015-05-18,Under Armour Women's Micro G Skulpt Running S,3
2015-05-19,Columbia Men's PFG Anchor Tough T-Shirt,4
2015-05-19,Diamondback Women's Serene Classic Comfort Bi,4
2015-05-19,Field & Stream Sportsman 16 Gun Fire Safe,14
2015-05-19,Glove It Women's Imperial Golf Glove,2
2015-05-19,Hirzl Women's Hybrid Golf Glove,1
2015-05-19,LIJA Women's Eyelet Sleeveless Golf Polo,5
2015-05-19,Nike Dri-FIT Crew Sock 6 Pack,5
2015-05-19,Nike Men's CJ Elite 2 TD Football Cleat,20
2015-05-19,Nike Men's Deutschland Weltmeister Winners Bl,10
2015-05-19,Nike Men's Dri-FIT Victory Golf Polo,21
2015-05-19,Nike Men's Free 5.0+ Running Shoe,21
2015-05-19,Nike Women's Tempo Shorts,1
2015-05-19,O'Brien Men's Neoprene Life Vest,27
2015-05-19,Pelican Sunstream 100 Kayak,5
2015-05-19,Perfect Fitness Perfect Rip Deck,21
2015-05-19,TYR Boys' Team Digi Jammer,5
2015-05-19,Team Golf New England Patriots Putter Grip,7
2015-05-19,Team Golf St. Louis Cardinals Putter Grip,5
2015-05-19,Titleist Pro V1x High Numbers Personalized Go,2
2015-05-19,Under Armour Girls' Toddler Spine Surge Runni,20
2015-05-19,Under Armour Hustle Storm Medium Duffle Bag,4
2015-05-19,adidas Youth Germany Black/Red Away Match Soc,1
2015-05-20,Diamondback Women's Serene Classic Comfort Bi,8
2015-05-20,Field & Stream Sportsman 16 Gun Fire Safe,10
2015-05-20,Nike Dri-FIT Crew Sock 6 Pack,2
2015-05-20,Nike Men's CJ Elite 2 TD Football Cleat,10
2015-05-20,Nike Men's Comfort 2 Slide,3
2015-05-20,Nike Men's Dri-FIT Victory Golf Polo,40
2015-05-20,Nike Men's Free 5.0+ Running Shoe,21
2015-05-20,O'Brien Men's Neoprene Life Vest,21
2015-05-20,Pelican Sunstream 100 Kayak,11
2015-05-20,Perfect Fitness Perfect Rip Deck,50
2015-05-20,TYR Boys' Team Digi Jammer,4
2015-05-20,Team Golf St. Louis Cardinals Putter Grip,4
2015-05-20,Under Armour Girls' Toddler Spine Surge Runni,22
2015-05-20,Under Armour Men's Compression EV SL Slide,1
2015-05-20,adidas Men's F10 Messi TRX FG Soccer Cleat,2
2015-05-21,Bridgestone e6 Straight Distance NFL Carolina,4
2015-05-21,Clicgear Rovic Cooler Bag,1
2015-05-21,Diamondback Women's Serene Classic Comfort Bi,6
2015-05-21,ENO Atlas Hammock Straps,3
2015-05-21,Field & Stream Sportsman 16 Gun Fire Safe,7
2015-05-21,Glove It Women's Mod Oval 3-Zip Carry All Gol,5
2015-05-21,LIJA Women's Eyelet Sleeveless Golf Polo,1
2015-05-21,Nike Men's CJ Elite 2 TD Football Cleat,9
2015-05-21,Nike Men's Dri-FIT Victory Golf Polo,14
2015-05-21,Nike Men's Free 5.0+ Running Shoe,16
2015-05-21,O'Brien Men's Neoprene Life Vest,34
2015-05-21,Pelican Sunstream 100 Kayak,4
2015-05-21,Perfect Fitness Perfect Rip Deck,42
2015-05-21,Team Golf Pittsburgh Steelers Putter Grip,3
2015-05-21,Team Golf St. Louis Cardinals Putter Grip,5
2015-05-21,Titleist Pro V1 High Numbers Personalized Gol,1
2015-05-21,Top Flite Women's 2014 XL Hybrid,9
2015-05-21,Under Armour Girls' Toddler Spine Surge Runni,9
2015-05-21,adidas Men's F10 Messi TRX FG Soccer Cleat,4
2015-05-22,Clicgear 8.0 Shoe Brush,5
2015-05-22,Diamondback Women's Serene Classic Comfort Bi,1
2015-05-22,Field & Stream Sportsman 16 Gun Fire Safe,5
2015-05-22,Hirzl Men's Hybrid Golf Glove,1
2015-05-22,Hirzl Women's Hybrid Golf Glove,2
2015-05-22,Nike Men's CJ Elite 2 TD Football Cleat,7
2015-05-22,Nike Men's Dri-FIT Victory Golf Polo,12
2015-05-22,Nike Men's Free 5.0+ Running Shoe,19
2015-05-22,O'Brien Men's Neoprene Life Vest,15
2015-05-22,Pelican Sunstream 100 Kayak,3
2015-05-22,Perfect Fitness Perfect Rip Deck,30
2015-05-22,Team Golf Tennessee Volunteers Putter Grip,3
2015-05-22,Team Golf Texas Longhorns Putter Grip,5
2015-05-22,Titleist Pro V1 High Numbers Personalized Gol,3
2015-05-22,Under Armour Girls' Toddler Spine Surge Runni,8
2015-05-22,adidas Kids' F5 Messi FG Soccer Cleat,2
2015-05-23,Bridgestone e6 Straight Distance NFL San Dieg,5
2015-05-23,Bridgestone e6 Straight Distance NFL Tennesse,1
2015-05-23,Diamondback Women's Serene Classic Comfort Bi,6
2015-05-23,Field & Stream Sportsman 16 Gun Fire Safe,6
2015-05-23,Nike Men's CJ Elite 2 TD Football Cleat,7
2015-05-23,Nike Men's Deutschland Weltmeister Winners Bl,1
2015-05-23,Nike Men's Dri-FIT Victory Golf Polo,21
2015-05-23,Nike Men's Free 5.0+ Running Shoe,29
2015-05-23,O'Brien Men's Neoprene Life Vest,29
2015-05-23,Pelican Sunstream 100 Kayak,8
2015-05-23,Perfect Fitness Perfect Rip Deck,29
2015-05-23,Team Golf Tennessee Volunteers Putter Grip,4
2015-05-23,Titleist Pro V1x High Numbers Golf Balls,3
2015-05-23,Under Armour Girls' Toddler Spine Surge Runni,9
2015-05-23,Under Armour Kids' Mercenary Slide,3
2015-05-23,Under Armour Women's Micro G Skulpt Running S,4
2015-05-23,adidas Men's F10 Messi TRX FG Soccer Cleat,1
2015-05-24,Clicgear 8.0 Shoe Brush,5
2015-05-24,Columbia Men's PFG Anchor Tough T-Shirt,4
2015-05-24,Diamondback Women's Serene Classic Comfort Bi,6
2015-05-24,Field & Stream Sportsman 16 Gun Fire Safe,6
2015-05-24,Glove It Women's Mod Oval 3-Zip Carry All Gol,5
2015-05-24,Nike Men's CJ Elite 2 TD Football Cleat,8
2015-05-24,Nike Men's Deutschland Weltmeister Winners Bl,1
2015-05-24,Nike Men's Dri-FIT Victory Golf Polo,30
2015-05-24,Nike Men's Free 5.0+ Running Shoe,27
2015-05-24,Nike Women's Legend V-Neck T-Shirt,4
2015-05-24,O'Brien Men's Neoprene Life Vest,18
2015-05-24,Pelican Sunstream 100 Kayak,7
2015-05-24,Perfect Fitness Perfect Rip Deck,20
2015-05-24,Under Armour Girls' Toddler Spine Surge Runni,10
2015-05-24,Under Armour Kids' Mercenary Slide,1
2015-05-24,Under Armour Men's Compression EV SL Slide,5
2015-05-24,Under Armour Women's Ignite Slide,2
2015-05-24,adidas Kids' F5 Messi FG Soccer Cleat,1
2015-05-24,adidas Men's F10 Messi TRX FG Soccer Cleat,1
2015-05-25,Bag Boy Beverage Holder,5
2015-05-25,Diamondback Women's Serene Classic Comfort Bi,8
2015-05-25,Field & Stream Sportsman 16 Gun Fire Safe,10
2015-05-25,Glove It Urban Brick Golf Towel,2
2015-05-25,Glove It Women's Mod Oval Golf Glove,4
2015-05-25,LIJA Women's Eyelet Sleeveless Golf Polo,5
2015-05-25,Nike Men's CJ Elite 2 TD Football Cleat,8
2015-05-25,Nike Men's Dri-FIT Victory Golf Polo,13
2015-05-25,Nike Men's Free 5.0+ Running Shoe,15
2015-05-25,O'Brien Men's Neoprene Life Vest,16
2015-05-25,Pelican Sunstream 100 Kayak,7
2015-05-25,Perfect Fitness Perfect Rip Deck,14
2015-05-25,Team Golf New England Patriots Putter Grip,5
2015-05-25,Team Golf Texas Longhorns Putter Grip,5
2015-05-25,Titleist Pro V1x High Numbers Golf Balls,3
2015-05-25,Under Armour Girls' Toddler Spine Surge Runni,11
2015-05-26,Diamondback Women's Serene Classic Comfort Bi,3
2015-05-26,Field & Stream Sportsman 16 Gun Fire Safe,6
2015-05-26,Nike Men's CJ Elite 2 TD Football Cleat,9
2015-05-26,Nike Men's Dri-FIT Victory Golf Polo,40
2015-05-26,Nike Men's Free 5.0+ Running Shoe,15
2015-05-26,O'Brien Men's Neoprene Life Vest,20
2015-05-26,Pelican Sunstream 100 Kayak,9
2015-05-26,Perfect Fitness Perfect Rip Deck,38
2015-05-26,Titleist Pro V1x Golf Balls,4
2015-05-26,Top Flite Women's 2014 XL Hybrid,2
2015-05-26,Under Armour Girls' Toddler Spine Surge Runni,21
2015-05-26,Under Armour Men's Tech II T-Shirt,3
2015-05-27,Bridgestone e6 Straight Distance NFL Carolina,5
2015-05-27,Diamondback Women's Serene Classic Comfort Bi,7
2015-05-27,Field & Stream Sportsman 16 Gun Fire Safe,5
2015-05-27,Glove It Imperial Golf Towel,3
2015-05-27,Glove It Women's Imperial Golf Glove,3
2015-05-27,Glove It Women's Mod Oval Golf Glove,4
2015-05-27,Hirzl Women's Hybrid Golf Glove,2
2015-05-27,Nike Men's CJ Elite 2 TD Football Cleat,14
2015-05-27,Nike Men's Dri-FIT Victory Golf Polo,25
2015-05-27,Nike Men's Free 5.0+ Running Shoe,21
2015-05-27,O'Brien Men's Neoprene Life Vest,20
2015-05-27,Pelican Sunstream 100 Kayak,9
2015-05-27,Perfect Fitness Perfect Rip Deck,35
2015-05-27,Team Golf Tennessee Volunteers Putter Grip,7
2015-05-27,Under Armour Girls' Toddler Spine Surge Runni,17
2015-05-27,adidas Men's F10 Messi TRX FG Soccer Cleat,4
2015-05-28,Columbia Men's PFG Anchor Tough T-Shirt,2
2015-05-28,Diamondback Women's Serene Classic Comfort Bi,7
2015-05-28,Field & Stream Sportsman 16 Gun Fire Safe,6
2015-05-28,Glove It Women's Imperial Golf Glove,4
2015-05-28,Hirzl Women's Soffft Flex Golf Glove,4
2015-05-28,Nike Dri-FIT Crew Sock 6 Pack,2
2015-05-28,Nike Men's CJ Elite 2 TD Football Cleat,4
2015-05-28,Nike Men's Deutschland Weltmeister Winners Bl,5
2015-05-28,Nike Men's Dri-FIT Victory Golf Polo,29
2015-05-28,Nike Men's Free 5.0+ Running Shoe,35
2015-05-28,Nike Women's Legend V-Neck T-Shirt,4
2015-05-28,O'Brien Men's Neoprene Life Vest,34
2015-05-28,Pelican Sunstream 100 Kayak,5
2015-05-28,Perfect Fitness Perfect Rip Deck,27
2015-05-28,Titleist Pro V1x High Numbers Personalized Go,5
2015-05-28,Under Armour Girls' Toddler Spine Surge Runni,18
2015-05-28,Under Armour Men's Compression EV SL Slide,4
2015-05-28,Under Armour Women's Ignite Slide,1
2015-05-29,Diamondback Women's Serene Classic Comfort Bi,7
2015-05-29,Field & Stream Sportsman 16 Gun Fire Safe,8
2015-05-29,Glove It Women's Imperial Golf Glove,4
2015-05-29,Nike Men's CJ Elite 2 TD Football Cleat,9
2015-05-29,Nike Men's Dri-FIT Victory Golf Polo,36
2015-05-29,Nike Men's Free 5.0+ Running Shoe,27
2015-05-29,Nike Women's Tempo Shorts,4
2015-05-29,O'Brien Men's Neoprene Life Vest,37
2015-05-29,Pelican Sunstream 100 Kayak,7
2015-05-29,Perfect Fitness Perfect Rip Deck,48
2015-05-29,TYR Boys' Team Digi Jammer,4
2015-05-29,Under Armour Girls' Toddler Spine Surge Runni,3
2015-05-29,Under Armour Women's Ignite Slide,4
2015-05-30,Diamondback Women's Serene Classic Comfort Bi,12
2015-05-30,Field & Stream Sportsman 16 Gun Fire Safe,13
2015-05-30,Hirzl Men's Hybrid Golf Glove,2
2015-05-30,Hirzl Women's Soffft Flex Golf Glove,1
2015-05-30,LIJA Women's Eyelet Sleeveless Golf Polo,4
2015-05-30,Nike Dri-FIT Crew Sock 6 Pack,2
2015-05-30,Nike Men's CJ Elite 2 TD Football Cleat,12
2015-05-30,Nike Men's Comfort 2 Slide,1
2015-05-30,Nike Men's Dri-FIT Victory Golf Polo,23
2015-05-30,Nike Men's Free 5.0+ Running Shoe,28
2015-05-30,O'Brien Men's Neoprene Life Vest,9
2015-05-30,Pelican Sunstream 100 Kayak,11
2015-05-30,Perfect Fitness Perfect Rip Deck,28
2015-05-30,Team Golf New England Patriots Putter Grip,5
2015-05-30,Team Golf Pittsburgh Steelers Putter Grip,4
2015-05-30,Team Golf San Francisco Giants Putter Grip,4
2015-05-30,Team Golf Tennessee Volunteers Putter Grip,4
2015-05-30,Titleist Pro V1x High Numbers Personalized Go,2
2015-05-30,Under Armour Girls' Toddler Spine Surge Runni,23
2015-05-31,Diamondback Women's Serene Classic Comfort Bi,7
2015-05-31,Field & Stream Sportsman 16 Gun Fire Safe,5
2015-05-31,Glove It Urban Brick Golf Towel,4
2015-05-31,Glove It Women's Mod Oval Golf Glove,1
2015-05-31,Hirzl Men's Hybrid Golf Glove,1
2015-05-31,Hirzl Women's Hybrid Golf Glove,3
2015-05-31,Nike Men's CJ Elite 2 TD Football Cleat,15
2015-05-31,Nike Men's Dri-FIT Victory Golf Polo,15
2015-05-31,Nike Men's Free 5.0+ Running Shoe,13
2015-05-31,O'Brien Men's Neoprene Life Vest,26
2015-05-31,Pelican Sunstream 100 Kayak,3
2015-05-31,Perfect Fitness Perfect Rip Deck,37
2015-05-31,Team Golf New England Patriots Putter Grip,5
2015-05-31,Under Armour Girls' Toddler Spine Surge Runni,9
2015-05-31,adidas Men's F10 Messi TRX FG Soccer Cleat,2
2015-06-01,Bridgestone e6 Straight Distance NFL Carolina,5
2015-06-01,Diamondback Women's Serene Classic Comfort Bi,10
2015-06-01,Field & Stream Sportsman 16 Gun Fire Safe,9
2015-06-01,Glove It Imperial Golf Towel,3
2015-06-01,Hirzl Women's Hybrid Golf Glove,1
2015-06-01,Hirzl Women's Soffft Flex Golf Glove,3
2015-06-01,Nike Men's CJ Elite 2 TD Football Cleat,12
2015-06-01,Nike Men's Dri-FIT Victory Golf Polo,38
2015-06-01,Nike Men's Free 5.0+ Running Shoe,28
2015-06-01,O'Brien Men's Neoprene Life Vest,18
2015-06-01,Pelican Sunstream 100 Kayak,9
2015-06-01,Perfect Fitness Perfect Rip Deck,46
2015-06-01,Titleist Pro V1x High Numbers Golf Balls,2
2015-06-01,Under Armour Girls' Toddler Spine Surge Runni,12
2015-06-01,Under Armour Women's Ignite PIP VI Slide,4
2015-06-01,Under Armour Women's Ignite Slide,1
2015-06-01,adidas Men's F10 Messi TRX FG Soccer Cleat,3
2015-06-02,Clicgear 8.0 Shoe Brush,4
2015-06-02,Diamondback Women's Serene Classic Comfort Bi,7
2015-06-02,Field & Stream Sportsman 16 Gun Fire Safe,7
2015-06-02,Glove It Urban Brick Golf Towel,4
2015-06-02,LIJA Women's Eyelet Sleeveless Golf Polo,6
2015-06-02,Nike Men's CJ Elite 2 TD Football Cleat,12
2015-06-02,Nike Men's Dri-FIT Victory Golf Polo,45
2015-06-02,Nike Men's Free 5.0+ Running Shoe,25
2015-06-02,Nike Women's Legend V-Neck T-Shirt,2
2015-06-02,O'Brien Men's Neoprene Life Vest,22
2015-06-02,Pelican Sunstream 100 Kayak,11
2015-06-02,Perfect Fitness Perfect Rip Deck,17
2015-06-02,Team Golf San Francisco Giants Putter Grip,4
2015-06-02,Team Golf St. Louis Cardinals Putter Grip,3
2015-06-02,Under Armour Girls' Toddler Spine Surge Runni,12
2015-06-03,Bag Boy Beverage Holder,5
2015-06-03,Diamondback Women's Serene Classic Comfort Bi,4
2015-06-03,Field & Stream Sportsman 16 Gun Fire Safe,3
2015-06-03,Glove It Urban Brick Golf Towel,4
2015-06-03,Glove It Women's Mod Oval 3-Zip Carry All Gol,2
2015-06-03,Hirzl Men's Hybrid Golf Glove,1
2015-06-03,Hirzl Women's Hybrid Golf Glove,3
2015-06-03,Nike Men's CJ Elite 2 TD Football Cleat,13
2015-06-03,Nike Men's Deutschland Weltmeister Winners Bl,3
2015-06-03,Nike Men's Dri-FIT Victory Golf Polo,14
2015-06-03,Nike Men's Free 5.0+ Running Shoe,10
2015-06-03,O'Brien Men's Neoprene Life Vest,24
2015-06-03,Pelican Sunstream 100 Kayak,6
2015-06-03,Perfect Fitness Perfect Rip Deck,36
2015-06-03,Team Golf Tennessee Volunteers Putter Grip,4
2015-06-03,Team Golf Texas Longhorns Putter Grip,3
2015-06-03,Titleist Pro V1x Golf Balls,4
2015-06-03,Titleist Pro V1x High Numbers Golf Balls,3
2015-06-03,Under Armour Girls' Toddler Spine Surge Runni,5
2015-06-04,Diamondback Women's Serene Classic Comfort Bi,4
2015-06-04,Field & Stream Sportsman 16 Gun Fire Safe,6
2015-06-04,Nike Men's CJ Elite 2 TD Football Cleat,10
2015-06-04,Nike Men's Comfort 2 Slide,1
2015-06-04,Nike Men's Dri-FIT Victory Golf Polo,28
2015-06-04,Nike Men's Free 5.0+ Running Shoe,26
2015-06-04,Nike Women's Tempo Shorts,4
2015-06-04,O'Brien Men's Neoprene Life Vest,36
2015-06-04,Pelican Sunstream 100 Kayak,3
2015-06-04,Perfect Fitness Perfect Rip Deck,38
2015-06-04,Team Golf New England Patriots Putter Grip,1
2015-06-04,Titleist Pro V1x High Numbers Personalized Go,5
2015-06-04,Top Flite Women's 2014 XL Hybrid,2
2015-06-04,Under Armour Girls' Toddler Spine Surge Runni,23
2015-06-04,Under Armour Men's Compression EV SL Slide,5
2015-06-04,Under Armour Women's Micro G Skulpt Running S,4
2015-06-04,adidas Men's Germany Black Crest Away Tee,2
2015-06-05,Bridgestone e6 Straight Distance NFL San Dieg,4
2015-06-05,Clicgear 8.0 Shoe Brush,5
2015-06-05,Diamondback Women's Serene Classic Comfort Bi,2
2015-06-05,Field & Stream Sportsman 16 Gun Fire Safe,4
2015-06-05,LIJA Women's Eyelet Sleeveless Golf Polo,4
2015-06-05,Nike Men's CJ Elite 2 TD Football Cleat,9
2015-06-05,Nike Men's Dri-FIT Victory Golf Polo,25
2015-06-05,Nike Men's Free 5.0+ Running Shoe,9
2015-06-05,O'Brien Men's Neoprene Life Vest,11
2015-06-05,Pelican Sunstream 100 Kayak,3
2015-06-05,Perfect Fitness Perfect Rip Deck,18
2015-06-05,Top Flite Women's 2014 XL Hybrid,4
2015-06-05,Under Armour Girls' Toddler Spine Surge Runni,14
2015-06-05,Under Armour Women's Ignite PIP VI Slide,3
2015-06-06,Clicgear 8.0 Shoe Brush,4
2015-06-06,Diamondback Women's Serene Classic Comfort Bi,5
2015-06-06,Field & Stream Sportsman 16 Gun Fire Safe,5
2015-06-06,Glove It Women's Mod Oval Golf Glove,3
2015-06-06,Hirzl Women's Soffft Flex Golf Glove,4
2015-06-06,LIJA Women's Eyelet Sleeveless Golf Polo,4
2015-06-06,Nike Men's CJ Elite 2 TD Football Cleat,11
2015-06-06,Nike Men's Deutschland Weltmeister Winners Bl,1
2015-06-06,Nike Men's Dri-FIT Victory Golf Polo,29
2015-06-06,Nike Men's Free 5.0+ Running Shoe,24
2015-06-06,O'Brien Men's Neoprene Life Vest,27
2015-06-06,Pelican Sunstream 100 Kayak,4
2015-06-06,Perfect Fitness Perfect Rip Deck,13
2015-06-06,Team Golf San Francisco Giants Putter Grip,5
2015-06-06,Under Armour Girls' Toddler Spine Surge Runni,19
2015-06-07,Columbia Men's PFG Anchor Tough T-Shirt,1
2015-06-07,Diamondback Women's Serene Classic Comfort Bi,13
2015-06-07,Field & Stream Sportsman 16 Gun Fire Safe,5
2015-06-07,Glove It Imperial Golf Towel,2
2015-06-07,Hirzl Men's Hybrid Golf Glove,2
2015-06-07,LIJA Women's Eyelet Sleeveless Golf Polo,4
2015-06-07,Nike Men's CJ Elite 2 TD Football Cleat,10
2015-06-07,Nike Men's Dri-FIT Victory Golf Polo,37
2015-06-07,Nike Men's Free 5.0+ Running Shoe,17
2015-06-07,O'Brien Men's Neoprene Life Vest,29
2015-06-07,Pelican Sunstream 100 Kayak,7
2015-06-07,Perfect Fitness Perfect Rip Deck,47
2015-06-07,TYR Boys' Team Digi Jammer,3
2015-06-07,Team Golf Pittsburgh Steelers Putter Grip,3
2015-06-07,Titleist Pro V1 High Numbers Personalized Gol,4
2015-06-07,Under Armour Girls' Toddler Spine Surge Runni,23
2015-06-07,adidas Men's F10 Messi TRX FG Soccer Cleat,2
2015-06-08,Diamondback Women's Serene Classic Comfort Bi,7
2015-06-08,Field & Stream Sportsman 16 Gun Fire Safe,7
2015-06-08,Glove It Women's Mod Oval 3-Zip Carry All Gol,1
2015-06-08,Nike Men's CJ Elite 2 TD Football Cleat,16
2015-06-08,Nike Men's Dri-FIT Victory Golf Polo,19
2015-06-08,Nike Men's Free 5.0+ Running Shoe,17
2015-06-08,O'Brien Men's Neoprene Life Vest,32
2015-06-08,Pelican Sunstream 100 Kayak,8
2015-06-08,Perfect Fitness Perfect Rip Deck,38
2015-06-08,TYR Boys' Team Digi Jammer,2
2015-06-08,Team Golf Pittsburgh Steelers Putter Grip,4
2015-06-08,Team Golf San Francisco Giants Putter Grip,5
2015-06-08,Titleist Pro V1x High Numbers Golf Balls,6
2015-06-08,Top Flite Women's 2014 XL Hybrid,5
2015-06-08,Under Armour Girls' Toddler Spine Surge Runni,8
2015-06-08,Under Armour Kids' Mercenary Slide,1
2015-06-09,Diamondback Women's Serene Classic Comfort Bi,9
2015-06-09,ENO Atlas Hammock Straps,4
2015-06-09,Field & Stream Sportsman 16 Gun Fire Safe,8
2015-06-09,Glove It Women's Mod Oval Golf Glove,2
2015-06-09,Hirzl Women's Soffft Flex Golf Glove,5
2015-06-09,Nike Men's CJ Elite 2 TD Football Cleat,8
2015-06-09,Nike Men's Dri-FIT Victory Golf Polo,23
2015-06-09,Nike Men's Free 5.0+ Running Shoe,16
2015-06-09,Nike Women's Legend V-Neck T-Shirt,1
2015-06-09,O'Brien Men's Neoprene Life Vest,15
2015-06-09,Pelican Sunstream 100 Kayak,8
2015-06-09,Perfect Fitness Perfect Rip Deck,18
2015-06-09,Team Golf Tennessee Volunteers Putter Grip,5
2015-06-09,Titleist Pro V1x High Numbers Personalized Go,1
2015-06-09,Under Armour Girls' Toddler Spine Surge Runni,1
2015-06-09,adidas Youth Germany Black/Red Away Match Soc,1
2015-06-10,Bag Boy Beverage Holder,6
2015-06-10,Bridgestone e6 Straight Distance NFL Carolina,1
2015-06-10,Diamondback Women's Serene Classic Comfort Bi,3
2015-06-10,Field & Stream Sportsman 16 Gun Fire Safe,7
2015-06-10,Glove It Women's Mod Oval 3-Zip Carry All Gol,2
2015-06-10,Nike Men's CJ Elite 2 TD Football Cleat,15
2015-06-10,Nike Men's Deutschland Weltmeister Winners Bl,5
2015-06-10,Nike Men's Dri-FIT Victory Golf Polo,33
2015-06-10,Nike Men's Free 5.0+ Running Shoe,35
2015-06-10,O'Brien Men's Neoprene Life Vest,19
2015-06-10,Pelican Sunstream 100 Kayak,5
2015-06-10,Perfect Fitness Perfect Rip Deck,18
2015-06-10,Under Armour Girls' Toddler Spine Surge Runni,4
2015-06-10,Under Armour Kids' Mercenary Slide,4
2015-06-10,Under Armour Men's Compression EV SL Slide,1
2015-06-10,Under Armour Women's Ignite Slide,2
2015-06-11,Bridgestone e6 Straight Distance NFL Carolina,3
2015-06-11,Clicgear Rovic Cooler Bag,2
2015-06-11,Columbia Men's PFG Anchor Tough T-Shirt,5
2015-06-11,Diamondback Women's Serene Classic Comfort Bi,10
2015-06-11,Field & Stream Sportsman 16 Gun Fire Safe,7
2015-06-11,Glove It Urban Brick Golf Towel,3
2015-06-11,Glove It Women's Mod Oval Golf Glove,5
2015-06-11,Nike Men's CJ Elite 2 TD Football Cleat,7
2015-06-11,Nike Men's Comfort 2 Slide,2
2015-06-11,Nike Men's Dri-FIT Victory Golf Polo,2
2015-06-11,Nike Men's Free 5.0+ Running Shoe,19
2015-06-11,Nike Women's Tempo Shorts,2
2015-06-11,O'Brien Men's Neoprene Life Vest,24
2015-06-11,Pelican Sunstream 100 Kayak,4
2015-06-11,Perfect Fitness Perfect Rip Deck,20
2015-06-11,TYR Boys' Team Digi Jammer,4
2015-06-11,Under Armour Girls' Toddler Spine Surge Runni,16
2015-06-12,Diamondback Women's Serene Classic Comfort Bi,1
2015-06-12,Field & Stream Sportsman 16 Gun Fire Safe,11
2015-06-12,Nike Men's CJ Elite 2 TD Football Cleat,6
2015-06-12,Nike Men's Deutschland Weltmeister Winners Bl,2
2015-06-12,Nike Men's Dri-FIT Victory Golf Polo,23
2015-06-12,Nike Men's Free 5.0+ Running Shoe,6
2015-06-12,O'Brien Men's Neoprene Life Vest,20
2015-06-12,Pelican Sunstream 100 Kayak,5
2015-06-12,Perfect Fitness Perfect Rip Deck,26
2015-06-12,Team Golf Pittsburgh Steelers Putter Grip,3
2015-06-12,Team Golf St. Louis Cardinals Putter Grip,3
2015-06-12,Under Armour Girls' Toddler Spine Surge Runni,4
2015-06-13,Bridgestone e6 Straight Distance NFL Carolina,4
2015-06-13,Diamondback Women's Serene Classic Comfort Bi,7
2015-06-13,Field & Stream Sportsman 16 Gun Fire Safe,11
2015-06-13,Glove It Women's Mod Oval 3-Zip Carry All Gol,3
2015-06-13,Nike Men's CJ Elite 2 TD Football Cleat,14
2015-06-13,Nike Men's Dri-FIT Victory Golf Polo,26
2015-06-13,Nike Men's Free 5.0+ Running Shoe,20
2015-06-13,Nike Women's Legend V-Neck T-Shirt,3
2015-06-13,O'Brien Men's Neoprene Life Vest,28
2015-06-13,Pelican Sunstream 100 Kayak,6
2015-06-13,Perfect Fitness Perfect Rip Deck,58
2015-06-13,Titleist Pro V1x Golf Balls,5
2015-06-13,Under Armour Girls' Toddler Spine Surge Runni,13
2015-06-13,Under Armour Men's Tech II T-Shirt,4
2015-06-14,Diamondback Women's Serene Classic Comfort Bi,7
2015-06-14,Field & Stream Sportsman 16 Gun Fire Safe,9
2015-06-14,Glove It Imperial Golf Towel,2
2015-06-14,Glove It Women's Imperial Golf Glove,1
2015-06-14,Glove It Women's Mod Oval Golf Glove,2
2015-06-14,Hirzl Women's Hybrid Golf Glove,4
2015-06-14,Nike Men's CJ Elite 2 TD Football Cleat,13
2015-06-14,Nike Men's Deutschland Weltmeister Winners Bl,1
2015-06-14,Nike Men's Dri-FIT Victory Golf Polo,61
2015-06-14,Nike Men's Free 5.0+ Running Shoe,26
2015-06-14,O'Brien Men's Neoprene Life Vest,15
2015-06-14,Pelican Sunstream 100 Kayak,7
2015-06-14,Perfect Fitness Perfect Rip Deck,5
2015-06-14,Top Flite Women's 2014 XL Hybrid,4
2015-06-14,Under Armour Girls' Toddler Spine Surge Runni,17
2015-06-14,Under Armour Women's Ignite Slide,1
2015-06-14,adidas Youth Germany Black/Red Away Match Soc,3
2015-06-15,Bridgestone e6 Straight Distance NFL Carolina,2
2015-06-15,Diamondback Women's Serene Classic Comfort Bi,5
2015-06-15,Field & Stream Sportsman 16 Gun Fire Safe,7
2015-06-15,Nike Men's CJ Elite 2 TD Football Cleat,9
2015-06-15,Nike Men's Dri-FIT Victory Golf Polo,25
2015-06-15,Nike Men's Free 5.0+ Running Shoe,9
2015-06-15,O'Brien Men's Neoprene Life Vest,22
2015-06-15,Pelican Sunstream 100 Kayak,6
2015-06-15,Perfect Fitness Perfect Rip Deck,36
2015-06-15,Team Golf New England Patriots Putter Grip,5
2015-06-15,Titleist Pro V1x High Numbers Personalized Go,4
2015-06-15,Under Armour Girls' Toddler Spine Surge Runni,17
2015-06-15,Under Armour Men's Compression EV SL Slide,5
2015-06-15,Under Armour Women's Ignite PIP VI Slide,5
2015-06-16,Bridgestone e6 Straight Distance NFL San Dieg,4
2015-06-16,Columbia Men's PFG Anchor Tough T-Shirt,4
2015-06-16,Diamondback Women's Serene Classic Comfort Bi,11
2015-06-16,Field & Stream Sportsman 16 Gun Fire Safe,10
2015-06-16,Glove It Women's Imperial Golf Glove,5
2015-06-16,Glove It Women's Mod Oval 3-Zip Carry All Gol,3
2015-06-16,Hirzl Men's Hybrid Golf Glove,3
2015-06-16,LIJA Women's Eyelet Sleeveless Golf Polo,3
2015-06-16,Nike Men's CJ Elite 2 TD Football Cleat,15
2015-06-16,Nike Men's Comfort 2 Slide,2
2015-06-16,Nike Men's Dri-FIT Victory Golf Polo,17
2015-06-16,Nike Men's Free 5.0+ Running Shoe,8
2015-06-16,O'Brien Men's Neoprene Life Vest,30
2015-06-16,Pelican Sunstream 100 Kayak,11
2015-06-16,Perfect Fitness Perfect Rip Deck,41
2015-06-16,Team Golf Pittsburgh Steelers Putter Grip,5
2015-06-16,Team Golf Tennessee Volunteers Putter Grip,2
2015-06-16,Team Golf Texas Longhorns Putter Grip,1
2015-06-16,Titleist Pro V1x High Numbers Golf Balls,2
2015-06-16,Under Armour Girls' Toddler Spine Surge Runni,31
2015-06-16,Under Armour Men's Compression EV SL Slide,4
2015-06-16,adidas Men's Germany Black Crest Away Tee,4
2015-06-16,adidas Youth Germany Black/Red Away Match Soc,10
2015-06-17,Bridgestone e6 Straight Distance NFL Carolina,4
2015-06-17,Columbia Men's PFG Anchor Tough T-Shirt,3
2015-06-17,Diamondback Women's Serene Classic Comfort Bi,10
2015-06-17,Field & Stream Sportsman 16 Gun Fire Safe,10
2015-06-17,LIJA Women's Eyelet Sleeveless Golf Polo,3
2015-06-17,Nike Dri-FIT Crew Sock 6 Pack,4
2015-06-17,Nike Men's CJ Elite 2 TD Football Cleat,12
2015-06-17,Nike Men's Dri-FIT Victory Golf Polo,42
2015-06-17,Nike Men's Free 5.0+ Running Shoe,15
2015-06-17,O'Brien Men's Neoprene Life Vest,29
2015-06-17,Pelican Sunstream 100 Kayak,8
2015-06-17,Perfect Fitness Perfect Rip Deck,36
2015-06-17,Titleist Pro V1x High Numbers Golf Balls,2
2015-06-17,Titleist Pro V1x High Numbers Personalized Go,2
2015-06-17,Under Armour Girls' Toddler Spine Surge Runni,25
2015-06-17,Under Armour Women's Ignite Slide,4
2015-06-17,adidas Men's Germany Black Crest Away Tee,1
2015-06-18,Diamondback Women's Serene Classic Comfort Bi,2
2015-06-18,Field & Stream Sportsman 16 Gun Fire Safe,5
2015-06-18,Hirzl Women's Soffft Flex Golf Glove,3
2015-06-18,Nike Men's CJ Elite 2 TD Football Cleat,4
2015-06-18,Nike Men's Dri-FIT Victory Golf Polo,17
2015-06-18,Nike Men's Free 5.0+ Running Shoe,14
2015-06-18,O'Brien Men's Neoprene Life Vest,15
2015-06-18,Pelican Sunstream 100 Kayak,5
2015-06-18,Perfect Fitness Perfect Rip Deck,16
2015-06-18,Team Golf St. Louis Cardinals Putter Grip,3
2015-06-18,Under Armour Girls' Toddler Spine Surge Runni,11
2015-06-18,adidas Men's F10 Messi TRX FG Soccer Cleat,1
2015-06-19,Bridgestone e6 Straight Distance NFL San Dieg,3
2015-06-19,Diamondback Women's Serene Classic Comfort Bi,6
2015-06-19,ENO Atlas Hammock Straps,2
2015-06-19,Field & Stream Sportsman 16 Gun Fire Safe,8
2015-06-19,LIJA Women's Eyelet Sleeveless Golf Polo,5
2015-06-19,Nike Men's CJ Elite 2 TD Football Cleat,5
2015-06-19,Nike Men's Dri-FIT Victory Golf Polo,19
2015-06-19,Nike Men's Free 5.0+ Running Shoe,6
2015-06-19,O'Brien Men's Neoprene Life Vest,29
2015-06-19,Pelican Sunstream 100 Kayak,6
2015-06-19,Perfect Fitness Perfect Rip Deck,28
2015-06-19,TYR Boys' Team Digi Jammer,4
2015-06-19,Team Golf Pittsburgh Steelers Putter Grip,3
2015-06-19,Under Armour Girls' Toddler Spine Surge Runni,10
2015-06-19,adidas Men's Germany Black Crest Away Tee,4
2015-06-20,Diamondback Women's Serene Classic Comfort Bi,6
2015-06-20,Field & Stream Sportsman 16 Gun Fire Safe,8
2015-06-20,Nike Men's CJ Elite 2 TD Football Cleat,7
2015-06-20,Nike Men's Dri-FIT Victory Golf Polo,28
2015-06-20,Nike Men's Free 5.0+ Running Shoe,12
2015-06-20,O'Brien Men's Neoprene Life Vest,25
2015-06-20,Pelican Sunstream 100 Kayak,9
2015-06-20,Perfect Fitness Perfect Rip Deck,36
2015-06-20,TYR Boys' Team Digi Jammer,1
2015-06-20,Team Golf San Francisco Giants Putter Grip,1
2015-06-20,Team Golf Texas Longhorns Putter Grip,3
2015-06-20,Top Flite Women's 2014 XL Hybrid,5
2015-06-20,Under Armour Girls' Toddler Spine Surge Runni,8
2015-06-20,Under Armour Hustle Storm Medium Duffle Bag,6
2015-06-21,Clicgear Rovic Cooler Bag,4
2015-06-21,Diamondback Women's Serene Classic Comfort Bi,4
2015-06-21,Field & Stream Sportsman 16 Gun Fire Safe,6
2015-06-21,LIJA Women's Eyelet Sleeveless Golf Polo,1
2015-06-21,Nike Men's CJ Elite 2 TD Football Cleat,9
2015-06-21,Nike Men's Dri-FIT Victory Golf Polo,20
2015-06-21,Nike Men's Free 5.0+ Running Shoe,25
2015-06-21,Nike Women's Tempo Shorts,2
2015-06-21,O'Brien Men's Neoprene Life Vest,29
2015-06-21,Pelican Sunstream 100 Kayak,7
2015-06-21,Perfect Fitness Perfect Rip Deck,53
2015-06-21,Team Golf Tennessee Volunteers Putter Grip,1
2015-06-21,Titleist Pro V1x Golf Balls,5
2015-06-21,Under Armour Girls' Toddler Spine Surge Runni,18
2015-06-21,Under Armour Kids' Mercenary Slide,2
2015-06-21,Under Armour Men's Compression EV SL Slide,4
2015-06-22,Clicgear Rovic Cooler Bag,5
2015-06-22,Diamondback Women's Serene Classic Comfort Bi,6
2015-06-22,ENO Atlas Hammock Straps,1
2015-06-22,Field & Stream Sportsman 16 Gun Fire Safe,7
2015-06-22,Nike Dri-FIT Crew Sock 6 Pack,3
2015-06-22,Nike Men's CJ Elite 2 TD Football Cleat,8
2015-06-22,Nike Men's Deutschland Weltmeister Winners Bl,2
2015-06-22,Nike Men's Dri-FIT Victory Golf Polo,21
2015-06-22,Nike Men's Free 5.0+ Running Shoe,23
2015-06-22,O'Brien Men's Neoprene Life Vest,25
2015-06-22,Pelican Sunstream 100 Kayak,6
2015-06-22,Perfect Fitness Perfect Rip Deck,13
2015-06-22,Titleist Pro V1x Golf Balls,4
2015-06-22,Top Flite Women's 2014 XL Hybrid,5
2015-06-22,Under Armour Girls' Toddler Spine Surge Runni,8
2015-06-22,Under Armour Men's Compression EV SL Slide,1
2015-06-22,Under Armour Women's Ignite Slide,3
2015-06-23,Bridgestone e6 Straight Distance NFL Tennesse,2
2015-06-23,Diamondback Women's Serene Classic Comfort Bi,7
2015-06-23,Field & Stream Sportsman 16 Gun Fire Safe,9
2015-06-23,Nike Men's CJ Elite 2 TD Football Cleat,5
2015-06-23,Nike Men's Dri-FIT Victory Golf Polo,50
2015-06-23,Nike Men's Free 5.0+ Running Shoe,4
2015-06-23,O'Brien Men's Neoprene Life Vest,17
2015-06-23,Pelican Sunstream 100 Kayak,6
2015-06-23,Perfect Fitness Perfect Rip Deck,24
2015-06-23,Team Golf Texas Longhorns Putter Grip,1
2015-06-23,Titleist Pro V1x Golf Balls,5
2015-06-23,Under Armour Girls' Toddler Spine Surge Runni,25
2015-06-23,Under Armour Hustle Storm Medium Duffle Bag,1
2015-06-23,Under Armour Women's Micro G Skulpt Running S,3
2015-06-24,Clicgear 8.0 Shoe Brush,5
2015-06-24,Diamondback Women's Serene Classic Comfort Bi,3
2015-06-24,Field & Stream Sportsman 16 Gun Fire Safe,8
2015-06-24,Nike Men's CJ Elite 2 TD Football Cleat,10
2015-06-24,Nike Men's Dri-FIT Victory Golf Polo,16
2015-06-24,Nike Men's Free 5.0+ Running Shoe,5
2015-06-24,O'Brien Men's Neoprene Life Vest,9
2015-06-24,Pelican Sunstream 100 Kayak,6
2015-06-24,Perfect Fitness Perfect Rip Deck,39
2015-06-24,Team Golf St. Louis Cardinals Putter Grip,5
2015-06-24,Team Golf Texas Longhorns Putter Grip,2
2015-06-24,Under Armour Girls' Toddler Spine Surge Runni,14
2015-06-24,adidas Men's Germany Black Crest Away Tee,3
2015-06-25,Diamondback Women's Serene Classic Comfort Bi,5
2015-06-25,Field & Stream Sportsman 16 Gun Fire Safe,12
2015-06-25,Nike Men's CJ Elite 2 TD Football Cleat,12
2015-06-25,Nike Men's Dri-FIT Victory Golf Polo,27
2015-06-25,Nike Men's Free 5.0+ Running Shoe,10
2015-06-25,Nike Women's Tempo Shorts,1
2015-06-25,O'Brien Men's Neoprene Life Vest,17
2015-06-25,Pelican Sunstream 100 Kayak,9
2015-06-25,Perfect Fitness Perfect Rip Deck,32
2015-06-25,Top Flite Women's 2014 XL Hybrid,4
2015-06-25,Under Armour Girls' Toddler Spine Surge Runni,8
2015-06-25,adidas Kids' F5 Messi FG Soccer Cleat,2
2015-06-26,Bridgestone e6 Straight Distance NFL Carolina,4
2015-06-26,Diamondback Women's Serene Classic Comfort Bi,7
2015-06-26,Field & Stream Sportsman 16 Gun Fire Safe,6
2015-06-26,Glove It Women's Mod Oval Golf Glove,4
2015-06-26,LIJA Women's Eyelet Sleeveless Golf Polo,4
2015-06-26,Nike Men's CJ Elite 2 TD Football Cleat,2
2015-06-26,Nike Men's Dri-FIT Victory Golf Polo,18
2015-06-26,Nike Men's Free 5.0+ Running Shoe,5
2015-06-26,O'Brien Men's Neoprene Life Vest,22
2015-06-26,Pelican Sunstream 100 Kayak,6
2015-06-26,Perfect Fitness Perfect Rip Deck,38
2015-06-26,TYR Boys' Team Digi Jammer,5
2015-06-26,Team Golf Texas Longhorns Putter Grip,2
2015-06-26,Under Armour Girls' Toddler Spine Surge Runni,13
2015-06-26,Under Armour Hustle Storm Medium Duffle Bag,2
2015-06-27,Diamondback Women's Serene Classic Comfort Bi,9
2015-06-27,Field & Stream Sportsman 16 Gun Fire Safe,12
2015-06-27,Glove It Women's Mod Oval Golf Glove,1
2015-06-27,Nike Dri-FIT Crew Sock 6 Pack,4
2015-06-27,Nike Men's CJ Elite 2 TD Football Cleat,12
2015-06-27,Nike Men's Comfort 2 Slide,5
2015-06-27,Nike Men's Dri-FIT Victory Golf Polo,15
2015-06-27,Nike Men's Free 5.0+ Running Shoe,28
2015-06-27,O'Brien Men's Neoprene Life Vest,41
2015-06-27,Pelican Sunstream 100 Kayak,7
2015-06-27,Perfect Fitness Perfect Rip Deck,55
2015-06-27,Team Golf San Francisco Giants Putter Grip,1
2015-06-27,Titleist Pro V1x High Numbers Golf Balls,2
2015-06-27,Under Armour Girls' Toddler Spine Surge Runni,6
2015-06-28,Diamondback Women's Serene Classic Comfort Bi,4
2015-06-28,Field & Stream Sportsman 16 Gun Fire Safe,4
2015-06-28,Glove It Urban Brick Golf Towel,1
2015-06-28,Nike Men's CJ Elite 2 TD Football Cleat,12
2015-06-28,Nike Men's Dri-FIT Victory Golf Polo,9
2015-06-28,Nike Men's Free 5.0+ Running Shoe,8
2015-06-28,Nike Women's Legend V-Neck T-Shirt,1
2015-06-28,Nike Women's Tempo Shorts,3
2015-06-28,O'Brien Men's Neoprene Life Vest,21
2015-06-28,Pelican Sunstream 100 Kayak,4
2015-06-28,Perfect Fitness Perfect Rip Deck,41
2015-06-28,Titleist Pro V1 High Numbers Personalized Gol,3
2015-06-28,Titleist Pro V1x High Numbers Golf Balls,5
2015-06-28,Under Armour Girls' Toddler Spine Surge Runni,21
2015-06-28,adidas Men's F10 Messi TRX FG Soccer Cleat,4
2015-06-28,adidas Youth Germany Black/Red Away Match Soc,4
2015-06-29,Diamondback Women's Serene Classic Comfort Bi,12
2015-06-29,ENO Atlas Hammock Straps,5
2015-06-29,Field & Stream Sportsman 16 Gun Fire Safe,10
2015-06-29,Nike Men's CJ Elite 2 TD Football Cleat,9
2015-06-29,Nike Men's Dri-FIT Victory Golf Polo,35
2015-06-29,Nike Men's Free 5.0+ Running Shoe,21
2015-06-29,Nike Women's Tempo Shorts,3
2015-06-29,O'Brien Men's Neoprene Life Vest,25
2015-06-29,Pelican Sunstream 100 Kayak,6
2015-06-29,Perfect Fitness Perfect Rip Deck,22
2015-06-29,Titleist Pro V1x Golf Balls,1
2015-06-29,Under Armour Girls' Toddler Spine Surge Runni,29
2015-06-30,Clicgear 8.0 Shoe Brush,1
2015-06-30,Diamondback Women's Serene Classic Comfort Bi,9
2015-06-30,Field & Stream Sportsman 16 Gun Fire Safe,14
2015-06-30,Hirzl Women's Hybrid Golf Glove,1
2015-06-30,Nike Dri-FIT Crew Sock 6 Pack,3
2015-06-30,Nike Men's CJ Elite 2 TD Football Cleat,23
2015-06-30,Nike Men's Dri-FIT Victory Golf Polo,30
2015-06-30,Nike Men's Free 5.0+ Running Shoe,27
2015-06-30,O'Brien Men's Neoprene Life Vest,29
2015-06-30,Pelican Sunstream 100 Kayak,4
2015-06-30,Perfect Fitness Perfect Rip Deck,19
2015-06-30,Team Golf San Francisco Giants Putter Grip,1
2015-06-30,Team Golf St. Louis Cardinals Putter Grip,5
2015-06-30,Team Golf Tennessee Volunteers Putter Grip,4
2015-06-30,Titleist Pro V1 High Numbers Personalized Gol,1
2015-06-30,Titleist Pro V1x High Numbers Personalized Go,5
2015-06-30,Under Armour Girls' Toddler Spine Surge Runni,21
2015-07-01,Bridgestone e6 Straight Distance NFL Carolina,5
2015-07-01,Diamondback Women's Serene Classic Comfort Bi,6
2015-07-01,Field & Stream Sportsman 16 Gun Fire Safe,2
2015-07-01,Glove It Urban Brick Golf Towel,4
2015-07-01,Glove It Women's Imperial Golf Glove,4
2015-07-01,Hirzl Men's Hybrid Golf Glove,3
2015-07-01,Nike Men's CJ Elite 2 TD Football Cleat,7
2015-07-01,Nike Men's Deutschland Weltmeister Winners Bl,1
2015-07-01,Nike Men's Dri-FIT Victory Golf Polo,33
2015-07-01,Nike Men's Free 5.0+ Running Shoe,29
2015-07-01,Nike Women's Legend V-Neck T-Shirt,3
2015-07-01,O'Brien Men's Neoprene Life Vest,25
2015-07-01,Pelican Sunstream 100 Kayak,5
2015-07-01,Perfect Fitness Perfect Rip Deck,17
2015-07-01,Team Golf San Francisco Giants Putter Grip,2
2015-07-01,Titleist Pro V1x Golf Balls,3
2015-07-01,Under Armour Girls' Toddler Spine Surge Runni,8
2015-07-02,Diamondback Women's Serene Classic Comfort Bi,10
2015-07-02,Field & Stream Sportsman 16 Gun Fire Safe,8
2015-07-02,Glove It Women's Imperial Golf Glove,1
2015-07-02,Nike Men's CJ Elite 2 TD Football Cleat,13
2015-07-02,Nike Men's Dri-FIT Victory Golf Polo,41
2015-07-02,Nike Men's Free 5.0+ Running Shoe,23
2015-07-02,O'Brien Men's Neoprene Life Vest,34
2015-07-02,Pelican Sunstream 100 Kayak,11
2015-07-02,Perfect Fitness Perfect Rip Deck,47
2015-07-02,Team Golf Texas Longhorns Putter Grip,4
2015-07-02,Titleist Pro V1x Golf Balls,3
2015-07-02,Under Armour Girls' Toddler Spine Surge Runni,25
2015-07-02,Under Armour Men's Tech II T-Shirt,4
2015-07-03,Bag Boy Beverage Holder,1
2015-07-03,Bridgestone e6 Straight Distance NFL Carolina,3
2015-07-03,Columbia Men's PFG Anchor Tough T-Shirt,3
2015-07-03,Diamondback Women's Serene Classic Comfort Bi,5
2015-07-03,Field & Stream Sportsman 16 Gun Fire Safe,9
2015-07-03,Hirzl Men's Hybrid Golf Glove,1
2015-07-03,Nike Men's CJ Elite 2 TD Football Cleat,8
2015-07-03,Nike Men's Dri-FIT Victory Golf Polo,38
2015-07-03,Nike Men's Free 5.0+ Running Shoe,30
2015-07-03,O'Brien Men's Neoprene Life Vest,34
2015-07-03,Pelican Sunstream 100 Kayak,7
2015-07-03,Perfect Fitness Perfect Rip Deck,68
2015-07-03,TYR Boys' Team Digi Jammer,3
2015-07-03,Team Golf Pittsburgh Steelers Putter Grip,2
2015-07-03,Team Golf Texas Longhorns Putter Grip,3
2015-07-03,Titleist Pro V1 High Numbers Personalized Gol,3
2015-07-03,Under Armour Girls' Toddler Spine Surge Runni,6
2015-07-03,Under Armour Men's Compression EV SL Slide,4
2015-07-03,Under Armour Men's Tech II T-Shirt,2
2015-07-03,adidas Kids' F5 Messi FG Soccer Cleat,4
2015-07-04,Diamondback Women's Serene Classic Comfort Bi,4
2015-07-04,ENO Atlas Hammock Straps,4
2015-07-04,Field & Stream Sportsman 16 Gun Fire Safe,11
2015-07-04,Glove It Women's Imperial Golf Glove,3
2015-07-04,Hirzl Women's Soffft Flex Golf Glove,4
2015-07-04,Nike Men's CJ Elite 2 TD Football Cleat,8
2015-07-04,Nike Men's Deutschland Weltmeister Winners Bl,2
2015-07-04,Nike Men's Dri-FIT Victory Golf Polo,33
2015-07-04,Nike Men's Free 5.0+ Running Shoe,27
2015-07-04,Nike Women's Legend V-Neck T-Shirt,1
2015-07-04,O'Brien Men's Neoprene Life Vest,20
2015-07-04,Pelican Sunstream 100 Kayak,2
2015-07-04,Perfect Fitness Perfect Rip Deck,27
2015-07-04,Team Golf Pittsburgh Steelers Putter Grip,2
2015-07-04,Titleist Pro V1 High Numbers Personalized Gol,1
2015-07-04,Titleist Pro V1x High Numbers Personalized Go,3
2015-07-04,Under Armour Girls' Toddler Spine Surge Runni,13
2015-07-04,adidas Youth Germany Black/Red Away Match Soc,2
2015-07-05,Diamondback Women's Serene Classic Comfort Bi,5
2015-07-05,Field & Stream Sportsman 16 Gun Fire Safe,7
2015-07-05,LIJA Women's Eyelet Sleeveless Golf Polo,5
2015-07-05,Nike Men's CJ Elite 2 TD Football Cleat,14
2015-07-05,Nike Men's Dri-FIT Victory Golf Polo,46
2015-07-05,Nike Men's Free 5.0+ Running Shoe,21
2015-07-05,O'Brien Men's Neoprene Life Vest,34
2015-07-05,Pelican Sunstream 100 Kayak,5
2015-07-05,Perfect Fitness Perfect Rip Deck,33
2015-07-05,Team Golf San Francisco Giants Putter Grip,5
2015-07-05,Team Golf Tennessee Volunteers Putter Grip,1
2015-07-05,Under Armour Girls' Toddler Spine Surge Runni,28
2015-07-05,Under Armour Women's Ignite PIP VI Slide,5
2015-07-05,adidas Men's F10 Messi TRX FG Soccer Cleat,5
2015-07-05,adidas Youth Germany Black/Red Away Match Soc,1
2015-07-06,Bridgestone e6 Straight Distance NFL San Dieg,5
2015-07-06,Diamondback Women's Serene Classic Comfort Bi,7
2015-07-06,Field & Stream Sportsman 16 Gun Fire Safe,4
2015-07-06,Glove It Women's Mod Oval 3-Zip Carry All Gol,3
2015-07-06,Nike Men's CJ Elite 2 TD Football Cleat,6
2015-07-06,Nike Men's Comfort 2 Slide,5
2015-07-06,Nike Men's Dri-FIT Victory Golf Polo,9
2015-07-06,Nike Men's Free 5.0+ Running Shoe,11
2015-07-06,Nike Women's Tempo Shorts,2
2015-07-06,O'Brien Men's Neoprene Life Vest,29
2015-07-06,Pelican Sunstream 100 Kayak,9
2015-07-06,Perfect Fitness Perfect Rip Deck,42
2015-07-06,Team Golf Pittsburgh Steelers Putter Grip,1
2015-07-06,Team Golf San Francisco Giants Putter Grip,4
2015-07-06,Titleist Pro V1x Golf Balls,1
2015-07-06,Titleist Pro V1x High Numbers Golf Balls,2
2015-07-06,Top Flite Women's 2014 XL Hybrid,1
2015-07-06,Under Armour Girls' Toddler Spine Surge Runni,6
2015-07-06,Under Armour Men's Compression EV SL Slide,4
2015-07-07,Diamondback Women's Serene Classic Comfort Bi,5
2015-07-07,Field & Stream Sportsman 16 Gun Fire Safe,12
2015-07-07,Nike Men's CJ Elite 2 TD Football Cleat,15
2015-07-07,Nike Men's Comfort 2 Slide,5
2015-07-07,Nike Men's Deutschland Weltmeister Winners Bl,4
2015-07-07,Nike Men's Dri-FIT Victory Golf Polo,52
2015-07-07,Nike Men's Free 5.0+ Running Shoe,25
2015-07-07,Nike Women's Legend V-Neck T-Shirt,5
2015-07-07,O'Brien Men's Neoprene Life Vest,35
2015-07-07,Pelican Sunstream 100 Kayak,7
2015-07-07,Perfect Fitness Perfect Rip Deck,23
2015-07-07,Team Golf Tennessee Volunteers Putter Grip,1
2015-07-07,Titleist Pro V1x Golf Balls,4
2015-07-07,Under Armour Girls' Toddler Spine Surge Runni,15
2015-07-07,Under Armour Kids' Mercenary Slide,4
2015-07-07,Under Armour Men's Tech II T-Shirt,5
2015-07-08,Clicgear Rovic Cooler Bag,4
2015-07-08,Diamondback Women's Serene Classic Comfort Bi,3
2015-07-08,Field & Stream Sportsman 16 Gun Fire Safe,2
2015-07-08,Glove It Women's Imperial Golf Glove,4
2015-07-08,Hirzl Women's Soffft Flex Golf Glove,5
2015-07-08,Nike Men's CJ Elite 2 TD Football Cleat,9
2015-07-08,Nike Men's Dri-FIT Victory Golf Polo,39
2015-07-08,Nike Men's Free 5.0+ Running Shoe,19
2015-07-08,Nike Women's Tempo Shorts,7
2015-07-08,O'Brien Men's Neoprene Life Vest,17
2015-07-08,Pelican Sunstream 100 Kayak,9
2015-07-08,Perfect Fitness Perfect Rip Deck,31
2015-07-08,Team Golf Texas Longhorns Putter Grip,4
2015-07-08,Titleist Pro V1x High Numbers Golf Balls,4
2015-07-08,Under Armour Girls' Toddler Spine Surge Runni,24
2015-07-08,Under Armour Women's Ignite Slide,1
2015-07-08,adidas Kids' F5 Messi FG Soccer Cleat,3
2015-07-09,Bridgestone e6 Straight Distance NFL Carolina,5
2015-07-09,Clicgear 8.0 Shoe Brush,1
2015-07-09,Columbia Men's PFG Anchor Tough T-Shirt,2
2015-07-09,Diamondback Women's Serene Classic Comfort Bi,6
2015-07-09,Field & Stream Sportsman 16 Gun Fire Safe,8
2015-07-09,Hirzl Women's Hybrid Golf Glove,4
2015-07-09,Nike Men's CJ Elite 2 TD Football Cleat,8
2015-07-09,Nike Men's Comfort 2 Slide,2
2015-07-09,Nike Men's Dri-FIT Victory Golf Polo,35
2015-07-09,Nike Men's Free 5.0+ Running Shoe,11
2015-07-09,O'Brien Men's Neoprene Life Vest,27
2015-07-09,Pelican Sunstream 100 Kayak,9
2015-07-09,Perfect Fitness Perfect Rip Deck,20
2015-07-09,Team Golf Pittsburgh Steelers Putter Grip,3
2015-07-09,Team Golf St. Louis Cardinals Putter Grip,1
2015-07-09,Top Flite Women's 2014 XL Hybrid,8
2015-07-09,Under Armour Girls' Toddler Spine Surge Runni,15
2015-07-09,Under Armour Women's Ignite PIP VI Slide,4
2015-07-09,adidas Men's F10 Messi TRX FG Soccer Cleat,2
2015-07-09,adidas Youth Germany Black/Red Away Match Soc,1
2015-07-10,Bag Boy Beverage Holder,5
2015-07-10,Diamondback Women's Serene Classic Comfort Bi,8
2015-07-10,Field & Stream Sportsman 16 Gun Fire Safe,7
2015-07-10,Nike Men's CJ Elite 2 TD Football Cleat,5
2015-07-10,Nike Men's Dri-FIT Victory Golf Polo,45
2015-07-10,Nike Men's Free 5.0+ Running Shoe,13
2015-07-10,O'Brien Men's Neoprene Life Vest,22
2015-07-10,Pelican Sunstream 100 Kayak,3
2015-07-10,Perfect Fitness Perfect Rip Deck,40
2015-07-10,Team Golf St. Louis Cardinals Putter Grip,5
2015-07-10,Titleist Pro V1 High Numbers Personalized Gol,5
2015-07-10,Under Armour Girls' Toddler Spine Surge Runni,10
2015-07-10,Under Armour Women's Ignite PIP VI Slide,5
2015-07-10,adidas Kids' F5 Messi FG Soccer Cleat,2
2015-07-10,adidas Men's F10 Messi TRX FG Soccer Cleat,2
2015-07-11,Diamondback Women's Serene Classic Comfort Bi,9
2015-07-11,Field & Stream Sportsman 16 Gun Fire Safe,6
2015-07-11,Hirzl Men's Hybrid Golf Glove,4
2015-07-11,Nike Men's CJ Elite 2 TD Football Cleat,10
2015-07-11,Nike Men's Dri-FIT Victory Golf Polo,34
2015-07-11,Nike Men's Free 5.0+ Running Shoe,19
2015-07-11,O'Brien Men's Neoprene Life Vest,34
2015-07-11,Pelican Sunstream 100 Kayak,5
2015-07-11,Perfect Fitness Perfect Rip Deck,41
2015-07-11,TYR Boys' Team Digi Jammer,1
2015-07-11,Team Golf New England Patriots Putter Grip,2
2015-07-11,Team Golf San Francisco Giants Putter Grip,1
2015-07-11,Under Armour Girls' Toddler Spine Surge Runni,14
2015-07-12,Bridgestone e6 Straight Distance NFL San Dieg,5
2015-07-12,Diamondback Women's Serene Classic Comfort Bi,6
2015-07-12,Field & Stream Sportsman 16 Gun Fire Safe,7
2015-07-12,Glove It Women's Mod Oval Golf Glove,3
2015-07-12,Hirzl Men's Hybrid Golf Glove,3
2015-07-12,Nike Men's CJ Elite 2 TD Football Cleat,14
2015-07-12,Nike Men's Dri-FIT Victory Golf Polo,32
2015-07-12,Nike Men's Free 5.0+ Running Shoe,16
2015-07-12,O'Brien Men's Neoprene Life Vest,28
2015-07-12,Pelican Sunstream 100 Kayak,8
2015-07-12,Perfect Fitness Perfect Rip Deck,23
2015-07-12,Team Golf New England Patriots Putter Grip,1
2015-07-12,Team Golf St. Louis Cardinals Putter Grip,4
2015-07-12,Titleist Pro V1x Golf Balls,1
2015-07-12,Under Armour Girls' Toddler Spine Surge Runni,10
2015-07-13,Bridgestone e6 Straight Distance NFL Carolina,1
2015-07-13,Clicgear 8.0 Shoe Brush,3
2015-07-13,Clicgear Rovic Cooler Bag,2
2015-07-13,Diamondback Women's Serene Classic Comfort Bi,3
2015-07-13,Field & Stream Sportsman 16 Gun Fire Safe,3
2015-07-13,Nike Men's CJ Elite 2 TD Football Cleat,7
2015-07-13,Nike Men's Comfort 2 Slide,3
2015-07-13,Nike Men's Dri-FIT Victory Golf Polo,26
2015-07-13,Nike Men's Free 5.0+ Running Shoe,12
2015-07-13,Nike Women's Tempo Shorts,4
2015-07-13,O'Brien Men's Neoprene Life Vest,39
2015-07-13,Pelican Sunstream 100 Kayak,6
2015-07-13,Perfect Fitness Perfect Rip Deck,37
2015-07-13,TYR Boys' Team Digi Jammer,3
2015-07-13,Team Golf Texas Longhorns Putter Grip,1
2015-07-13,Under Armour Girls' Toddler Spine Surge Runni,9
2015-07-13,Under Armour Kids' Mercenary Slide,1
2015-07-14,Diamondback Women's Serene Classic Comfort Bi,6
2015-07-14,Field & Stream Sportsman 16 Gun Fire Safe,10
2015-07-14,Glove It Urban Brick Golf Towel,1
2015-07-14,Hirzl Men's Hybrid Golf Glove,6
2015-07-14,LIJA Women's Eyelet Sleeveless Golf Polo,2
2015-07-14,Nike Men's CJ Elite 2 TD Football Cleat,8
2015-07-14,Nike Men's Deutschland Weltmeister Winners Bl,10
2015-07-14,Nike Men's Dri-FIT Victory Golf Polo,39
2015-07-14,Nike Men's Free 5.0+ Running Shoe,24
2015-07-14,O'Brien Men's Neoprene Life Vest,23
2015-07-14,Pelican Sunstream 100 Kayak,3
2015-07-14,Perfect Fitness Perfect Rip Deck,28
2015-07-14,Team Golf Texas Longhorns Putter Grip,4
2015-07-14,Under Armour Girls' Toddler Spine Surge Runni,20
2015-07-14,Under Armour Women's Ignite PIP VI Slide,5
2015-07-14,adidas Men's F10 Messi TRX FG Soccer Cleat,2
2015-07-15,Diamondback Women's Serene Classic Comfort Bi,2
2015-07-15,Field & Stream Sportsman 16 Gun Fire Safe,7
2015-07-15,Nike Dri-FIT Crew Sock 6 Pack,1
2015-07-15,Nike Men's CJ Elite 2 TD Football Cleat,13
2015-07-15,Nike Men's Deutschland Weltmeister Winners Bl,3
2015-07-15,Nike Men's Dri-FIT Victory Golf Polo,75
2015-07-15,Nike Men's Free 5.0+ Running Shoe,8
2015-07-15,O'Brien Men's Neoprene Life Vest,27
2015-07-15,Pelican Sunstream 100 Kayak,5
2015-07-15,Perfect Fitness Perfect Rip Deck,43
2015-07-15,Team Golf Pittsburgh Steelers Putter Grip,3
2015-07-15,Titleist Pro V1x Golf Balls,1
2015-07-15,Titleist Pro V1x High Numbers Personalized Go,3
2015-07-15,Under Armour Girls' Toddler Spine Surge Runni,10
2015-07-15,Under Armour Hustle Storm Medium Duffle Bag,4
2015-07-15,Under Armour Men's Tech II T-Shirt,4
2015-07-15,Under Armour Women's Ignite Slide,2
2015-07-15,adidas Men's F10 Messi TRX FG Soccer Cleat,1
2015-07-16,Bridgestone e6 Straight Distance NFL San Dieg,4
2015-07-16,Diamondback Women's Serene Classic Comfort Bi,8
2015-07-16,ENO Atlas Hammock Straps,2
2015-07-16,Field & Stream Sportsman 16 Gun Fire Safe,7
2015-07-16,Hirzl Women's Hybrid Golf Glove,1
2015-07-16,Nike Men's CJ Elite 2 TD Football Cleat,15
2015-07-16,Nike Men's Deutschland Weltmeister Winners Bl,6
2015-07-16,Nike Men's Dri-FIT Victory Golf Polo,39
2015-07-16,Nike Men's Free 5.0+ Running Shoe,19
2015-07-16,Nike Women's Tempo Shorts,3
2015-07-16,O'Brien Men's Neoprene Life Vest,15
2015-07-16,Pelican Sunstream 100 Kayak,8
2015-07-16,Perfect Fitness Perfect Rip Deck,31
2015-07-16,TYR Boys' Team Digi Jammer,4
2015-07-16,Under Armour Girls' Toddler Spine Surge Runni,14
2015-07-16,Under Armour Women's Ignite PIP VI Slide,3
2015-07-17,Bridgestone e6 Straight Distance NFL Carolina,2
2015-07-17,Columbia Men's PFG Anchor Tough T-Shirt,2
2015-07-17,Diamondback Women's Serene Classic Comfort Bi,2
2015-07-17,Field & Stream Sportsman 16 Gun Fire Safe,8
2015-07-17,Glove It Urban Brick Golf Towel,4
2015-07-17,Hirzl Women's Soffft Flex Golf Glove,5
2015-07-17,Nike Dri-FIT Crew Sock 6 Pack,4
2015-07-17,Nike Men's CJ Elite 2 TD Football Cleat,7
2015-07-17,Nike Men's Dri-FIT Victory Golf Polo,36
2015-07-17,Nike Men's Free 5.0+ Running Shoe,7
2015-07-17,Nike Women's Tempo Shorts,1
2015-07-17,O'Brien Men's Neoprene Life Vest,18
2015-07-17,Pelican Sunstream 100 Kayak,10
2015-07-17,Perfect Fitness Perfect Rip Deck,24
2015-07-17,Under Armour Girls' Toddler Spine Surge Runni,6
2015-07-17,Under Armour Hustle Storm Medium Duffle Bag,3
2015-07-17,Under Armour Men's Tech II T-Shirt,4
2015-07-18,Bridgestone e6 Straight Distance NFL San Dieg,1
2015-07-18,Diamondback Women's Serene Classic Comfort Bi,4
2015-07-18,Field & Stream Sportsman 16 Gun Fire Safe,9
2015-07-18,Glove It Imperial Golf Towel,2
2015-07-18,Hirzl Women's Soffft Flex Golf Glove,1
2015-07-18,Nike Men's CJ Elite 2 TD Football Cleat,8
2015-07-18,Nike Men's Dri-FIT Victory Golf Polo,31
2015-07-18,Nike Men's Free 5.0+ Running Shoe,20
2015-07-18,O'Brien Men's Neoprene Life Vest,29
2015-07-18,Pelican Sunstream 100 Kayak,6
2015-07-18,Perfect Fitness Perfect Rip Deck,38
2015-07-18,Top Flite Women's 2014 XL Hybrid,5
2015-07-18,Under Armour Girls' Toddler Spine Surge Runni,11
2015-07-18,Under Armour Kids' Mercenary Slide,3
2015-07-18,adidas Kids' F5 Messi FG Soccer Cleat,3
2015-07-18,adidas Youth Germany Black/Red Away Match Soc,1
2015-07-19,Diamondback Women's Serene Classic Comfort Bi,10
2015-07-19,Field & Stream Sportsman 16 Gun Fire Safe,6
2015-07-19,Hirzl Women's Soffft Flex Golf Glove,2
2015-07-19,Nike Men's CJ Elite 2 TD Football Cleat,11
2015-07-19,Nike Men's Dri-FIT Victory Golf Polo,22
2015-07-19,Nike Men's Free 5.0+ Running Shoe,13
2015-07-19,O'Brien Men's Neoprene Life Vest,15
2015-07-19,Pelican Sunstream 100 Kayak,7
2015-07-19,Perfect Fitness Perfect Rip Deck,29
2015-07-19,Titleist Pro V1 High Numbers Personalized Gol,4
2015-07-19,Titleist Pro V1x High Numbers Personalized Go,2
2015-07-19,Under Armour Girls' Toddler Spine Surge Runni,13
2015-07-20,Bridgestone e6 Straight Distance NFL Tennesse,2
2015-07-20,Diamondback Women's Serene Classic Comfort Bi,9
2015-07-20,Field & Stream Sportsman 16 Gun Fire Safe,10
2015-07-20,Hirzl Women's Soffft Flex Golf Glove,2
2015-07-20,Nike Men's CJ Elite 2 TD Football Cleat,6
2015-07-20,Nike Men's Dri-FIT Victory Golf Polo,34
2015-07-20,Nike Men's Free 5.0+ Running Shoe,17
2015-07-20,O'Brien Men's Neoprene Life Vest,21
2015-07-20,Pelican Sunstream 100 Kayak,4
2015-07-20,Perfect Fitness Perfect Rip Deck,19
2015-07-20,Team Golf Tennessee Volunteers Putter Grip,1
2015-07-20,Under Armour Girls' Toddler Spine Surge Runni,4
2015-07-20,Under Armour Kids' Mercenary Slide,4
2015-07-20,adidas Kids' F5 Messi FG Soccer Cleat,5
2015-07-21,Diamondback Women's Serene Classic Comfort Bi,6
2015-07-21,ENO Atlas Hammock Straps,6
2015-07-21,Field & Stream Sportsman 16 Gun Fire Safe,4
2015-07-21,Glove It Women's Mod Oval Golf Glove,5
2015-07-21,Hirzl Men's Hybrid Golf Glove,2
2015-07-21,Hirzl Women's Hybrid Golf Glove,5
2015-07-21,Nike Men's CJ Elite 2 TD Football Cleat,13
2015-07-21,Nike Men's Dri-FIT Victory Golf Polo,20
2015-07-21,Nike Men's Free 5.0+ Running Shoe,4
2015-07-21,O'Brien Men's Neoprene Life Vest,34
2015-07-21,Pelican Sunstream 100 Kayak,8
2015-07-21,Perfect Fitness Perfect Rip Deck,22
2015-07-21,Team Golf San Francisco Giants Putter Grip,4
2015-07-21,Under Armour Girls' Toddler Spine Surge Runni,12
2015-07-21,Under Armour Women's Micro G Skulpt Running S,5
2015-07-21,adidas Men's F10 Messi TRX FG Soccer Cleat,4
2015-07-22,Bridgestone e6 Straight Distance NFL San Dieg,2
2015-07-22,Diamondback Women's Serene Classic Comfort Bi,12
2015-07-22,Field & Stream Sportsman 16 Gun Fire Safe,4
2015-07-22,Nike Men's CJ Elite 2 TD Football Cleat,10
2015-07-22,Nike Men's Dri-FIT Victory Golf Polo,10
2015-07-22,Nike Men's Free 5.0+ Running Shoe,7
2015-07-22,O'Brien Men's Neoprene Life Vest,18
2015-07-22,Pelican Sunstream 100 Kayak,2
2015-07-22,Perfect Fitness Perfect Rip Deck,20
2015-07-22,Team Golf Pittsburgh Steelers Putter Grip,5
2015-07-22,Titleist Pro V1x Golf Balls,2
2015-07-22,Under Armour Girls' Toddler Spine Surge Runni,22
2015-07-22,adidas Youth Germany Black/Red Away Match Soc,2
2015-07-23,Diamondback Women's Serene Classic Comfort Bi,8
2015-07-23,Field & Stream Sportsman 16 Gun Fire Safe,4
2015-07-23,Glove It Imperial Golf Towel,5
2015-07-23,Glove It Urban Brick Golf Towel,5
2015-07-23,Hirzl Women's Hybrid Golf Glove,3
2015-07-23,Nike Men's CJ Elite 2 TD Football Cleat,14
2015-07-23,Nike Men's Comfort 2 Slide,1
2015-07-23,Nike Men's Dri-FIT Victory Golf Polo,8
2015-07-23,Nike Men's Free 5.0+ Running Shoe,12
2015-07-23,Nike Women's Tempo Shorts,7
2015-07-23,O'Brien Men's Neoprene Life Vest,35
2015-07-23,Pelican Sunstream 100 Kayak,5
2015-07-23,Perfect Fitness Perfect Rip Deck,25
2015-07-23,Team Golf Pittsburgh Steelers Putter Grip,3
2015-07-23,Team Golf St. Louis Cardinals Putter Grip,3
2015-07-23,Under Armour Girls' Toddler Spine Surge Runni,1
2015-07-24,Bridgestone e6 Straight Distance NFL Tennesse,5
2015-07-24,Diamondback Women's Serene Classic Comfort Bi,8
2015-07-24,ENO Atlas Hammock Straps,2
2015-07-24,Field & Stream Sportsman 16 Gun Fire Safe,3
2015-07-24,Hirzl Men's Hybrid Golf Glove,5
2015-07-24,Nike Men's CJ Elite 2 TD Football Cleat,11
2015-07-24,Nike Men's Deutschland Weltmeister Winners Bl,1
2015-07-24,Nike Men's Dri-FIT Victory Golf Polo,30
2015-07-24,Nike Men's Free 5.0+ Running Shoe,17
2015-07-24,Nike Women's Legend V-Neck T-Shirt,5
2015-07-24,O'Brien Men's Neoprene Life Vest,17
2015-07-24,Pelican Sunstream 100 Kayak,7
2015-07-24,Perfect Fitness Perfect Rip Deck,35
2015-07-24,Team Golf New England Patriots Putter Grip,1
2015-07-24,Team Golf Texas Longhorns Putter Grip,4
2015-07-24,Top Flite Women's 2014 XL Hybrid,3
2015-07-24,Under Armour Girls' Toddler Spine Surge Runni,18
2015-07-25,Bridgestone e6 Straight Distance NFL Carolina,6
2015-07-25,Bridgestone e6 Straight Distance NFL Tennesse,4
2015-07-25,Diamondback Women's Serene Classic Comfort Bi,4
2015-07-25,Field & Stream Sportsman 16 Gun Fire Safe,6
2015-07-25,Hirzl Women's Hybrid Golf Glove,1
2015-07-25,Nike Dri-FIT Crew Sock 6 Pack,3
2015-07-25,Nike Men's CJ Elite 2 TD Football Cleat,7
2015-07-25,Nike Men's Comfort 2 Slide,2
2015-07-25,Nike Men's Dri-FIT Victory Golf Polo,23
2015-07-25,Nike Men's Free 5.0+ Running Shoe,10
2015-07-25,Nike Women's Tempo Shorts,2
2015-07-25,O'Brien Men's Neoprene Life Vest,36
2015-07-25,Pelican Sunstream 100 Kayak,5
2015-07-25,Perfect Fitness Perfect Rip Deck,24
2015-07-25,Under Armour Girls' Toddler Spine Surge Runni,17
2015-07-25,adidas Kids' F5 Messi FG Soccer Cleat,1
2015-07-26,Bridgestone e6 Straight Distance NFL Tennesse,6
2015-07-26,Clicgear 8.0 Shoe Brush,3
2015-07-26,Columbia Men's PFG Anchor Tough T-Shirt,4
2015-07-26,Diamondback Women's Serene Classic Comfort Bi,5
2015-07-26,Field & Stream Sportsman 16 Gun Fire Safe,6
2015-07-26,Glove It Women's Imperial Golf Glove,5
2015-07-26,Nike Men's CJ Elite 2 TD Football Cleat,8
2015-07-26,Nike Men's Dri-FIT Victory Golf Polo,40
2015-07-26,Nike Men's Free 5.0+ Running Shoe,16
2015-07-26,Nike Women's Legend V-Neck T-Shirt,7
2015-07-26,O'Brien Men's Neoprene Life Vest,27
2015-07-26,Pelican Sunstream 100 Kayak,7
2015-07-26,Perfect Fitness Perfect Rip Deck,23
2015-07-26,Titleist Pro V1 High Numbers Personalized Gol,5
2015-07-26,Under Armour Girls' Toddler Spine Surge Runni,29
2015-07-26,Under Armour Women's Ignite Slide,5
2015-07-26,Under Armour Women's Micro G Skulpt Running S,2
2015-07-26,adidas Kids' F5 Messi FG Soccer Cleat,1
2015-07-27,Bag Boy Beverage Holder,5
2015-07-27,Clicgear 8.0 Shoe Brush,2
2015-07-27,Diamondback Women's Serene Classic Comfort Bi,5
2015-07-27,ENO Atlas Hammock Straps,1
2015-07-27,Field & Stream Sportsman 16 Gun Fire Safe,5
2015-07-27,Glove It Urban Brick Golf Towel,5
2015-07-27,Nike Men's CJ Elite 2 TD Football Cleat,6
2015-07-27,Nike Men's Dri-FIT Victory Golf Polo,35
2015-07-27,Nike Men's Free 5.0+ Running Shoe,13
2015-07-27,O'Brien Men's Neoprene Life Vest,35
2015-07-27,Pelican Sunstream 100 Kayak,6
2015-07-27,Perfect Fitness Perfect Rip Deck,24
2015-07-27,Under Armour Girls' Toddler Spine Surge Runni,8
2015-07-27,Under Armour Kids' Mercenary Slide,4
2015-07-28,Bag Boy Beverage Holder,5
2015-07-28,Diamondback Women's Serene Classic Comfort Bi,10
2015-07-28,Field & Stream Sportsman 16 Gun Fire Safe,5
2015-07-28,Glove It Women's Mod Oval 3-Zip Carry All Gol,4
2015-07-28,Nike Men's CJ Elite 2 TD Football Cleat,14
2015-07-28,Nike Men's Dri-FIT Victory Golf Polo,32
2015-07-28,Nike Men's Free 5.0+ Running Shoe,22
2015-07-28,O'Brien Men's Neoprene Life Vest,36
2015-07-28,Pelican Sunstream 100 Kayak,13
2015-07-28,Perfect Fitness Perfect Rip Deck,40
2015-07-28,Titleist Pro V1x High Numbers Golf Balls,5
2015-07-28,Under Armour Girls' Toddler Spine Surge Runni,12
2015-07-28,Under Armour Men's Tech II T-Shirt,4
2015-07-28,Under Armour Women's Ignite PIP VI Slide,5
2015-07-29,Bridgestone e6 Straight Distance NFL Carolina,7
2015-07-29,Diamondback Women's Serene Classic Comfort Bi,9
2015-07-29,ENO Atlas Hammock Straps,3
2015-07-29,Field & Stream Sportsman 16 Gun Fire Safe,9
2015-07-29,Glove It Imperial Golf Towel,4
2015-07-29,Nike Men's CJ Elite 2 TD Football Cleat,8
2015-07-29,Nike Men's Comfort 2 Slide,2
2015-07-29,Nike Men's Dri-FIT Victory Golf Polo,35
2015-07-29,Nike Men's Free 5.0+ Running Shoe,9
2015-07-29,O'Brien Men's Neoprene Life Vest,19
2015-07-29,Pelican Sunstream 100 Kayak,4
2015-07-29,Perfect Fitness Perfect Rip Deck,31
2015-07-29,Team Golf Pittsburgh Steelers Putter Grip,7
2015-07-29,Under Armour Girls' Toddler Spine Surge Runni,14
2015-07-29,Under Armour Men's Compression EV SL Slide,5
2015-07-29,Under Armour Women's Ignite PIP VI Slide,5
2015-07-30,Diamondback Women's Serene Classic Comfort Bi,5
2015-07-30,Field & Stream Sportsman 16 Gun Fire Safe,7
2015-07-30,Glove It Women's Mod Oval Golf Glove,5
2015-07-30,Nike Men's CJ Elite 2 TD Football Cleat,11
2015-07-30,Nike Men's Deutschland Weltmeister Winners Bl,1
2015-07-30,Nike Men's Dri-FIT Victory Golf Polo,38
2015-07-30,Nike Men's Free 5.0+ Running Shoe,18
2015-07-30,O'Brien Men's Neoprene Life Vest,14
2015-07-30,Pelican Sunstream 100 Kayak,9
2015-07-30,Perfect Fitness Perfect Rip Deck,24
2015-07-30,TYR Boys' Team Digi Jammer,2
2015-07-30,Team Golf Texas Longhorns Putter Grip,4
2015-07-30,Top Flite Women's 2014 XL Hybrid,2
2015-07-30,Under Armour Girls' Toddler Spine Surge Runni,8
2015-07-30,Under Armour Men's Tech II T-Shirt,5
2015-07-30,adidas Men's Germany Black Crest Away Tee,5
2015-07-31,Diamondback Women's Serene Classic Comfort Bi,5
2015-07-31,Field & Stream Sportsman 16 Gun Fire Safe,8
2015-07-31,Glove It Women's Imperial Golf Glove,3
2015-07-31,Nike Men's CJ Elite 2 TD Football Cleat,6
2015-07-31,Nike Men's Dri-FIT Victory Golf Polo,14
2015-07-31,Nike Men's Free 5.0+ Running Shoe,7
2015-07-31,O'Brien Men's Neoprene Life Vest,13
2015-07-31,Pelican Sunstream 100 Kayak,2
2015-07-31,Perfect Fitness Perfect Rip Deck,33
2015-07-31,Under Armour Girls' Toddler Spine Surge Runni,5
2015-07-31,adidas Men's F10 Messi TRX FG Soccer Cleat,6
2015-08-01,Bridgestone e6 Straight Distance NFL Carolina,3
2015-08-01,Bridgestone e6 Straight Distance NFL San Dieg,4
2015-08-01,Diamondback Women's Serene Classic Comfort Bi,7
2015-08-01,Field & Stream Sportsman 16 Gun Fire Safe,12
2015-08-01,Glove It Imperial Golf Towel,3
2015-08-01,Glove It Women's Mod Oval Golf Glove,3
2015-08-01,Hirzl Men's Hybrid Golf Glove,5
2015-08-01,Nike Men's CJ Elite 2 TD Football Cleat,11
2015-08-01,Nike Men's Dri-FIT Victory Golf Polo,19
2015-08-01,Nike Men's Free 5.0+ Running Shoe,8
2015-08-01,Nike Women's Legend V-Neck T-Shirt,2
2015-08-01,O'Brien Men's Neoprene Life Vest,19
2015-08-01,Pelican Sunstream 100 Kayak,9
2015-08-01,Perfect Fitness Perfect Rip Deck,33
2015-08-01,Team Golf St. Louis Cardinals Putter Grip,2
2015-08-01,Under Armour Girls' Toddler Spine Surge Runni,13
2015-08-02,Bridgestone e6 Straight Distance NFL San Dieg,1
2015-08-02,Clicgear 8.0 Shoe Brush,5
2015-08-02,Diamondback Women's Serene Classic Comfort Bi,12
2015-08-02,Field & Stream Sportsman 16 Gun Fire Safe,11
2015-08-02,Nike Men's CJ Elite 2 TD Football Cleat,17
2015-08-02,Nike Men's Dri-FIT Victory Golf Polo,16
2015-08-02,Nike Men's Free 5.0+ Running Shoe,34
2015-08-02,O'Brien Men's Neoprene Life Vest,28
2015-08-02,Pelican Sunstream 100 Kayak,10
2015-08-02,Perfect Fitness Perfect Rip Deck,34
2015-08-02,TYR Boys' Team Digi Jammer,4
2015-08-02,Titleist Pro V1 High Numbers Personalized Gol,4
2015-08-02,Top Flite Women's 2014 XL Hybrid,1
2015-08-02,Under Armour Girls' Toddler Spine Surge Runni,24
2015-08-02,Under Armour Hustle Storm Medium Duffle Bag,3
2015-08-02,Under Armour Men's Compression EV SL Slide,1
2015-08-02,Under Armour Women's Ignite Slide,5
2015-08-03,Diamondback Women's Serene Classic Comfort Bi,3
2015-08-03,Field & Stream Sportsman 16 Gun Fire Safe,8
2015-08-03,Glove It Urban Brick Golf Towel,4
2015-08-03,Hirzl Men's Hybrid Golf Glove,2
2015-08-03,Nike Men's CJ Elite 2 TD Football Cleat,7
2015-08-03,Nike Men's Dri-FIT Victory Golf Polo,19
2015-08-03,Nike Men's Free 5.0+ Running Shoe,17
2015-08-03,Nike Women's Tempo Shorts,1
2015-08-03,O'Brien Men's Neoprene Life Vest,17
2015-08-03,Pelican Sunstream 100 Kayak,9
2015-08-03,Perfect Fitness Perfect Rip Deck,17
2015-08-03,Team Golf Tennessee Volunteers Putter Grip,5
2015-08-03,Top Flite Women's 2014 XL Hybrid,5
2015-08-03,Under Armour Girls' Toddler Spine Surge Runni,11
2015-08-04,Diamondback Women's Serene Classic Comfort Bi,8
2015-08-04,Field & Stream Sportsman 16 Gun Fire Safe,8
2015-08-04,Glove It Imperial Golf Towel,5
2015-08-04,Glove It Urban Brick Golf Towel,3
2015-08-04,Glove It Women's Mod Oval 3-Zip Carry All Gol,2
2015-08-04,Nike Men's CJ Elite 2 TD Football Cleat,22
2015-08-04,Nike Men's Dri-FIT Victory Golf Polo,16
2015-08-04,Nike Men's Free 5.0+ Running Shoe,14
2015-08-04,O'Brien Men's Neoprene Life Vest,32
2015-08-04,Pelican Sunstream 100 Kayak,4
2015-08-04,Perfect Fitness Perfect Rip Deck,56
2015-08-04,Team Golf Pittsburgh Steelers Putter Grip,3
2015-08-04,Team Golf San Francisco Giants Putter Grip,5
2015-08-04,Titleist Pro V1x Golf Balls,2
2015-08-04,Under Armour Girls' Toddler Spine Surge Runni,7
2015-08-04,Under Armour Hustle Storm Medium Duffle Bag,3
2015-08-05,Bridgestone e6 Straight Distance NFL San Dieg,4
2015-08-05,Diamondback Women's Serene Classic Comfort Bi,3
2015-08-05,Field & Stream Sportsman 16 Gun Fire Safe,4
2015-08-05,Nike Dri-FIT Crew Sock 6 Pack,5
2015-08-05,Nike Men's CJ Elite 2 TD Football Cleat,6
2015-08-05,Nike Men's Dri-FIT Victory Golf Polo,25
2015-08-05,Nike Men's Free 5.0+ Running Shoe,17
2015-08-05,Nike Women's Legend V-Neck T-Shirt,4
2015-08-05,O'Brien Men's Neoprene Life Vest,30
2015-08-05,Pelican Sunstream 100 Kayak,9
2015-08-05,Perfect Fitness Perfect Rip Deck,20
2015-08-05,Titleist Pro V1 High Numbers Personalized Gol,2
2015-08-05,Under Armour Girls' Toddler Spine Surge Runni,12
2015-08-06,Diamondback Women's Serene Classic Comfort Bi,8
2015-08-06,Field & Stream Sportsman 16 Gun Fire Safe,11
2015-08-06,Nike Dri-FIT Crew Sock 6 Pack,1
2015-08-06,Nike Men's CJ Elite 2 TD Football Cleat,6
2015-08-06,Nike Men's Dri-FIT Victory Golf Polo,44
2015-08-06,Nike Men's Free 5.0+ Running Shoe,16
2015-08-06,O'Brien Men's Neoprene Life Vest,30
2015-08-06,Pelican Sunstream 100 Kayak,11
2015-08-06,Perfect Fitness Perfect Rip Deck,16
2015-08-06,Team Golf New England Patriots Putter Grip,5
2015-08-06,Under Armour Girls' Toddler Spine Surge Runni,1
2015-08-06,Under Armour Men's Tech II T-Shirt,3
2015-08-06,Under Armour Women's Ignite Slide,4
2015-08-06,adidas Kids' F5 Messi FG Soccer Cleat,2
2015-08-07,Bridgestone e6 Straight Distance NFL San Dieg,5
2015-08-07,Clicgear Rovic Cooler Bag,3
2015-08-07,Diamondback Women's Serene Classic Comfort Bi,6
2015-08-07,Field & Stream Sportsman 16 Gun Fire Safe,5
2015-08-07,Glove It Urban Brick Golf Towel,1
2015-08-07,Nike Men's CJ Elite 2 TD Football Cleat,13
2015-08-07,Nike Men's Dri-FIT Victory Golf Polo,35
2015-08-07,Nike Men's Free 5.0+ Running Shoe,5
2015-08-07,O'Brien Men's Neoprene Life Vest,23
2015-08-07,Pelican Sunstream 100 Kayak,8
2015-08-07,Perfect Fitness Perfect Rip Deck,35
2015-08-07,Under Armour Girls' Toddler Spine Surge Runni,21
2015-08-07,Under Armour Women's Ignite Slide,9
2015-08-07,adidas Men's Germany Black Crest Away Tee,5
2015-08-08,Bridgestone e6 Straight Distance NFL Tennesse,1
2015-08-08,Diamondback Women's Serene Classic Comfort Bi,4
2015-08-08,Field & Stream Sportsman 16 Gun Fire Safe,7
2015-08-08,Glove It Imperial Golf Towel,1
2015-08-08,Nike Men's CJ Elite 2 TD Football Cleat,8
2015-08-08,Nike Men's Dri-FIT Victory Golf Polo,18
2015-08-08,Nike Men's Free 5.0+ Running Shoe,9
2015-08-08,O'Brien Men's Neoprene Life Vest,31
2015-08-08,Pelican Sunstream 100 Kayak,1
2015-08-08,Perfect Fitness Perfect Rip Deck,27
2015-08-08,Team Golf Pittsburgh Steelers Putter Grip,6
2015-08-08,Titleist Pro V1x Golf Balls,2
2015-08-08,Top Flite Women's 2014 XL Hybrid,5
2015-08-08,Under Armour Girls' Toddler Spine Surge Runni,23
2015-08-08,Under Armour Women's Ignite PIP VI Slide,3
2015-08-09,Bridgestone e6 Straight Distance NFL Carolina,2
2015-08-09,Diamondback Women's Serene Classic Comfort Bi,4
2015-08-09,Field & Stream Sportsman 16 Gun Fire Safe,5
2015-08-09,Glove It Imperial Golf Towel,1
2015-08-09,Glove It Women's Imperial Golf Glove,1
2015-08-09,Glove It Women's Mod Oval Golf Glove,1
2015-08-09,Hirzl Women's Hybrid Golf Glove,3
2015-08-09,Nike Dri-FIT Crew Sock 6 Pack,3
2015-08-09,Nike Men's CJ Elite 2 TD Football Cleat,11
2015-08-09,Nike Men's Deutschland Weltmeister Winners Bl,1
2015-08-09,Nike Men's Dri-FIT Victory Golf Polo,26
2015-08-09,Nike Men's Free 5.0+ Running Shoe,15
2015-08-09,O'Brien Men's Neoprene Life Vest,20
2015-08-09,Pelican Sunstream 100 Kayak,2
2015-08-09,Perfect Fitness Perfect Rip Deck,35
2015-08-09,TYR Boys' Team Digi Jammer,4
2015-08-09,Titleist Pro V1x Golf Balls,2
2015-08-09,Titleist Pro V1x High Numbers Personalized Go,5
2015-08-09,Under Armour Girls' Toddler Spine Surge Runni,12
2015-08-09,adidas Men's F10 Messi TRX FG Soccer Cleat,3
2015-08-10,Clicgear 8.0 Shoe Brush,2
2015-08-10,Columbia Men's PFG Anchor Tough T-Shirt,4
2015-08-10,Diamondback Women's Serene Classic Comfort Bi,8
2015-08-10,Field & Stream Sportsman 16 Gun Fire Safe,12
2015-08-10,LIJA Women's Eyelet Sleeveless Golf Polo,4
2015-08-10,Nike Men's CJ Elite 2 TD Football Cleat,10
2015-08-10,Nike Men's Dri-FIT Victory Golf Polo,43
2015-08-10,Nike Men's Free 5.0+ Running Shoe,26
2015-08-10,O'Brien Men's Neoprene Life Vest,26
2015-08-10,Pelican Sunstream 100 Kayak,9
2015-08-10,Perfect Fitness Perfect Rip Deck,56
2015-08-10,Titleist Pro V1 High Numbers Personalized Gol,3
2015-08-10,Titleist Pro V1x Golf Balls,2
2015-08-10,Under Armour Girls' Toddler Spine Surge Runni,20
2015-08-10,Under Armour Women's Micro G Skulpt Running S,3
2015-08-10,adidas Men's Germany Black Crest Away Tee,4
2015-08-11,Bridgestone e6 Straight Distance NFL Carolina,4
2015-08-11,Clicgear Rovic Cooler Bag,4
2015-08-11,Diamondback Women's Serene Classic Comfort Bi,5
2015-08-11,Field & Stream Sportsman 16 Gun Fire Safe,5
2015-08-11,Nike Men's CJ Elite 2 TD Football Cleat,10
2015-08-11,Nike Men's Comfort 2 Slide,5
2015-08-11,Nike Men's Dri-FIT Victory Golf Polo,25
2015-08-11,Nike Men's Free 5.0+ Running Shoe,9
2015-08-11,O'Brien Men's Neoprene Life Vest,27
2015-08-11,Pelican Sunstream 100 Kayak,11
2015-08-11,Perfect Fitness Perfect Rip Deck,25
2015-08-11,Team Golf Texas Longhorns Putter Grip,1
2015-08-11,Titleist Pro V1 High Numbers Personalized Gol,2
2015-08-11,Titleist Pro V1x Golf Balls,4
2015-08-11,Under Armour Girls' Toddler Spine Surge Runni,21
2015-08-11,Under Armour Kids' Mercenary Slide,1
2015-08-12,Clicgear 8.0 Shoe Brush,1
2015-08-12,Columbia Men's PFG Anchor Tough T-Shirt,1
2015-08-12,Diamondback Women's Serene Classic Comfort Bi,11
2015-08-12,Field & Stream Sportsman 16 Gun Fire Safe,8
2015-08-12,Nike Dri-FIT Crew Sock 6 Pack,1
2015-08-12,Nike Men's CJ Elite 2 TD Football Cleat,11
2015-08-12,Nike Men's Dri-FIT Victory Golf Polo,31
2015-08-12,Nike Men's Free 5.0+ Running Shoe,8
2015-08-12,O'Brien Men's Neoprene Life Vest,37
2015-08-12,Pelican Sunstream 100 Kayak,3
2015-08-12,Perfect Fitness Perfect Rip Deck,63
2015-08-12,Team Golf Pittsburgh Steelers Putter Grip,4
2015-08-12,Team Golf St. Louis Cardinals Putter Grip,4
2015-08-12,Under Armour Girls' Toddler Spine Surge Runni,14
2015-08-12,adidas Kids' F5 Messi FG Soccer Cleat,4
2015-08-12,adidas Men's F10 Messi TRX FG Soccer Cleat,3
2015-08-13,Diamondback Women's Serene Classic Comfort Bi,4
2015-08-13,Field & Stream Sportsman 16 Gun Fire Safe,6
2015-08-13,Hirzl Men's Hybrid Golf Glove,4
2015-08-13,Hirzl Women's Hybrid Golf Glove,1
2015-08-13,Hirzl Women's Soffft Flex Golf Glove,2
2015-08-13,Nike Men's CJ Elite 2 TD Football Cleat,7
2015-08-13,Nike Men's Dri-FIT Victory Golf Polo,22
2015-08-13,Nike Men's Free 5.0+ Running Shoe,26
2015-08-13,O'Brien Men's Neoprene Life Vest,8
2015-08-13,Pelican Sunstream 100 Kayak,3
2015-08-13,Perfect Fitness Perfect Rip Deck,49
2015-08-13,Team Golf Texas Longhorns Putter Grip,4
2015-08-13,Under Armour Girls' Toddler Spine Surge Runni,11
2015-08-13,Under Armour Women's Ignite Slide,1
2015-08-14,Diamondback Women's Serene Classic Comfort Bi,2
2015-08-14,ENO Atlas Hammock Straps,3
2015-08-14,Field & Stream Sportsman 16 Gun Fire Safe,9
2015-08-14,Nike Men's CJ Elite 2 TD Football Cleat,14
2015-08-14,Nike Men's Dri-FIT Victory Golf Polo,41
2015-08-14,Nike Men's Free 5.0+ Running Shoe,33
2015-08-14,O'Brien Men's Neoprene Life Vest,11
2015-08-14,Pelican Sunstream 100 Kayak,3
2015-08-14,Perfect Fitness Perfect Rip Deck,32
2015-08-14,TYR Boys' Team Digi Jammer,8
2015-08-14,Team Golf Tennessee Volunteers Putter Grip,2
2015-08-14,Under Armour Girls' Toddler Spine Surge Runni,9
2015-08-14,Under Armour Kids' Mercenary Slide,5
2015-08-14,Under Armour Men's Tech II T-Shirt,3
2015-08-15,Bag Boy Beverage Holder,4
2015-08-15,Bridgestone e6 Straight Distance NFL San Dieg,4
2015-08-15,Diamondback Women's Serene Classic Comfort Bi,8
2015-08-15,Field & Stream Sportsman 16 Gun Fire Safe,3
2015-08-15,Nike Dri-FIT Crew Sock 6 Pack,4
2015-08-15,Nike Men's CJ Elite 2 TD Football Cleat,10
2015-08-15,Nike Men's Dri-FIT Victory Golf Polo,23
2015-08-15,Nike Men's Free 5.0+ Running Shoe,6
2015-08-15,O'Brien Men's Neoprene Life Vest,8
2015-08-15,Pelican Sunstream 100 Kayak,9
2015-08-15,Perfect Fitness Perfect Rip Deck,37
2015-08-15,Team Golf San Francisco Giants Putter Grip,1
2015-08-15,Team Golf Texas Longhorns Putter Grip,4
2015-08-15,Titleist Pro V1x High Numbers Golf Balls,5
2015-08-15,Under Armour Girls' Toddler Spine Surge Runni,14
2015-08-15,Under Armour Men's Compression EV SL Slide,2
2015-08-15,adidas Youth Germany Black/Red Away Match Soc,3
2015-08-16,Bag Boy Beverage Holder,3
2015-08-16,Bridgestone e6 Straight Distance NFL San Dieg,3
2015-08-16,Diamondback Women's Serene Classic Comfort Bi,4
2015-08-16,ENO Atlas Hammock Straps,8
2015-08-16,Field & Stream Sportsman 16 Gun Fire Safe,7
2015-08-16,Glove It Women's Mod Oval Golf Glove,4
2015-08-16,Nike Men's CJ Elite 2 TD Football Cleat,7
2015-08-16,Nike Men's Dri-FIT Victory Golf Polo,41
2015-08-16,Nike Men's Free 5.0+ Running Shoe,28
2015-08-16,Nike Women's Tempo Shorts,2
2015-08-16,O'Brien Men's Neoprene Life Vest,19
2015-08-16,Pelican Sunstream 100 Kayak,11
2015-08-16,Perfect Fitness Perfect Rip Deck,45
2015-08-16,Team Golf San Francisco Giants Putter Grip,4
2015-08-16,Top Flite Women's 2014 XL Hybrid,6
2015-08-16,Under Armour Girls' Toddler Spine Surge Runni,18
2015-08-16,Under Armour Women's Ignite Slide,4
2015-08-17,Bridgestone e6 Straight Distance NFL Carolina,4
2015-08-17,Diamondback Women's Serene Classic Comfort Bi,11
2015-08-17,Field & Stream Sportsman 16 Gun Fire Safe,12
2015-08-17,Hirzl Women's Hybrid Golf Glove,1
2015-08-17,Nike Men's CJ Elite 2 TD Football Cleat,12
2015-08-17,Nike Men's Dri-FIT Victory Golf Polo,34
2015-08-17,Nike Men's Free 5.0+ Running Shoe,23
2015-08-17,O'Brien Men's Neoprene Life Vest,49
2015-08-17,Pelican Sunstream 100 Kayak,9
2015-08-17,Perfect Fitness Perfect Rip Deck,23
2015-08-17,TYR Boys' Team Digi Jammer,5
2015-08-17,Team Golf Pittsburgh Steelers Putter Grip,4
2015-08-17,Under Armour Girls' Toddler Spine Surge Runni,17
2015-08-17,Under Armour Women's Ignite PIP VI Slide,1
2015-08-17,Under Armour Women's Ignite Slide,4
2015-08-18,Bag Boy Beverage Holder,5
2015-08-18,Columbia Men's PFG Anchor Tough T-Shirt,2
2015-08-18,Diamondback Women's Serene Classic Comfort Bi,6
2015-08-18,Field & Stream Sportsman 16 Gun Fire Safe,4
2015-08-18,Glove It Women's Imperial Golf Glove,6
2015-08-18,Nike Men's CJ Elite 2 TD Football Cleat,6
2015-08-18,Nike Men's Comfort 2 Slide,4
2015-08-18,Nike Men's Dri-FIT Victory Golf Polo,18
2015-08-18,Nike Men's Free 5.0+ Running Shoe,19
2015-08-18,O'Brien Men's Neoprene Life Vest,14
2015-08-18,Pelican Sunstream 100 Kayak,9
2015-08-18,Perfect Fitness Perfect Rip Deck,41
2015-08-18,Under Armour Girls' Toddler Spine Surge Runni,24
2015-08-18,Under Armour Hustle Storm Medium Duffle Bag,1
2015-08-18,Under Armour Women's Ignite PIP VI Slide,5
2015-08-18,Under Armour Women's Ignite Slide,2
2015-08-19,Bridgestone e6 Straight Distance NFL Carolina,5
2015-08-19,Diamondback Women's Serene Classic Comfort Bi,4
2015-08-19,Field & Stream Sportsman 16 Gun Fire Safe,11
2015-08-19,Nike Men's CJ Elite 2 TD Football Cleat,10
2015-08-19,Nike Men's Dri-FIT Victory Golf Polo,39
2015-08-19,Nike Men's Free 5.0+ Running Shoe,20
2015-08-19,O'Brien Men's Neoprene Life Vest,11
2015-08-19,Pelican Sunstream 100 Kayak,8
2015-08-19,Perfect Fitness Perfect Rip Deck,28
2015-08-19,Team Golf Pittsburgh Steelers Putter Grip,1
2015-08-19,Team Golf Tennessee Volunteers Putter Grip,3
2015-08-19,Titleist Pro V1x High Numbers Personalized Go,1
2015-08-19,Under Armour Girls' Toddler Spine Surge Runni,15
2015-08-19,Under Armour Hustle Storm Medium Duffle Bag,2
2015-08-19,Under Armour Men's Compression EV SL Slide,5
2015-08-20,Bridgestone e6 Straight Distance NFL San Dieg,2
2015-08-20,Diamondback Women's Serene Classic Comfort Bi,4
2015-08-20,Field & Stream Sportsman 16 Gun Fire Safe,8
2015-08-20,Glove It Women's Imperial Golf Glove,3
2015-08-20,Hirzl Men's Hybrid Golf Glove,5
2015-08-20,Nike Men's CJ Elite 2 TD Football Cleat,12
2015-08-20,Nike Men's Dri-FIT Victory Golf Polo,27
2015-08-20,Nike Men's Free 5.0+ Running Shoe,14
2015-08-20,O'Brien Men's Neoprene Life Vest,19
2015-08-20,Pelican Sunstream 100 Kayak,14
2015-08-20,Perfect Fitness Perfect Rip Deck,33
2015-08-20,TYR Boys' Team Digi Jammer,1
2015-08-20,Team Golf Pittsburgh Steelers Putter Grip,3
2015-08-20,Team Golf San Francisco Giants Putter Grip,4
2015-08-20,Under Armour Girls' Toddler Spine Surge Runni,10
2015-08-20,adidas Men's Germany Black Crest Away Tee,2
2015-08-21,Diamondback Women's Serene Classic Comfort Bi,5
2015-08-21,Field & Stream Sportsman 16 Gun Fire Safe,10
2015-08-21,Nike Men's CJ Elite 2 TD Football Cleat,8
2015-08-21,Nike Men's Dri-FIT Victory Golf Polo,41
2015-08-21,Nike Men's Free 5.0+ Running Shoe,30
2015-08-21,Nike Women's Tempo Shorts,8
2015-08-21,O'Brien Men's Neoprene Life Vest,18
2015-08-21,Pelican Sunstream 100 Kayak,8
2015-08-21,Perfect Fitness Perfect Rip Deck,23
2015-08-21,Team Golf San Francisco Giants Putter Grip,5
2015-08-21,Titleist Pro V1 High Numbers Personalized Gol,4
2015-08-21,Top Flite Women's 2014 XL Hybrid,3
2015-08-21,Under Armour Girls' Toddler Spine Surge Runni,4
2015-08-21,adidas Men's F10 Messi TRX FG Soccer Cleat,1
2015-08-22,Diamondback Women's Serene Classic Comfort Bi,4
2015-08-22,Field & Stream Sportsman 16 Gun Fire Safe,7
2015-08-22,Glove It Women's Imperial Golf Glove,2
2015-08-22,Nike Men's CJ Elite 2 TD Football Cleat,8
2015-08-22,Nike Men's Dri-FIT Victory Golf Polo,8
2015-08-22,Nike Men's Free 5.0+ Running Shoe,13
2015-08-22,O'Brien Men's Neoprene Life Vest,6
2015-08-22,Pelican Sunstream 100 Kayak,2
2015-08-22,Perfect Fitness Perfect Rip Deck,11
2015-08-22,Under Armour Girls' Toddler Spine Surge Runni,21
2015-08-23,Bag Boy Beverage Holder,1
2015-08-23,Diamondback Women's Serene Classic Comfort Bi,5
2015-08-23,Field & Stream Sportsman 16 Gun Fire Safe,7
2015-08-23,Nike Men's CJ Elite 2 TD Football Cleat,11
2015-08-23,Nike Men's Dri-FIT Victory Golf Polo,27
2015-08-23,Nike Men's Free 5.0+ Running Shoe,21
2015-08-23,O'Brien Men's Neoprene Life Vest,9
2015-08-23,Pelican Sunstream 100 Kayak,9
2015-08-23,Perfect Fitness Perfect Rip Deck,50
2015-08-23,TYR Boys' Team Digi Jammer,2
2015-08-23,Team Golf Pittsburgh Steelers Putter Grip,7
2015-08-23,Top Flite Women's 2014 XL Hybrid,2
2015-08-23,Under Armour Girls' Toddler Spine Surge Runni,17
2015-08-23,Under Armour Women's Ignite PIP VI Slide,4
2015-08-23,Under Armour Women's Ignite Slide,8
2015-08-23,adidas Youth Germany Black/Red Away Match Soc,1
2015-08-24,Diamondback Women's Serene Classic Comfort Bi,3
2015-08-24,Field & Stream Sportsman 16 Gun Fire Safe,7
2015-08-24,Nike Men's CJ Elite 2 TD Football Cleat,6
2015-08-24,Nike Men's Dri-FIT Victory Golf Polo,18
2015-08-24,Nike Men's Free 5.0+ Running Shoe,4
2015-08-24,O'Brien Men's Neoprene Life Vest,21
2015-08-24,Pelican Sunstream 100 Kayak,2
2015-08-24,Perfect Fitness Perfect Rip Deck,36
2015-08-24,Team Golf Tennessee Volunteers Putter Grip,5
2015-08-24,Team Golf Texas Longhorns Putter Grip,2
2015-08-24,Titleist Pro V1x Golf Balls,1
2015-08-24,Under Armour Girls' Toddler Spine Surge Runni,24
2015-08-25,Bridgestone e6 Straight Distance NFL Carolina,4
2015-08-25,Clicgear 8.0 Shoe Brush,3
2015-08-25,Diamondback Women's Serene Classic Comfort Bi,10
2015-08-25,Field & Stream Sportsman 16 Gun Fire Safe,15
2015-08-25,Nike Dri-FIT Crew Sock 6 Pack,4
2015-08-25,Nike Men's CJ Elite 2 TD Football Cleat,15
2015-08-25,Nike Men's Dri-FIT Victory Golf Polo,34
2015-08-25,Nike Men's Free 5.0+ Running Shoe,8
2015-08-25,O'Brien Men's Neoprene Life Vest,47
2015-08-25,Pelican Sunstream 100 Kayak,11
2015-08-25,Perfect Fitness Perfect Rip Deck,59
2015-08-25,Team Golf San Francisco Giants Putter Grip,5
2015-08-25,Team Golf Texas Longhorns Putter Grip,1
2015-08-25,Under Armour Girls' Toddler Spine Surge Runni,13
2015-08-25,Under Armour Women's Ignite PIP VI Slide,6
2015-08-25,Under Armour Women's Ignite Slide,1
2015-08-25,adidas Men's Germany Black Crest Away Tee,2
2015-08-26,Bridgestone e6 Straight Distance NFL Tennesse,1
2015-08-26,Diamondback Women's Serene Classic Comfort Bi,11
2015-08-26,Field & Stream Sportsman 16 Gun Fire Safe,3
2015-08-26,Hirzl Women's Soffft Flex Golf Glove,2
2015-08-26,Nike Dri-FIT Crew Sock 6 Pack,3
2015-08-26,Nike Men's CJ Elite 2 TD Football Cleat,11
2015-08-26,Nike Men's Dri-FIT Victory Golf Polo,21
2015-08-26,Nike Men's Free 5.0+ Running Shoe,12
2015-08-26,O'Brien Men's Neoprene Life Vest,29
2015-08-26,Pelican Sunstream 100 Kayak,10
2015-08-26,Perfect Fitness Perfect Rip Deck,31
2015-08-26,Team Golf St. Louis Cardinals Putter Grip,3
2015-08-26,Under Armour Girls' Toddler Spine Surge Runni,8
2015-08-26,Under Armour Men's Compression EV SL Slide,2
2015-08-27,Bridgestone e6 Straight Distance NFL San Dieg,1
2015-08-27,Diamondback Women's Serene Classic Comfort Bi,4
2015-08-27,Field & Stream Sportsman 16 Gun Fire Safe,2
2015-08-27,Hirzl Men's Hybrid Golf Glove,4
2015-08-27,Hirzl Women's Hybrid Golf Glove,4
2015-08-27,LIJA Women's Eyelet Sleeveless Golf Polo,3
2015-08-27,Nike Men's CJ Elite 2 TD Football Cleat,4
2015-08-27,Nike Men's Comfort 2 Slide,2
2015-08-27,Nike Men's Dri-FIT Victory Golf Polo,10
2015-08-27,Nike Men's Free 5.0+ Running Shoe,9
2015-08-27,Nike Women's Legend V-Neck T-Shirt,5
2015-08-27,O'Brien Men's Neoprene Life Vest,8
2015-08-27,Pelican Sunstream 100 Kayak,2
2015-08-27,Perfect Fitness Perfect Rip Deck,27
2015-08-27,Team Golf San Francisco Giants Putter Grip,3
2015-08-27,Under Armour Girls' Toddler Spine Surge Runni,10
2015-08-27,adidas Youth Germany Black/Red Away Match Soc,5
2015-08-28,Bag Boy Beverage Holder,2
2015-08-28,Diamondback Women's Serene Classic Comfort Bi,2
2015-08-28,ENO Atlas Hammock Straps,4
2015-08-28,Field & Stream Sportsman 16 Gun Fire Safe,6
2015-08-28,Nike Men's CJ Elite 2 TD Football Cleat,10
2015-08-28,Nike Men's Comfort 2 Slide,10
2015-08-28,Nike Men's Dri-FIT Victory Golf Polo,31
2015-08-28,Nike Men's Free 5.0+ Running Shoe,28
2015-08-28,Nike Women's Legend V-Neck T-Shirt,2
2015-08-28,Nike Women's Tempo Shorts,2
2015-08-28,Pelican Sunstream 100 Kayak,10
2015-08-28,Perfect Fitness Perfect Rip Deck,61
2015-08-28,Team Golf New England Patriots Putter Grip,5
2015-08-28,Team Golf San Francisco Giants Putter Grip,1
2015-08-28,Team Golf Tennessee Volunteers Putter Grip,5
2015-08-28,Under Armour Girls' Toddler Spine Surge Runni,13
2015-08-28,adidas Men's Germany Black Crest Away Tee,8
2015-08-29,Bridgestone e6 Straight Distance NFL San Dieg,3
2015-08-29,Diamondback Women's Serene Classic Comfort Bi,1
2015-08-29,Field & Stream Sportsman 16 Gun Fire Safe,9
2015-08-29,Nike Men's CJ Elite 2 TD Football Cleat,9
2015-08-29,Nike Men's Dri-FIT Victory Golf Polo,31
2015-08-29,Nike Men's Free 5.0+ Running Shoe,7
2015-08-29,Nike Women's Legend V-Neck T-Shirt,3
2015-08-29,O'Brien Men's Neoprene Life Vest,28
2015-08-29,Pelican Sunstream 100 Kayak,8
2015-08-29,Perfect Fitness Perfect Rip Deck,43
2015-08-29,Team Golf New England Patriots Putter Grip,2
2015-08-29,Under Armour Girls' Toddler Spine Surge Runni,15
2015-08-29,Under Armour Men's Compression EV SL Slide,4
2015-08-30,Bridgestone e6 Straight Distance NFL Carolina,3
2015-08-30,Diamondback Women's Serene Classic Comfort Bi,6
2015-08-30,ENO Atlas Hammock Straps,4
2015-08-30,Field & Stream Sportsman 16 Gun Fire Safe,8
2015-08-30,Nike Men's CJ Elite 2 TD Football Cleat,11
2015-08-30,Nike Men's Deutschland Weltmeister Winners Bl,2
2015-08-30,Nike Men's Dri-FIT Victory Golf Polo,18
2015-08-30,Nike Men's Free 5.0+ Running Shoe,15
2015-08-30,O'Brien Men's Neoprene Life Vest,38
2015-08-30,Pelican Sunstream 100 Kayak,9
2015-08-30,Perfect Fitness Perfect Rip Deck,32
2015-08-30,Team Golf Tennessee Volunteers Putter Grip,4
2015-08-30,Titleist Pro V1x High Numbers Golf Balls,3
2015-08-30,Top Flite Women's 2014 XL Hybrid,3
2015-08-30,Under Armour Girls' Toddler Spine Surge Runni,4
2015-08-30,Under Armour Women's Ignite PIP VI Slide,2
2015-08-31,Diamondback Women's Serene Classic Comfort Bi,10
2015-08-31,Field & Stream Sportsman 16 Gun Fire Safe,6
2015-08-31,Glove It Urban Brick Golf Towel,5
2015-08-31,Glove It Women's Mod Oval Golf Glove,4
2015-08-31,Hirzl Men's Hybrid Golf Glove,7
2015-08-31,LIJA Women's Eyelet Sleeveless Golf Polo,5
2015-08-31,Nike Men's CJ Elite 2 TD Football Cleat,14
2015-08-31,Nike Men's Dri-FIT Victory Golf Polo,31
2015-08-31,Nike Men's Free 5.0+ Running Shoe,27
2015-08-31,Nike Women's Tempo Shorts,5
2015-08-31,O'Brien Men's Neoprene Life Vest,25
2015-08-31,Pelican Sunstream 100 Kayak,4
2015-08-31,Perfect Fitness Perfect Rip Deck,33
2015-08-31,Team Golf Pittsburgh Steelers Putter Grip,2
2015-08-31,Team Golf Texas Longhorns Putter Grip,8
2015-08-31,Titleist Pro V1x Golf Balls,3
2015-08-31,Under Armour Girls' Toddler Spine Surge Runni,10
2015-09-01,Bridgestone e6 Straight Distance NFL San Dieg,2
2015-09-01,Diamondback Women's Serene Classic Comfort Bi,1
2015-09-01,Field & Stream Sportsman 16 Gun Fire Safe,9
2015-09-01,Nike Men's CJ Elite 2 TD Football Cleat,10
2015-09-01,Nike Men's Dri-FIT Victory Golf Polo,17
2015-09-01,Nike Men's Free 5.0+ Running Shoe,24
2015-09-01,O'Brien Men's Neoprene Life Vest,30
2015-09-01,Pelican Sunstream 100 Kayak,6
2015-09-01,Perfect Fitness Perfect Rip Deck,27
2015-09-01,Team Golf Pittsburgh Steelers Putter Grip,2
2015-09-01,Team Golf San Francisco Giants Putter Grip,1
2015-09-01,Team Golf St. Louis Cardinals Putter Grip,3
2015-09-02,Diamondback Women's Serene Classic Comfort Bi,3
2015-09-02,Field & Stream Sportsman 16 Gun Fire Safe,7
2015-09-02,Nike Men's CJ Elite 2 TD Football Cleat,13
2015-09-02,Nike Men's Dri-FIT Victory Golf Polo,26
2015-09-02,Nike Men's Free 5.0+ Running Shoe,11
2015-09-02,Nike Women's Tempo Shorts,1
2015-09-02,O'Brien Men's Neoprene Life Vest,26
2015-09-02,Pelican Sunstream 100 Kayak,1
2015-09-02,Perfect Fitness Perfect Rip Deck,25
2015-09-02,Team Golf St. Louis Cardinals Putter Grip,2
2015-09-02,Under Armour Girls' Toddler Spine Surge Runni,5
2015-09-02,Under Armour Hustle Storm Medium Duffle Bag,1
2015-09-02,Under Armour Women's Ignite Slide,2
2015-09-02,adidas Men's Germany Black Crest Away Tee,1
2015-09-03,Clicgear 8.0 Shoe Brush,1
2015-09-03,Diamondback Women's Serene Classic Comfort Bi,7
2015-09-03,Field & Stream Sportsman 16 Gun Fire Safe,9
2015-09-03,Hirzl Women's Hybrid Golf Glove,1
2015-09-03,Nike Men's CJ Elite 2 TD Football Cleat,5
2015-09-03,Nike Men's Dri-FIT Victory Golf Polo,37
2015-09-03,Nike Men's Free 5.0+ Running Shoe,5
2015-09-03,Nike Women's Legend V-Neck T-Shirt,4
2015-09-03,Nike Women's Tempo Shorts,4
2015-09-03,O'Brien Men's Neoprene Life Vest,29
2015-09-03,Pelican Sunstream 100 Kayak,8
2015-09-03,Perfect Fitness Perfect Rip Deck,19
2015-09-03,Team Golf New England Patriots Putter Grip,2
2015-09-03,Titleist Pro V1 High Numbers Personalized Gol,8
2015-09-03,Under Armour Girls' Toddler Spine Surge Runni,26
2015-09-03,Under Armour Kids' Mercenary Slide,4
2015-09-03,Under Armour Men's Compression EV SL Slide,3
2015-09-03,Under Armour Women's Ignite PIP VI Slide,1
2015-09-03,adidas Kids' F5 Messi FG Soccer Cleat,5
2015-09-03,adidas Men's F10 Messi TRX FG Soccer Cleat,2
2015-09-04,Columbia Men's PFG Anchor Tough T-Shirt,4
2015-09-04,Diamondback Women's Serene Classic Comfort Bi,14
2015-09-04,Field & Stream Sportsman 16 Gun Fire Safe,14
2015-09-04,Glove It Women's Imperial Golf Glove,5
2015-09-04,Nike Men's CJ Elite 2 TD Football Cleat,14
2015-09-04,Nike Men's Dri-FIT Victory Golf Polo,28
2015-09-04,Nike Men's Free 5.0+ Running Shoe,11
2015-09-04,O'Brien Men's Neoprene Life Vest,34
2015-09-04,Pelican Sunstream 100 Kayak,10
2015-09-04,Perfect Fitness Perfect Rip Deck,42
2015-09-04,Team Golf New England Patriots Putter Grip,2
2015-09-04,Team Golf Pittsburgh Steelers Putter Grip,1
2015-09-04,Team Golf St. Louis Cardinals Putter Grip,3
2015-09-04,Under Armour Girls' Toddler Spine Surge Runni,8
2015-09-04,Under Armour Hustle Storm Medium Duffle Bag,2
2015-09-05,Bridgestone e6 Straight Distance NFL San Dieg,2
2015-09-05,Diamondback Women's Serene Classic Comfort Bi,7
2015-09-05,ENO Atlas Hammock Straps,3
2015-09-05,Field & Stream Sportsman 16 Gun Fire Safe,10
2015-09-05,Hirzl Women's Hybrid Golf Glove,2
2015-09-05,Nike Men's CJ Elite 2 TD Football Cleat,8
2015-09-05,Nike Men's Dri-FIT Victory Golf Polo,36
2015-09-05,Nike Men's Free 5.0+ Running Shoe,19
2015-09-05,Nike Women's Tempo Shorts,5
2015-09-05,O'Brien Men's Neoprene Life Vest,16
2015-09-05,Pelican Sunstream 100 Kayak,6
2015-09-05,Perfect Fitness Perfect Rip Deck,30
2015-09-05,Under Armour Girls' Toddler Spine Surge Runni,14
2015-09-05,adidas Men's F10 Messi TRX FG Soccer Cleat,5
2015-09-06,Bag Boy Beverage Holder,2
2015-09-06,Bridgestone e6 Straight Distance NFL Tennesse,1
2015-09-06,Clicgear 8.0 Shoe Brush,8
2015-09-06,Diamondback Women's Serene Classic Comfort Bi,6
2015-09-06,ENO Atlas Hammock Straps,5
2015-09-06,Field & Stream Sportsman 16 Gun Fire Safe,9
2015-09-06,Glove It Women's Imperial Golf Glove,8
2015-09-06,Glove It Women's Mod Oval 3-Zip Carry All Gol,2
2015-09-06,Nike Dri-FIT Crew Sock 6 Pack,5
2015-09-06,Nike Men's CJ Elite 2 TD Football Cleat,12
2015-09-06,Nike Men's Dri-FIT Victory Golf Polo,26
2015-09-06,Nike Men's Free 5.0+ Running Shoe,22
2015-09-06,O'Brien Men's Neoprene Life Vest,42
2015-09-06,Pelican Sunstream 100 Kayak,10
2015-09-06,Perfect Fitness Perfect Rip Deck,49
2015-09-06,TYR Boys' Team Digi Jammer,4
2015-09-06,Team Golf Tennessee Volunteers Putter Grip,5
2015-09-06,Under Armour Girls' Toddler Spine Surge Runni,18
2015-09-07,Bridgestone e6 Straight Distance NFL Tennesse,2
2015-09-07,Diamondback Women's Serene Classic Comfort Bi,3
2015-09-07,Field & Stream Sportsman 16 Gun Fire Safe,6
2015-09-07,Nike Dri-FIT Crew Sock 6 Pack,3
2015-09-07,Nike Men's CJ Elite 2 TD Football Cleat,6
2015-09-07,Nike Men's Dri-FIT Victory Golf Polo,29
2015-09-07,Nike Men's Free 5.0+ Running Shoe,3
2015-09-07,O'Brien Men's Neoprene Life Vest,16
2015-09-07,Pelican Sunstream 100 Kayak,2
2015-09-07,Perfect Fitness Perfect Rip Deck,23
2015-09-07,TYR Boys' Team Digi Jammer,2
2015-09-07,Titleist Pro V1x Golf Balls,3
2015-09-07,Under Armour Girls' Toddler Spine Surge Runni,10
2015-09-07,Under Armour Women's Micro G Skulpt Running S,5
2015-09-08,Diamondback Women's Serene Classic Comfort Bi,5
2015-09-08,Field & Stream Sportsman 16 Gun Fire Safe,4
2015-09-08,Hirzl Men's Hybrid Golf Glove,5
2015-09-08,Nike Men's CJ Elite 2 TD Football Cleat,8
2015-09-08,Nike Men's Dri-FIT Victory Golf Polo,12
2015-09-08,Nike Men's Free 5.0+ Running Shoe,10
2015-09-08,O'Brien Men's Neoprene Life Vest,18
2015-09-08,Pelican Sunstream 100 Kayak,5
2015-09-08,Perfect Fitness Perfect Rip Deck,49
2015-09-08,TYR Boys' Team Digi Jammer,5
2015-09-08,Team Golf San Francisco Giants Putter Grip,1
2015-09-08,Under Armour Girls' Toddler Spine Surge Runni,8
2015-09-08,Under Armour Men's Tech II T-Shirt,4
2015-09-09,Diamondback Women's Serene Classic Comfort Bi,10
2015-09-09,ENO Atlas Hammock Straps,1
2015-09-09,Field & Stream Sportsman 16 Gun Fire Safe,8
2015-09-09,Nike Men's CJ Elite 2 TD Football Cleat,7
2015-09-09,Nike Men's Dri-FIT Victory Golf Polo,11
2015-09-09,Nike Men's Free 5.0+ Running Shoe,31
2015-09-09,Nike Women's Legend V-Neck T-Shirt,2
2015-09-09,O'Brien Men's Neoprene Life Vest,20
2015-09-09,Pelican Sunstream 100 Kayak,6
2015-09-09,Perfect Fitness Perfect Rip Deck,25
2015-09-09,Team Golf New England Patriots Putter Grip,2
2015-09-09,Team Golf Pittsburgh Steelers Putter Grip,2
2015-09-09,Under Armour Girls' Toddler Spine Surge Runni,12
2015-09-09,Under Armour Women's Ignite PIP VI Slide,4
2015-09-09,adidas Youth Germany Black/Red Away Match Soc,3
2015-09-10,Diamondback Women's Serene Classic Comfort Bi,8
2015-09-10,Field & Stream Sportsman 16 Gun Fire Safe,10
2015-09-10,Glove It Imperial Golf Towel,3
2015-09-10,Nike Dri-FIT Crew Sock 6 Pack,1
2015-09-10,Nike Men's CJ Elite 2 TD Football Cleat,11
2015-09-10,Nike Men's Dri-FIT Victory Golf Polo,21
2015-09-10,Nike Men's Free 5.0+ Running Shoe,11
2015-09-10,Nike Women's Tempo Shorts,3
2015-09-10,O'Brien Men's Neoprene Life Vest,27
2015-09-10,Pelican Sunstream 100 Kayak,4
2015-09-10,Perfect Fitness Perfect Rip Deck,24
2015-09-10,Team Golf St. Louis Cardinals Putter Grip,4
2015-09-10,Team Golf Tennessee Volunteers Putter Grip,1
2015-09-10,Titleist Pro V1 High Numbers Personalized Gol,2
2015-09-10,Under Armour Girls' Toddler Spine Surge Runni,9
2015-09-10,Under Armour Women's Micro G Skulpt Running S,4
2015-09-11,Diamondback Women's Serene Classic Comfort Bi,3
2015-09-11,ENO Atlas Hammock Straps,8
2015-09-11,Field & Stream Sportsman 16 Gun Fire Safe,3
2015-09-11,Nike Men's CJ Elite 2 TD Football Cleat,13
2015-09-11,Nike Men's Dri-FIT Victory Golf Polo,39
2015-09-11,Nike Men's Free 5.0+ Running Shoe,15
2015-09-11,O'Brien Men's Neoprene Life Vest,26
2015-09-11,Pelican Sunstream 100 Kayak,6
2015-09-11,Perfect Fitness Perfect Rip Deck,44
2015-09-11,Titleist Pro V1 High Numbers Personalized Gol,1
2015-09-11,Under Armour Girls' Toddler Spine Surge Runni,16
2015-09-11,Under Armour Kids' Mercenary Slide,5
2015-09-11,Under Armour Men's Tech II T-Shirt,2
2015-09-11,adidas Kids' F5 Messi FG Soccer Cleat,5
2015-09-12,Bridgestone e6 Straight Distance NFL Tennesse,1
2015-09-12,Diamondback Women's Serene Classic Comfort Bi,3
2015-09-12,Field & Stream Sportsman 16 Gun Fire Safe,8
2015-09-12,Glove It Urban Brick Golf Towel,4
2015-09-12,Nike Men's CJ Elite 2 TD Football Cleat,8
2015-09-12,Nike Men's Comfort 2 Slide,2
2015-09-12,Nike Men's Deutschland Weltmeister Winners Bl,2
2015-09-12,Nike Men's Dri-FIT Victory Golf Polo,14
2015-09-12,Nike Men's Free 5.0+ Running Shoe,10
2015-09-12,O'Brien Men's Neoprene Life Vest,23
2015-09-12,Pelican Sunstream 100 Kayak,3
2015-09-12,Perfect Fitness Perfect Rip Deck,27
2015-09-12,Team Golf San Francisco Giants Putter Grip,2
2015-09-12,Under Armour Girls' Toddler Spine Surge Runni,24
2015-09-13,Diamondback Women's Serene Classic Comfort Bi,10
2015-09-13,Field & Stream Sportsman 16 Gun Fire Safe,8
2015-09-13,Nike Men's CJ Elite 2 TD Football Cleat,15
2015-09-13,Nike Men's Dri-FIT Victory Golf Polo,16
2015-09-13,Nike Men's Free 5.0+ Running Shoe,9
2015-09-13,O'Brien Men's Neoprene Life Vest,37
2015-09-13,Pelican Sunstream 100 Kayak,9
2015-09-13,Perfect Fitness Perfect Rip Deck,47
2015-09-13,Team Golf Tennessee Volunteers Putter Grip,4
2015-09-13,Under Armour Girls' Toddler Spine Surge Runni,14
2015-09-13,Under Armour Hustle Storm Medium Duffle Bag,3
2015-09-13,Under Armour Women's Ignite PIP VI Slide,5
2015-09-13,adidas Kids' F5 Messi FG Soccer Cleat,4
2015-09-14,Bridgestone e6 Straight Distance NFL Tennesse,5
2015-09-14,Diamondback Women's Serene Classic Comfort Bi,7
2015-09-14,Field & Stream Sportsman 16 Gun Fire Safe,7
2015-09-14,Nike Men's CJ Elite 2 TD Football Cleat,13
2015-09-14,Nike Men's Dri-FIT Victory Golf Polo,40
2015-09-14,Nike Men's Free 5.0+ Running Shoe,30
2015-09-14,Nike Women's Tempo Shorts,5
2015-09-14,O'Brien Men's Neoprene Life Vest,45
2015-09-14,Pelican Sunstream 100 Kayak,5
2015-09-14,Perfect Fitness Perfect Rip Deck,28
2015-09-14,Team Golf New England Patriots Putter Grip,5
2015-09-14,Team Golf Pittsburgh Steelers Putter Grip,10
2015-09-14,Team Golf Texas Longhorns Putter Grip,3
2015-09-14,Under Armour Girls' Toddler Spine Surge Runni,23
2015-09-14,Under Armour Women's Micro G Skulpt Running S,2
2015-09-15,Diamondback Women's Serene Classic Comfort Bi,3
2015-09-15,Field & Stream Sportsman 16 Gun Fire Safe,12
2015-09-15,Nike Men's CJ Elite 2 TD Football Cleat,8
2015-09-15,Nike Men's Comfort 2 Slide,5
2015-09-15,Nike Men's Dri-FIT Victory Golf Polo,20
2015-09-15,Nike Men's Free 5.0+ Running Shoe,18
2015-09-15,O'Brien Men's Neoprene Life Vest,33
2015-09-15,Pelican Sunstream 100 Kayak,8
2015-09-15,Perfect Fitness Perfect Rip Deck,23
2015-09-15,Team Golf St. Louis Cardinals Putter Grip,1
2015-09-15,Under Armour Girls' Toddler Spine Surge Runni,26
2015-09-15,Under Armour Men's Tech II T-Shirt,3
2015-09-16,Bridgestone e6 Straight Distance NFL San Dieg,5
2015-09-16,Diamondback Women's Serene Classic Comfort Bi,7
2015-09-16,Field & Stream Sportsman 16 Gun Fire Safe,4
2015-09-16,Glove It Women's Imperial Golf Glove,2
2015-09-16,Hirzl Men's Hybrid Golf Glove,5
2015-09-16,Nike Men's CJ Elite 2 TD Football Cleat,7
2015-09-16,Nike Men's Dri-FIT Victory Golf Polo,39
2015-09-16,Nike Men's Free 5.0+ Running Shoe,11
2015-09-16,O'Brien Men's Neoprene Life Vest,44
2015-09-16,Pelican Sunstream 100 Kayak,1
2015-09-16,Perfect Fitness Perfect Rip Deck,39
2015-09-16,Under Armour Girls' Toddler Spine Surge Runni,4
2015-09-16,Under Armour Women's Ignite PIP VI Slide,2
2015-09-17,Diamondback Women's Serene Classic Comfort Bi,12
2015-09-17,Field & Stream Sportsman 16 Gun Fire Safe,4
2015-09-17,Hirzl Women's Soffft Flex Golf Glove,2
2015-09-17,Nike Men's CJ Elite 2 TD Football Cleat,9
2015-09-17,Nike Men's Dri-FIT Victory Golf Polo,21
2015-09-17,O'Brien Men's Neoprene Life Vest,20
2015-09-17,Pelican Sunstream 100 Kayak,3
2015-09-17,Perfect Fitness Perfect Rip Deck,30
2015-09-17,Under Armour Girls' Toddler Spine Surge Runni,20
2015-09-17,adidas Kids' F5 Messi FG Soccer Cleat,5
2015-09-17,adidas Men's F10 Messi TRX FG Soccer Cleat,1
2015-09-18,Diamondback Women's Serene Classic Comfort Bi,6
2015-09-18,ENO Atlas Hammock Straps,3
2015-09-18,Field & Stream Sportsman 16 Gun Fire Safe,7
2015-09-18,Nike Men's CJ Elite 2 TD Football Cleat,8
2015-09-18,Nike Men's Dri-FIT Victory Golf Polo,25
2015-09-18,Nike Men's Free 5.0+ Running Shoe,26
2015-09-18,O'Brien Men's Neoprene Life Vest,26
2015-09-18,Pelican Sunstream 100 Kayak,1
2015-09-18,Perfect Fitness Perfect Rip Deck,17
2015-09-18,TYR Boys' Team Digi Jammer,4
2015-09-18,Team Golf Tennessee Volunteers Putter Grip,5
2015-09-18,Under Armour Girls' Toddler Spine Surge Runni,12
2015-09-18,adidas Youth Germany Black/Red Away Match Soc,4
2015-09-19,Bag Boy Beverage Holder,2
2015-09-19,Diamondback Women's Serene Classic Comfort Bi,7
2015-09-19,Field & Stream Sportsman 16 Gun Fire Safe,6
2015-09-19,Nike Men's CJ Elite 2 TD Football Cleat,10
2015-09-19,Nike Men's Comfort 2 Slide,1
2015-09-19,Nike Men's Dri-FIT Victory Golf Polo,31
2015-09-19,Nike Men's Free 5.0+ Running Shoe,9
2015-09-19,O'Brien Men's Neoprene Life Vest,21
2015-09-19,Pelican Sunstream 100 Kayak,7
2015-09-19,Perfect Fitness Perfect Rip Deck,33
2015-09-19,Team Golf St. Louis Cardinals Putter Grip,3
2015-09-19,Titleist Pro V1x High Numbers Golf Balls,5
2015-09-19,Under Armour Girls' Toddler Spine Surge Runni,29
2015-09-19,Under Armour Women's Micro G Skulpt Running S,5
2015-09-20,Diamondback Women's Serene Classic Comfort Bi,10
2015-09-20,Field & Stream Sportsman 16 Gun Fire Safe,9
2015-09-20,Glove It Women's Imperial Golf Glove,5
2015-09-20,Nike Men's CJ Elite 2 TD Football Cleat,14
2015-09-20,Nike Men's Deutschland Weltmeister Winners Bl,5
2015-09-20,Nike Men's Dri-FIT Victory Golf Polo,47
2015-09-20,Nike Men's Free 5.0+ Running Shoe,10
2015-09-20,O'Brien Men's Neoprene Life Vest,40
2015-09-20,Pelican Sunstream 100 Kayak,9
2015-09-20,Perfect Fitness Perfect Rip Deck,25
2015-09-20,Titleist Pro V1x High Numbers Personalized Go,4
2015-09-20,Under Armour Girls' Toddler Spine Surge Runni,22
2015-09-20,adidas Men's F10 Messi TRX FG Soccer Cleat,3
2015-09-20,adidas Men's Germany Black Crest Away Tee,4
2015-09-21,Diamondback Women's Serene Classic Comfort Bi,5
2015-09-21,ENO Atlas Hammock Straps,5
2015-09-21,Field & Stream Sportsman 16 Gun Fire Safe,4
2015-09-21,Glove It Women's Mod Oval Golf Glove,5
2015-09-21,Hirzl Women's Hybrid Golf Glove,2
2015-09-21,Nike Men's CJ Elite 2 TD Football Cleat,15
2015-09-21,Nike Men's Dri-FIT Victory Golf Polo,20
2015-09-21,Nike Men's Free 5.0+ Running Shoe,9
2015-09-21,O'Brien Men's Neoprene Life Vest,28
2015-09-21,Pelican Sunstream 100 Kayak,5
2015-09-21,Perfect Fitness Perfect Rip Deck,53
2015-09-21,TYR Boys' Team Digi Jammer,1
2015-09-21,Top Flite Women's 2014 XL Hybrid,3
2015-09-21,Under Armour Girls' Toddler Spine Surge Runni,3
2015-09-21,Under Armour Women's Ignite PIP VI Slide,1
2015-09-21,adidas Men's F10 Messi TRX FG Soccer Cleat,2
2015-09-22,Bridgestone e6 Straight Distance NFL San Dieg,4
2015-09-22,Diamondback Women's Serene Classic Comfort Bi,9
2015-09-22,Field & Stream Sportsman 16 Gun Fire Safe,6
2015-09-22,Glove It Women's Mod Oval 3-Zip Carry All Gol,1
2015-09-22,Nike Dri-FIT Crew Sock 6 Pack,3
2015-09-22,Nike Men's CJ Elite 2 TD Football Cleat,8
2015-09-22,Nike Men's Dri-FIT Victory Golf Polo,33
2015-09-22,Nike Men's Free 5.0+ Running Shoe,14
2015-09-22,O'Brien Men's Neoprene Life Vest,32
2015-09-22,Pelican Sunstream 100 Kayak,7
2015-09-22,Perfect Fitness Perfect Rip Deck,57
2015-09-22,Team Golf Pittsburgh Steelers Putter Grip,1
2015-09-22,Team Golf Texas Longhorns Putter Grip,5
2015-09-22,Under Armour Girls' Toddler Spine Surge Runni,15
2015-09-22,Under Armour Hustle Storm Medium Duffle Bag,5
2015-09-23,Bag Boy Beverage Holder,5
2015-09-23,Diamondback Women's Serene Classic Comfort Bi,7
2015-09-23,ENO Atlas Hammock Straps,3
2015-09-23,Field & Stream Sportsman 16 Gun Fire Safe,8
2015-09-23,Nike Men's CJ Elite 2 TD Football Cleat,11
2015-09-23,Nike Men's Dri-FIT Victory Golf Polo,48
2015-09-23,Nike Men's Free 5.0+ Running Shoe,17
2015-09-23,Nike Women's Legend V-Neck T-Shirt,5
2015-09-23,O'Brien Men's Neoprene Life Vest,27
2015-09-23,Pelican Sunstream 100 Kayak,7
2015-09-23,Perfect Fitness Perfect Rip Deck,64
2015-09-23,Team Golf San Francisco Giants Putter Grip,5
2015-09-23,Titleist Pro V1 High Numbers Personalized Gol,3
2015-09-23,Under Armour Girls' Toddler Spine Surge Runni,12
2015-09-23,Under Armour Hustle Storm Medium Duffle Bag,5
2015-09-23,Under Armour Men's Compression EV SL Slide,1
2015-09-24,Diamondback Women's Serene Classic Comfort Bi,7
2015-09-24,Field & Stream Sportsman 16 Gun Fire Safe,6
2015-09-24,Glove It Imperial Golf Towel,4
2015-09-24,Glove It Women's Mod Oval Golf Glove,4
2015-09-24,Nike Men's CJ Elite 2 TD Football Cleat,6
2015-09-24,Nike Men's Dri-FIT Victory Golf Polo,32
2015-09-24,Nike Men's Free 5.0+ Running Shoe,27
2015-09-24,O'Brien Men's Neoprene Life Vest,22
2015-09-24,Pelican Sunstream 100 Kayak,5
2015-09-24,Perfect Fitness Perfect Rip Deck,31
2015-09-24,Team Golf St. Louis Cardinals Putter Grip,4
2015-09-24,Under Armour Girls' Toddler Spine Surge Runni,32
2015-09-24,Under Armour Men's Compression EV SL Slide,3
2015-09-24,Under Armour Men's Tech II T-Shirt,5
2015-09-24,Under Armour Women's Ignite Slide,5
2015-09-24,adidas Men's F10 Messi TRX FG Soccer Cleat,1
2015-09-24,adidas Youth Germany Black/Red Away Match Soc,3
2015-09-25,Bridgestone e6 Straight Distance NFL Carolina,5
2015-09-25,Bridgestone e6 Straight Distance NFL San Dieg,1
2015-09-25,Clicgear 8.0 Shoe Brush,1
2015-09-25,Diamondback Women's Serene Classic Comfort Bi,8
2015-09-25,Field & Stream Sportsman 16 Gun Fire Safe,7
2015-09-25,Glove It Imperial Golf Towel,2
2015-09-25,Hirzl Women's Hybrid Golf Glove,2
2015-09-25,Nike Men's CJ Elite 2 TD Football Cleat,13
2015-09-25,Nike Men's Dri-FIT Victory Golf Polo,33
2015-09-25,Nike Men's Free 5.0+ Running Shoe,24
2015-09-25,O'Brien Men's Neoprene Life Vest,18
2015-09-25,Pelican Sunstream 100 Kayak,7
2015-09-25,Perfect Fitness Perfect Rip Deck,29
2015-09-25,Titleist Pro V1x High Numbers Personalized Go,3
2015-09-25,Top Flite Women's 2014 XL Hybrid,2
2015-09-25,Under Armour Girls' Toddler Spine Surge Runni,4
2015-09-25,adidas Youth Germany Black/Red Away Match Soc,5
2015-09-26,Diamondback Women's Serene Classic Comfort Bi,4
2015-09-26,Field & Stream Sportsman 16 Gun Fire Safe,11
2015-09-26,Glove It Women's Mod Oval 3-Zip Carry All Gol,4
2015-09-26,Hirzl Women's Soffft Flex Golf Glove,4
2015-09-26,Nike Men's CJ Elite 2 TD Football Cleat,12
2015-09-26,Nike Men's Dri-FIT Victory Golf Polo,43
2015-09-26,Nike Men's Free 5.0+ Running Shoe,18
2015-09-26,O'Brien Men's Neoprene Life Vest,22
2015-09-26,Pelican Sunstream 100 Kayak,5
2015-09-26,Perfect Fitness Perfect Rip Deck,35
2015-09-26,Titleist Pro V1 High Numbers Personalized Gol,2
2015-09-26,Titleist Pro V1x High Numbers Golf Balls,5
2015-09-26,Under Armour Girls' Toddler Spine Surge Runni,16
2015-09-26,adidas Kids' F5 Messi FG Soccer Cleat,3
2015-09-27,Bridgestone e6 Straight Distance NFL Carolina,4
2015-09-27,Bridgestone e6 Straight Distance NFL San Dieg,1
2015-09-27,Diamondback Women's Serene Classic Comfort Bi,6
2015-09-27,Field & Stream Sportsman 16 Gun Fire Safe,7
2015-09-27,Nike Men's CJ Elite 2 TD Football Cleat,13
2015-09-27,Nike Men's Comfort 2 Slide,4
2015-09-27,Nike Men's Dri-FIT Victory Golf Polo,31
2015-09-27,Nike Men's Free 5.0+ Running Shoe,22
2015-09-27,O'Brien Men's Neoprene Life Vest,18
2015-09-27,Pelican Sunstream 100 Kayak,6
2015-09-27,Perfect Fitness Perfect Rip Deck,28
2015-09-27,Team Golf Tennessee Volunteers Putter Grip,1
2015-09-27,Titleist Pro V1x High Numbers Personalized Go,4
2015-09-27,Under Armour Girls' Toddler Spine Surge Runni,22
2015-09-27,Under Armour Men's Compression EV SL Slide,2
2015-09-27,adidas Men's F10 Messi TRX FG Soccer Cleat,2
2015-09-28,Bridgestone e6 Straight Distance NFL San Dieg,4
2015-09-28,Bridgestone e6 Straight Distance NFL Tennesse,2
2015-09-28,Columbia Men's PFG Anchor Tough T-Shirt,4
2015-09-28,Diamondback Women's Serene Classic Comfort Bi,11
2015-09-28,Field & Stream Sportsman 16 Gun Fire Safe,13
2015-09-28,Glove It Urban Brick Golf Towel,1
2015-09-28,Nike Men's CJ Elite 2 TD Football Cleat,4
2015-09-28,Nike Men's Comfort 2 Slide,5
2015-09-28,Nike Men's Dri-FIT Victory Golf Polo,20
2015-09-28,Nike Men's Free 5.0+ Running Shoe,23
2015-09-28,O'Brien Men's Neoprene Life Vest,37
2015-09-28,Pelican Sunstream 100 Kayak,11
2015-09-28,Perfect Fitness Perfect Rip Deck,27
2015-09-28,Top Flite Women's 2014 XL Hybrid,1
2015-09-28,Under Armour Girls' Toddler Spine Surge Runni,20
2015-09-28,Under Armour Women's Ignite PIP VI Slide,2
2015-09-29,Diamondback Women's Serene Classic Comfort Bi,5
2015-09-29,Field & Stream Sportsman 16 Gun Fire Safe,7
2015-09-29,Glove It Women's Mod Oval Golf Glove,1
2015-09-29,Nike Men's CJ Elite 2 TD Football Cleat,15
2015-09-29,Nike Men's Dri-FIT Victory Golf Polo,21
2015-09-29,Nike Men's Free 5.0+ Running Shoe,16
2015-09-29,O'Brien Men's Neoprene Life Vest,13
2015-09-29,Pelican Sunstream 100 Kayak,6
2015-09-29,Perfect Fitness Perfect Rip Deck,16
2015-09-29,Titleist Pro V1x High Numbers Personalized Go,2
2015-09-29,Under Armour Girls' Toddler Spine Surge Runni,16
2015-09-29,Under Armour Women's Micro G Skulpt Running S,2
2015-09-30,Clicgear Rovic Cooler Bag,2
2015-09-30,Diamondback Women's Serene Classic Comfort Bi,8
2015-09-30,Field & Stream Sportsman 16 Gun Fire Safe,10
2015-09-30,Hirzl Women's Soffft Flex Golf Glove,4
2015-09-30,Nike Dri-FIT Crew Sock 6 Pack,1
2015-09-30,Nike Men's CJ Elite 2 TD Football Cleat,12
2015-09-30,Nike Men's Dri-FIT Victory Golf Polo,32
2015-09-30,Nike Men's Free 5.0+ Running Shoe,18
2015-09-30,O'Brien Men's Neoprene Life Vest,42
2015-09-30,Pelican Sunstream 100 Kayak,5
2015-09-30,Perfect Fitness Perfect Rip Deck,39
2015-09-30,Team Golf New England Patriots Putter Grip,1
2015-09-30,Team Golf St. Louis Cardinals Putter Grip,3
2015-09-30,Under Armour Girls' Toddler Spine Surge Runni,12
2015-09-30,Under Armour Hustle Storm Medium Duffle Bag,2
2015-09-30,Under Armour Men's Tech II T-Shirt,1
2015-10-01,Clicgear Rovic Cooler Bag,5
2015-10-01,Diamondback Women's Serene Classic Comfort Bi,5
2015-10-01,Field & Stream Sportsman 16 Gun Fire Safe,11
2015-10-01,Nike Men's CJ Elite 2 TD Football Cleat,15
2015-10-01,Nike Men's Comfort 2 Slide,1
2015-10-01,Nike Men's Dri-FIT Victory Golf Polo,43
2015-10-01,Nike Men's Free 5.0+ Running Shoe,21
2015-10-01,O'Brien Men's Neoprene Life Vest,24
2015-10-01,Pelican Sunstream 100 Kayak,5
2015-10-01,Perfect Fitness Perfect Rip Deck,46
2015-10-01,Team Golf Pittsburgh Steelers Putter Grip,4
2015-10-01,Team Golf St. Louis Cardinals Putter Grip,2
2015-10-01,Titleist Pro V1x High Numbers Personalized Go,2
2015-10-01,Under Armour Girls' Toddler Spine Surge Runni,5
2015-10-01,Under Armour Men's Compression EV SL Slide,2
2015-10-02,Diamondback Women's Serene Classic Comfort Bi,4
2015-10-02,Field & Stream Sportsman 16 Gun Fire Safe,4
2015-10-02,Hirzl Women's Hybrid Golf Glove,1
2015-10-02,Nike Men's CJ Elite 2 TD Football Cleat,8
2015-10-02,Nike Men's Deutschland Weltmeister Winners Bl,1
2015-10-02,Nike Men's Dri-FIT Victory Golf Polo,39
2015-10-02,Nike Men's Free 5.0+ Running Shoe,18
2015-10-02,O'Brien Men's Neoprene Life Vest,23
2015-10-02,Pelican Sunstream 100 Kayak,8
2015-10-02,Perfect Fitness Perfect Rip Deck,34
2015-10-02,Team Golf San Francisco Giants Putter Grip,1
2015-10-02,Team Golf Tennessee Volunteers Putter Grip,3
2015-10-02,Under Armour Girls' Toddler Spine Surge Runni,6
2015-10-02,Under Armour Men's Compression EV SL Slide,1
2015-10-03,Bag Boy Beverage Holder,3
2015-10-03,Bridgestone e6 Straight Distance NFL Carolina,1
2015-10-03,Clicgear Rovic Cooler Bag,2
2015-10-03,Diamondback Women's Serene Classic Comfort Bi,12
2015-10-03,Field & Stream Sportsman 16 Gun Fire Safe,9
2015-10-03,Hirzl Men's Hybrid Golf Glove,4
2015-10-03,Hirzl Women's Hybrid Golf Glove,4
2015-10-03,Hirzl Women's Soffft Flex Golf Glove,5
2015-10-03,Nike Men's CJ Elite 2 TD Football Cleat,15
2015-10-03,Nike Men's Dri-FIT Victory Golf Polo,19
2015-10-03,Nike Men's Free 5.0+ Running Shoe,20
2015-10-03,Nike Women's Legend V-Neck T-Shirt,3
2015-10-03,O'Brien Men's Neoprene Life Vest,47
2015-10-03,Pelican Sunstream 100 Kayak,13
2015-10-03,Perfect Fitness Perfect Rip Deck,18
2015-10-03,Under Armour Girls' Toddler Spine Surge Runni,2
2015-10-03,Under Armour Hustle Storm Medium Duffle Bag,10
2015-10-03,Under Armour Men's Tech II T-Shirt,2
2015-10-04,Diamondback Women's Serene Classic Comfort Bi,4
2015-10-04,Field & Stream Sportsman 16 Gun Fire Safe,3
2015-10-04,Glove It Women's Mod Oval Golf Glove,5
2015-10-04,Nike Men's CJ Elite 2 TD Football Cleat,7
2015-10-04,Nike Men's Dri-FIT Victory Golf Polo,18
2015-10-04,Nike Men's Free 5.0+ Running Shoe,13
2015-10-04,O'Brien Men's Neoprene Life Vest,35
2015-10-04,Pelican Sunstream 100 Kayak,5
2015-10-04,Perfect Fitness Perfect Rip Deck,24
2015-10-04,Team Golf Pittsburgh Steelers Putter Grip,4
2015-10-04,Under Armour Girls' Toddler Spine Surge Runni,8
2015-10-04,Under Armour Kids' Mercenary Slide,5
2015-10-05,Diamondback Women's Serene Classic Comfort Bi,5
2015-10-05,Field & Stream Sportsman 16 Gun Fire Safe,5
2015-10-05,Glove It Women's Imperial Golf Glove,4
2015-10-05,Hirzl Women's Soffft Flex Golf Glove,2
2015-10-05,Nike Men's CJ Elite 2 TD Football Cleat,7
2015-10-05,Nike Men's Dri-FIT Victory Golf Polo,41
2015-10-05,Nike Men's Free 5.0+ Running Shoe,17
2015-10-05,Nike Women's Tempo Shorts,3
2015-10-05,O'Brien Men's Neoprene Life Vest,37
2015-10-05,Pelican Sunstream 100 Kayak,10
2015-10-05,Perfect Fitness Perfect Rip Deck,40
2015-10-05,Team Golf New England Patriots Putter Grip,4
2015-10-05,Team Golf St. Louis Cardinals Putter Grip,3
2015-10-05,Under Armour Girls' Toddler Spine Surge Runni,9
2015-10-06,Diamondback Women's Serene Classic Comfort Bi,6
2015-10-06,Field & Stream Sportsman 16 Gun Fire Safe,2
2015-10-06,LIJA Women's Eyelet Sleeveless Golf Polo,4
2015-10-06,Nike Men's CJ Elite 2 TD Football Cleat,10
2015-10-06,Nike Men's Dri-FIT Victory Golf Polo,33
2015-10-06,Nike Men's Free 5.0+ Running Shoe,12
2015-10-06,Nike Women's Tempo Shorts,5
2015-10-06,O'Brien Men's Neoprene Life Vest,32
2015-10-06,Pelican Sunstream 100 Kayak,7
2015-10-06,Perfect Fitness Perfect Rip Deck,32
2015-10-06,Under Armour Girls' Toddler Spine Surge Runni,24
2015-10-06,Under Armour Hustle Storm Medium Duffle Bag,3
2015-10-07,Diamondback Women's Serene Classic Comfort Bi,5
2015-10-07,Field & Stream Sportsman 16 Gun Fire Safe,3
2015-10-07,Hirzl Men's Hybrid Golf Glove,3
2015-10-07,Hirzl Women's Hybrid Golf Glove,4
2015-10-07,Hirzl Women's Soffft Flex Golf Glove,5
2015-10-07,Nike Men's CJ Elite 2 TD Football Cleat,5
2015-10-07,Nike Men's Deutschland Weltmeister Winners Bl,4
2015-10-07,Nike Men's Dri-FIT Victory Golf Polo,17
2015-10-07,Nike Men's Free 5.0+ Running Shoe,13
2015-10-07,O'Brien Men's Neoprene Life Vest,5
2015-10-07,Pelican Sunstream 100 Kayak,4
2015-10-07,Perfect Fitness Perfect Rip Deck,23
2015-10-07,Team Golf Texas Longhorns Putter Grip,4
2015-10-07,Under Armour Girls' Toddler Spine Surge Runni,16
2015-10-07,Under Armour Kids' Mercenary Slide,5
2015-10-08,Bridgestone e6 Straight Distance NFL Carolina,4
2015-10-08,Diamondback Women's Serene Classic Comfort Bi,4
2015-10-08,Field & Stream Sportsman 16 Gun Fire Safe,3
2015-10-08,Glove It Urban Brick Golf Towel,2
2015-10-08,Glove It Women's Mod Oval 3-Zip Carry All Gol,2
2015-10-08,Nike Dri-FIT Crew Sock 6 Pack,2
2015-10-08,Nike Men's CJ Elite 2 TD Football Cleat,5
2015-10-08,Nike Men's Comfort 2 Slide,2
2015-10-08,Nike Men's Deutschland Weltmeister Winners Bl,1
2015-10-08,Nike Men's Dri-FIT Victory Golf Polo,16
2015-10-08,Nike Men's Free 5.0+ Running Shoe,14
2015-10-08,O'Brien Men's Neoprene Life Vest,26
2015-10-08,Pelican Sunstream 100 Kayak,5
2015-10-08,Perfect Fitness Perfect Rip Deck,9
2015-10-08,Team Golf St. Louis Cardinals Putter Grip,2
2015-10-08,Top Flite Women's 2014 XL Hybrid,1
2015-10-08,Under Armour Girls' Toddler Spine Surge Runni,7
2015-10-09,Columbia Men's PFG Anchor Tough T-Shirt,2
2015-10-09,Diamondback Women's Serene Classic Comfort Bi,6
2015-10-09,Field & Stream Sportsman 16 Gun Fire Safe,10
2015-10-09,Glove It Women's Mod Oval Golf Glove,5
2015-10-09,Nike Dri-FIT Crew Sock 6 Pack,4
2015-10-09,Nike Men's CJ Elite 2 TD Football Cleat,12
2015-10-09,Nike Men's Dri-FIT Victory Golf Polo,39
2015-10-09,Nike Men's Free 5.0+ Running Shoe,20
2015-10-09,O'Brien Men's Neoprene Life Vest,15
2015-10-09,Pelican Sunstream 100 Kayak,17
2015-10-09,Perfect Fitness Perfect Rip Deck,56
2015-10-09,Under Armour Girls' Toddler Spine Surge Runni,17
2015-10-09,adidas Youth Germany Black/Red Away Match Soc,3
2015-10-10,Diamondback Women's Serene Classic Comfort Bi,4
2015-10-10,Field & Stream Sportsman 16 Gun Fire Safe,8
2015-10-10,Glove It Women's Mod Oval Golf Glove,3
2015-10-10,LIJA Women's Eyelet Sleeveless Golf Polo,5
2015-10-10,Nike Men's CJ Elite 2 TD Football Cleat,8
2015-10-10,Nike Men's Dri-FIT Victory Golf Polo,12
2015-10-10,Nike Men's Free 5.0+ Running Shoe,13
2015-10-10,O'Brien Men's Neoprene Life Vest,20
2015-10-10,Pelican Sunstream 100 Kayak,7
2015-10-10,Perfect Fitness Perfect Rip Deck,21
2015-10-10,Team Golf Texas Longhorns Putter Grip,1
2015-10-10,Under Armour Girls' Toddler Spine Surge Runni,14
2015-10-10,Under Armour Women's Micro G Skulpt Running S,1
2015-10-10,adidas Men's F10 Messi TRX FG Soccer Cleat,3
2015-10-11,Bridgestone e6 Straight Distance NFL San Dieg,1
2015-10-11,Diamondback Women's Serene Classic Comfort Bi,5
2015-10-11,Field & Stream Sportsman 16 Gun Fire Safe,8
2015-10-11,Glove It Imperial Golf Towel,3
2015-10-11,Hirzl Women's Hybrid Golf Glove,5
2015-10-11,Nike Men's CJ Elite 2 TD Football Cleat,9
2015-10-11,Nike Men's Dri-FIT Victory Golf Polo,29
2015-10-11,Nike Men's Free 5.0+ Running Shoe,9
2015-10-11,Nike Women's Tempo Shorts,5
2015-10-11,O'Brien Men's Neoprene Life Vest,25
2015-10-11,Pelican Sunstream 100 Kayak,8
2015-10-11,Perfect Fitness Perfect Rip Deck,40
2015-10-11,TYR Boys' Team Digi Jammer,5
2015-10-11,Titleist Pro V1 High Numbers Personalized Gol,4
2015-10-11,Under Armour Girls' Toddler Spine Surge Runni,17
2015-10-12,Clicgear Rovic Cooler Bag,2
2015-10-12,Diamondback Women's Serene Classic Comfort Bi,10
2015-10-12,Field & Stream Sportsman 16 Gun Fire Safe,5
2015-10-12,Glove It Imperial Golf Towel,5
2015-10-12,LIJA Women's Eyelet Sleeveless Golf Polo,3
2015-10-12,Nike Men's CJ Elite 2 TD Football Cleat,9
2015-10-12,Nike Men's Comfort 2 Slide,5
2015-10-12,Nike Men's Dri-FIT Victory Golf Polo,30
2015-10-12,Nike Men's Free 5.0+ Running Shoe,19
2015-10-12,O'Brien Men's Neoprene Life Vest,10
2015-10-12,Pelican Sunstream 100 Kayak,6
2015-10-12,Perfect Fitness Perfect Rip Deck,40
2015-10-12,Team Golf San Francisco Giants Putter Grip,2
2015-10-12,Titleist Pro V1x High Numbers Golf Balls,3
2015-10-12,Under Armour Girls' Toddler Spine Surge Runni,5
2015-10-12,adidas Men's F10 Messi TRX FG Soccer Cleat,5
2015-10-13,Diamondback Women's Serene Classic Comfort Bi,3
2015-10-13,Field & Stream Sportsman 16 Gun Fire Safe,12
2015-10-13,Glove It Imperial Golf Towel,3
2015-10-13,Glove It Women's Mod Oval Golf Glove,4
2015-10-13,Nike Dri-FIT Crew Sock 6 Pack,2
2015-10-13,Nike Men's CJ Elite 2 TD Football Cleat,6
2015-10-13,Nike Men's Deutschland Weltmeister Winners Bl,1
2015-10-13,Nike Men's Dri-FIT Victory Golf Polo,34
2015-10-13,Nike Men's Free 5.0+ Running Shoe,21
2015-10-13,O'Brien Men's Neoprene Life Vest,52
2015-10-13,Pelican Sunstream 100 Kayak,6
2015-10-13,Perfect Fitness Perfect Rip Deck,36
2015-10-13,Under Armour Girls' Toddler Spine Surge Runni,32
2015-10-13,adidas Men's F10 Messi TRX FG Soccer Cleat,5
2015-10-14,Bag Boy Beverage Holder,2
2015-10-14,Bridgestone e6 Straight Distance NFL Tennesse,5
2015-10-14,Diamondback Women's Serene Classic Comfort Bi,4
2015-10-14,Field & Stream Sportsman 16 Gun Fire Safe,8
2015-10-14,Glove It Women's Mod Oval Golf Glove,4
2015-10-14,Nike Men's CJ Elite 2 TD Football Cleat,13
2015-10-14,Nike Men's Dri-FIT Victory Golf Polo,20
2015-10-14,Nike Men's Free 5.0+ Running Shoe,20
2015-10-14,Nike Women's Tempo Shorts,2
2015-10-14,O'Brien Men's Neoprene Life Vest,12
2015-10-14,Pelican Sunstream 100 Kayak,6
2015-10-14,Perfect Fitness Perfect Rip Deck,23
2015-10-14,Titleist Pro V1x High Numbers Golf Balls,4
2015-10-14,Under Armour Girls' Toddler Spine Surge Runni,14
2015-10-14,Under Armour Men's Tech II T-Shirt,4
2015-10-14,adidas Men's Germany Black Crest Away Tee,6
2015-10-15,Diamondback Women's Serene Classic Comfort Bi,6
2015-10-15,Field & Stream Sportsman 16 Gun Fire Safe,10
2015-10-15,Glove It Women's Mod Oval 3-Zip Carry All Gol,5
2015-10-15,Nike Men's CJ Elite 2 TD Football Cleat,9
2015-10-15,Nike Men's Dri-FIT Victory Golf Polo,35
2015-10-15,Nike Men's Free 5.0+ Running Shoe,29
2015-10-15,O'Brien Men's Neoprene Life Vest,32
2015-10-15,Pelican Sunstream 100 Kayak,7
2015-10-15,Perfect Fitness Perfect Rip Deck,35
2015-10-15,Team Golf San Francisco Giants Putter Grip,1
2015-10-15,Under Armour Girls' Toddler Spine Surge Runni,6
2015-10-15,Under Armour Kids' Mercenary Slide,1
2015-10-15,Under Armour Women's Ignite Slide,4
2015-10-15,Under Armour Women's Micro G Skulpt Running S,5
2015-10-16,Bridgestone e6 Straight Distance NFL Carolina,5
2015-10-16,Diamondback Women's Serene Classic Comfort Bi,3
2015-10-16,ENO Atlas Hammock Straps,1
2015-10-16,Field & Stream Sportsman 16 Gun Fire Safe,8
2015-10-16,LIJA Women's Eyelet Sleeveless Golf Polo,4
2015-10-16,Nike Men's CJ Elite 2 TD Football Cleat,12
2015-10-16,Nike Men's Dri-FIT Victory Golf Polo,34
2015-10-16,Nike Men's Free 5.0+ Running Shoe,16
2015-10-16,Nike Women's Legend V-Neck T-Shirt,4
2015-10-16,O'Brien Men's Neoprene Life Vest,36
2015-10-16,Pelican Sunstream 100 Kayak,5
2015-10-16,Perfect Fitness Perfect Rip Deck,21
2015-10-16,Under Armour Girls' Toddler Spine Surge Runni,13
2015-10-16,Under Armour Men's Tech II T-Shirt,1
2015-10-16,adidas Men's Germany Black Crest Away Tee,2
2015-10-17,Diamondback Women's Serene Classic Comfort Bi,3
2015-10-17,Field & Stream Sportsman 16 Gun Fire Safe,2
2015-10-17,Glove It Imperial Golf Towel,2
2015-10-17,Glove It Women's Mod Oval Golf Glove,2
2015-10-17,Nike Men's CJ Elite 2 TD Football Cleat,11
2015-10-17,Nike Men's Deutschland Weltmeister Winners Bl,5
2015-10-17,Nike Men's Dri-FIT Victory Golf Polo,18
2015-10-17,Nike Men's Free 5.0+ Running Shoe,14
2015-10-17,O'Brien Men's Neoprene Life Vest,17
2015-10-17,Pelican Sunstream 100 Kayak,4
2015-10-17,Perfect Fitness Perfect Rip Deck,18
2015-10-17,TYR Boys' Team Digi Jammer,3
2015-10-17,Team Golf New England Patriots Putter Grip,5
2015-10-17,Titleist Pro V1x Golf Balls,4
2015-10-17,Under Armour Girls' Toddler Spine Surge Runni,4
2015-10-18,Diamondback Women's Serene Classic Comfort Bi,5
2015-10-18,Field & Stream Sportsman 16 Gun Fire Safe,6
2015-10-18,Nike Men's CJ Elite 2 TD Football Cleat,6
2015-10-18,Nike Men's Deutschland Weltmeister Winners Bl,2
2015-10-18,Nike Men's Dri-FIT Victory Golf Polo,28
2015-10-18,Nike Men's Free 5.0+ Running Shoe,13
2015-10-18,O'Brien Men's Neoprene Life Vest,12
2015-10-18,Pelican Sunstream 100 Kayak,4
2015-10-18,Perfect Fitness Perfect Rip Deck,19
2015-10-18,Team Golf Pittsburgh Steelers Putter Grip,5
2015-10-18,Team Golf Tennessee Volunteers Putter Grip,5
2015-10-18,Team Golf Texas Longhorns Putter Grip,2
2015-10-18,Titleist Pro V1x High Numbers Personalized Go,1
2015-10-18,Under Armour Girls' Toddler Spine Surge Runni,4
2015-10-18,Under Armour Women's Ignite PIP VI Slide,4
2015-10-19,Diamondback Women's Serene Classic Comfort Bi,5
2015-10-19,Field & Stream Sportsman 16 Gun Fire Safe,3
2015-10-19,Glove It Women's Mod Oval 3-Zip Carry All Gol,5
2015-10-19,Hirzl Women's Hybrid Golf Glove,4
2015-10-19,Nike Men's CJ Elite 2 TD Football Cleat,12
2015-10-19,Nike Men's Dri-FIT Victory Golf Polo,12
2015-10-19,Nike Men's Free 5.0+ Running Shoe,27
2015-10-19,Nike Women's Tempo Shorts,2
2015-10-19,O'Brien Men's Neoprene Life Vest,30
2015-10-19,Pelican Sunstream 100 Kayak,7
2015-10-19,Perfect Fitness Perfect Rip Deck,42
2015-10-19,Team Golf Tennessee Volunteers Putter Grip,5
2015-10-19,Titleist Pro V1x High Numbers Golf Balls,4
2015-10-19,Under Armour Girls' Toddler Spine Surge Runni,12
2015-10-19,Under Armour Men's Compression EV SL Slide,2
2015-10-19,Under Armour Women's Ignite PIP VI Slide,3
2015-10-19,adidas Youth Germany Black/Red Away Match Soc,2
2015-10-20,Columbia Men's PFG Anchor Tough T-Shirt,5
2015-10-20,Diamondback Women's Serene Classic Comfort Bi,5
2015-10-20,ENO Atlas Hammock Straps,9
2015-10-20,Field & Stream Sportsman 16 Gun Fire Safe,13
2015-10-20,Hirzl Men's Hybrid Golf Glove,5
2015-10-20,Hirzl Women's Hybrid Golf Glove,4
2015-10-20,Hirzl Women's Soffft Flex Golf Glove,2
2015-10-20,Nike Men's CJ Elite 2 TD Football Cleat,11
2015-10-20,Nike Men's Deutschland Weltmeister Winners Bl,3
2015-10-20,Nike Men's Dri-FIT Victory Golf Polo,49
2015-10-20,Nike Men's Free 5.0+ Running Shoe,18
2015-10-20,O'Brien Men's Neoprene Life Vest,38
2015-10-20,Pelican Sunstream 100 Kayak,8
2015-10-20,Perfect Fitness Perfect Rip Deck,28
2015-10-20,Under Armour Girls' Toddler Spine Surge Runni,15
2015-10-20,Under Armour Kids' Mercenary Slide,5
2015-10-20,adidas Youth Germany Black/Red Away Match Soc,5
2015-10-21,Diamondback Women's Serene Classic Comfort Bi,4
2015-10-21,Field & Stream Sportsman 16 Gun Fire Safe,5
2015-10-21,Hirzl Women's Soffft Flex Golf Glove,3
2015-10-21,Nike Men's CJ Elite 2 TD Football Cleat,10
2015-10-21,Nike Men's Comfort 2 Slide,2
2015-10-21,Nike Men's Dri-FIT Victory Golf Polo,53
2015-10-21,Nike Men's Free 5.0+ Running Shoe,26
2015-10-21,O'Brien Men's Neoprene Life Vest,28
2015-10-21,Pelican Sunstream 100 Kayak,7
2015-10-21,Perfect Fitness Perfect Rip Deck,21
2015-10-21,Under Armour Girls' Toddler Spine Surge Runni,19
2015-10-21,Under Armour Hustle Storm Medium Duffle Bag,2
2015-10-22,Diamondback Women's Serene Classic Comfort Bi,6
2015-10-22,ENO Atlas Hammock Straps,1
2015-10-22,Field & Stream Sportsman 16 Gun Fire Safe,6
2015-10-22,Hirzl Men's Hybrid Golf Glove,4
2015-10-22,Nike Men's CJ Elite 2 TD Football Cleat,9
2015-10-22,Nike Men's Dri-FIT Victory Golf Polo,38
2015-10-22,Nike Men's Free 5.0+ Running Shoe,2
2015-10-22,O'Brien Men's Neoprene Life Vest,28
2015-10-22,Pelican Sunstream 100 Kayak,5
2015-10-22,Perfect Fitness Perfect Rip Deck,39
2015-10-22,TYR Boys' Team Digi Jammer,3
2015-10-22,Team Golf New England Patriots Putter Grip,3
2015-10-22,Team Golf St. Louis Cardinals Putter Grip,3
2015-10-22,Under Armour Girls' Toddler Spine Surge Runni,7
2015-10-22,Under Armour Women's Micro G Skulpt Running S,2
2015-10-23,Bridgestone e6 Straight Distance NFL Carolina,3
2015-10-23,Columbia Men's PFG Anchor Tough T-Shirt,3
2015-10-23,Diamondback Women's Serene Classic Comfort Bi,6
2015-10-23,Field & Stream Sportsman 16 Gun Fire Safe,10
2015-10-23,LIJA Women's Eyelet Sleeveless Golf Polo,4
2015-10-23,Nike Dri-FIT Crew Sock 6 Pack,4
2015-10-23,Nike Men's CJ Elite 2 TD Football Cleat,10
2015-10-23,Nike Men's Dri-FIT Victory Golf Polo,19
2015-10-23,Nike Men's Free 5.0+ Running Shoe,24
2015-10-23,O'Brien Men's Neoprene Life Vest,29
2015-10-23,Pelican Sunstream 100 Kayak,8
2015-10-23,Perfect Fitness Perfect Rip Deck,34
2015-10-23,Under Armour Girls' Toddler Spine Surge Runni,1
2015-10-24,Bridgestone e6 Straight Distance NFL Tennesse,5
2015-10-24,Diamondback Women's Serene Classic Comfort Bi,8
2015-10-24,Field & Stream Sportsman 16 Gun Fire Safe,8
2015-10-24,Hirzl Women's Hybrid Golf Glove,2
2015-10-24,Nike Dri-FIT Crew Sock 6 Pack,1
2015-10-24,Nike Men's CJ Elite 2 TD Football Cleat,4
2015-10-24,Nike Men's Dri-FIT Victory Golf Polo,19
2015-10-24,Nike Men's Free 5.0+ Running Shoe,30
2015-10-24,O'Brien Men's Neoprene Life Vest,36
2015-10-24,Pelican Sunstream 100 Kayak,10
2015-10-24,Perfect Fitness Perfect Rip Deck,36
2015-10-24,Titleist Pro V1 High Numbers Personalized Gol,5
2015-10-24,Under Armour Girls' Toddler Spine Surge Runni,8
2015-10-24,Under Armour Men's Tech II T-Shirt,2
2015-10-24,Under Armour Women's Ignite PIP VI Slide,5
2015-10-25,Bridgestone e6 Straight Distance NFL San Dieg,5
2015-10-25,Diamondback Women's Serene Classic Comfort Bi,10
2015-10-25,Field & Stream Sportsman 16 Gun Fire Safe,3
2015-10-25,Glove It Women's Imperial Golf Glove,5
2015-10-25,Glove It Women's Mod Oval 3-Zip Carry All Gol,4
2015-10-25,Hirzl Men's Hybrid Golf Glove,5
2015-10-25,Hirzl Women's Hybrid Golf Glove,3
2015-10-25,Nike Men's CJ Elite 2 TD Football Cleat,9
2015-10-25,Nike Men's Dri-FIT Victory Golf Polo,29
2015-10-25,Nike Men's Free 5.0+ Running Shoe,24
2015-10-25,Nike Women's Legend V-Neck T-Shirt,2
2015-10-25,O'Brien Men's Neoprene Life Vest,37
2015-10-25,Pelican Sunstream 100 Kayak,7
2015-10-25,Perfect Fitness Perfect Rip Deck,19
2015-10-25,Team Golf New England Patriots Putter Grip,7
2015-10-25,Under Armour Girls' Toddler Spine Surge Runni,8
2015-10-26,Diamondback Women's Serene Classic Comfort Bi,4
2015-10-26,Field & Stream Sportsman 16 Gun Fire Safe,5
2015-10-26,Nike Men's CJ Elite 2 TD Football Cleat,4
2015-10-26,Nike Men's Comfort 2 Slide,3
2015-10-26,Nike Men's Dri-FIT Victory Golf Polo,12
2015-10-26,Nike Men's Free 5.0+ Running Shoe,12
2015-10-26,O'Brien Men's Neoprene Life Vest,14
2015-10-26,Pelican Sunstream 100 Kayak,5
2015-10-26,Perfect Fitness Perfect Rip Deck,25
2015-10-26,Under Armour Girls' Toddler Spine Surge Runni,17
2015-10-26,Under Armour Men's Compression EV SL Slide,4
2015-10-27,Diamondback Women's Serene Classic Comfort Bi,8
2015-10-27,Field & Stream Sportsman 16 Gun Fire Safe,8
2015-10-27,Glove It Imperial Golf Towel,5
2015-10-27,Hirzl Women's Soffft Flex Golf Glove,4
2015-10-27,Nike Men's CJ Elite 2 TD Football Cleat,18
2015-10-27,Nike Men's Dri-FIT Victory Golf Polo,47
2015-10-27,Nike Men's Free 5.0+ Running Shoe,32
2015-10-27,Nike Women's Legend V-Neck T-Shirt,4
2015-10-27,O'Brien Men's Neoprene Life Vest,29
2015-10-27,Pelican Sunstream 100 Kayak,3
2015-10-27,Perfect Fitness Perfect Rip Deck,32
2015-10-27,Team Golf San Francisco Giants Putter Grip,5
2015-10-27,Team Golf St. Louis Cardinals Putter Grip,5
2015-10-27,Team Golf Texas Longhorns Putter Grip,5
2015-10-27,Titleist Pro V1x Golf Balls,3
2015-10-27,Under Armour Girls' Toddler Spine Surge Runni,11
2015-10-27,Under Armour Hustle Storm Medium Duffle Bag,5
2015-10-27,adidas Kids' F5 Messi FG Soccer Cleat,1
2015-10-28,Bridgestone e6 Straight Distance NFL Carolina,2
2015-10-28,Clicgear Rovic Cooler Bag,9
2015-10-28,Diamondback Women's Serene Classic Comfort Bi,3
2015-10-28,Field & Stream Sportsman 16 Gun Fire Safe,10
2015-10-28,Glove It Imperial Golf Towel,5
2015-10-28,Nike Men's CJ Elite 2 TD Football Cleat,7
2015-10-28,Nike Men's Dri-FIT Victory Golf Polo,15
2015-10-28,Nike Men's Free 5.0+ Running Shoe,10
2015-10-28,O'Brien Men's Neoprene Life Vest,30
2015-10-28,Pelican Sunstream 100 Kayak,9
2015-10-28,Perfect Fitness Perfect Rip Deck,26
2015-10-28,Titleist Pro V1 High Numbers Personalized Gol,6
2015-10-28,Under Armour Girls' Toddler Spine Surge Runni,17
2015-10-28,Under Armour Women's Ignite PIP VI Slide,5
2015-10-28,adidas Men's F10 Messi TRX FG Soccer Cleat,1
2015-10-29,Columbia Men's PFG Anchor Tough T-Shirt,4
2015-10-29,Diamondback Women's Serene Classic Comfort Bi,6
2015-10-29,Field & Stream Sportsman 16 Gun Fire Safe,7
2015-10-29,Hirzl Women's Hybrid Golf Glove,3
2015-10-29,Nike Men's CJ Elite 2 TD Football Cleat,11
2015-10-29,Nike Men's Dri-FIT Victory Golf Polo,14
2015-10-29,Nike Men's Free 5.0+ Running Shoe,8
2015-10-29,Nike Women's Tempo Shorts,2
2015-10-29,O'Brien Men's Neoprene Life Vest,15
2015-10-29,Pelican Sunstream 100 Kayak,2
2015-10-29,Perfect Fitness Perfect Rip Deck,34
2015-10-29,TYR Boys' Team Digi Jammer,2
2015-10-29,Team Golf New England Patriots Putter Grip,1
2015-10-29,Under Armour Girls' Toddler Spine Surge Runni,12
2015-10-29,adidas Kids' F5 Messi FG Soccer Cleat,2
2015-10-30,Diamondback Women's Serene Classic Comfort Bi,4
2015-10-30,Field & Stream Sportsman 16 Gun Fire Safe,9
2015-10-30,Glove It Women's Mod Oval Golf Glove,4
2015-10-30,Hirzl Men's Hybrid Golf Glove,1
2015-10-30,Hirzl Women's Hybrid Golf Glove,3
2015-10-30,Hirzl Women's Soffft Flex Golf Glove,5
2015-10-30,Nike Men's CJ Elite 2 TD Football Cleat,8
2015-10-30,Nike Men's Dri-FIT Victory Golf Polo,39
2015-10-30,Nike Men's Free 5.0+ Running Shoe,44
2015-10-30,Nike Women's Legend V-Neck T-Shirt,3
2015-10-30,O'Brien Men's Neoprene Life Vest,31
2015-10-30,Pelican Sunstream 100 Kayak,10
2015-10-30,Perfect Fitness Perfect Rip Deck,24
2015-10-30,TYR Boys' Team Digi Jammer,5
2015-10-30,Under Armour Girls' Toddler Spine Surge Runni,13
2015-10-30,Under Armour Women's Ignite Slide,5
2015-10-31,Bridgestone e6 Straight Distance NFL San Dieg,1
2015-10-31,Columbia Men's PFG Anchor Tough T-Shirt,2
2015-10-31,Diamondback Women's Serene Classic Comfort Bi,2
2015-10-31,Field & Stream Sportsman 16 Gun Fire Safe,12
2015-10-31,Hirzl Women's Hybrid Golf Glove,3
2015-10-31,Nike Men's CJ Elite 2 TD Football Cleat,8
2015-10-31,Nike Men's Dri-FIT Victory Golf Polo,6
2015-10-31,Nike Men's Free 5.0+ Running Shoe,32
2015-10-31,O'Brien Men's Neoprene Life Vest,14
2015-10-31,Pelican Sunstream 100 Kayak,10
2015-10-31,Perfect Fitness Perfect Rip Deck,21
2015-10-31,TYR Boys' Team Digi Jammer,4
2015-10-31,Titleist Pro V1 High Numbers Personalized Gol,5
2015-10-31,Titleist Pro V1x High Numbers Personalized Go,5
2015-10-31,Under Armour Girls' Toddler Spine Surge Runni,17
2015-11-01,Diamondback Women's Serene Classic Comfort Bi,10
2015-11-01,Field & Stream Sportsman 16 Gun Fire Safe,6
2015-11-01,Hirzl Men's Hybrid Golf Glove,4
2015-11-01,Hirzl Women's Hybrid Golf Glove,2
2015-11-01,Nike Dri-FIT Crew Sock 6 Pack,4
2015-11-01,Nike Men's CJ Elite 2 TD Football Cleat,10
2015-11-01,Nike Men's Dri-FIT Victory Golf Polo,18
2015-11-01,Nike Men's Free 5.0+ Running Shoe,23
2015-11-01,O'Brien Men's Neoprene Life Vest,52
2015-11-01,Pelican Sunstream 100 Kayak,6
2015-11-01,Perfect Fitness Perfect Rip Deck,42
2015-11-01,Top Flite Women's 2014 XL Hybrid,3
2015-11-01,Under Armour Girls' Toddler Spine Surge Runni,10
2015-11-01,Under Armour Kids' Mercenary Slide,4
2015-11-01,Under Armour Men's Compression EV SL Slide,1
2015-11-02,Diamondback Women's Serene Classic Comfort Bi,9
2015-11-02,Field & Stream Sportsman 16 Gun Fire Safe,11
2015-11-02,Hirzl Men's Hybrid Golf Glove,2
2015-11-02,Nike Men's CJ Elite 2 TD Football Cleat,10
2015-11-02,Nike Men's Dri-FIT Victory Golf Polo,43
2015-11-02,Nike Men's Free 5.0+ Running Shoe,14
2015-11-02,O'Brien Men's Neoprene Life Vest,21
2015-11-02,Pelican Sunstream 100 Kayak,4
2015-11-02,Perfect Fitness Perfect Rip Deck,29
2015-11-02,Team Golf New England Patriots Putter Grip,5
2015-11-02,Team Golf Tennessee Volunteers Putter Grip,2
2015-11-02,Titleist Pro V1x High Numbers Golf Balls,3
2015-11-02,Under Armour Girls' Toddler Spine Surge Runni,20
2015-11-02,Under Armour Hustle Storm Medium Duffle Bag,2
2015-11-02,Under Armour Women's Micro G Skulpt Running S,1
2015-11-02,adidas Men's F10 Messi TRX FG Soccer Cleat,2
2015-11-03,Bridgestone e6 Straight Distance NFL San Dieg,2
2015-11-03,Diamondback Women's Serene Classic Comfort Bi,7
2015-11-03,ENO Atlas Hammock Straps,5
2015-11-03,Field & Stream Sportsman 16 Gun Fire Safe,12
2015-11-03,Nike Dri-FIT Crew Sock 6 Pack,3
2015-11-03,Nike Men's CJ Elite 2 TD Football Cleat,8
2015-11-03,Nike Men's Deutschland Weltmeister Winners Bl,2
2015-11-03,Nike Men's Dri-FIT Victory Golf Polo,23
2015-11-03,Nike Men's Free 5.0+ Running Shoe,12
2015-11-03,Nike Women's Legend V-Neck T-Shirt,5
2015-11-03,O'Brien Men's Neoprene Life Vest,20
2015-11-03,Pelican Sunstream 100 Kayak,2
2015-11-03,Perfect Fitness Perfect Rip Deck,26
2015-11-03,Team Golf New England Patriots Putter Grip,2
2015-11-03,Titleist Pro V1x High Numbers Golf Balls,2
2015-11-03,Titleist Pro V1x High Numbers Personalized Go,2
2015-11-03,Under Armour Girls' Toddler Spine Surge Runni,3
2015-11-03,Under Armour Men's Tech II T-Shirt,4
2015-11-03,Under Armour Women's Ignite PIP VI Slide,1
2015-11-03,Under Armour Women's Ignite Slide,4
2015-11-03,adidas Men's Germany Black Crest Away Tee,2
2015-11-04,Diamondback Women's Serene Classic Comfort Bi,3
2015-11-04,Field & Stream Sportsman 16 Gun Fire Safe,8
2015-11-04,Glove It Urban Brick Golf Towel,1
2015-11-04,Nike Men's CJ Elite 2 TD Football Cleat,9
2015-11-04,Nike Men's Dri-FIT Victory Golf Polo,27
2015-11-04,Nike Men's Free 5.0+ Running Shoe,16
2015-11-04,O'Brien Men's Neoprene Life Vest,48
2015-11-04,Pelican Sunstream 100 Kayak,2
2015-11-04,Perfect Fitness Perfect Rip Deck,28
2015-11-04,Under Armour Girls' Toddler Spine Surge Runni,9
2015-11-04,Under Armour Women's Ignite PIP VI Slide,1
2015-11-04,adidas Youth Germany Black/Red Away Match Soc,1
2015-11-05,Bag Boy Beverage Holder,4
2015-11-05,Bridgestone e6 Straight Distance NFL Tennesse,2
2015-11-05,Diamondback Women's Serene Classic Comfort Bi,7
2015-11-05,ENO Atlas Hammock Straps,5
2015-11-05,Field & Stream Sportsman 16 Gun Fire Safe,4
2015-11-05,Hirzl Men's Hybrid Golf Glove,2
2015-11-05,LIJA Women's Eyelet Sleeveless Golf Polo,4
2015-11-05,Nike Dri-FIT Crew Sock 6 Pack,1
2015-11-05,Nike Men's CJ Elite 2 TD Football Cleat,7
2015-11-05,Nike Men's Dri-FIT Victory Golf Polo,40
2015-11-05,Nike Men's Free 5.0+ Running Shoe,9
2015-11-05,O'Brien Men's Neoprene Life Vest,21
2015-11-05,Pelican Sunstream 100 Kayak,7
2015-11-05,Perfect Fitness Perfect Rip Deck,22
2015-11-05,Team Golf Pittsburgh Steelers Putter Grip,4
2015-11-05,Team Golf Tennessee Volunteers Putter Grip,3
2015-11-05,Under Armour Girls' Toddler Spine Surge Runni,10
2015-11-05,Under Armour Hustle Storm Medium Duffle Bag,4
2015-11-06,Bag Boy Beverage Holder,3
2015-11-06,Diamondback Women's Serene Classic Comfort Bi,13
2015-11-06,Field & Stream Sportsman 16 Gun Fire Safe,6
2015-11-06,Nike Men's CJ Elite 2 TD Football Cleat,7
2015-11-06,Nike Men's Dri-FIT Victory Golf Polo,27
2015-11-06,Nike Men's Free 5.0+ Running Shoe,12
2015-11-06,O'Brien Men's Neoprene Life Vest,30
2015-11-06,Pelican Sunstream 100 Kayak,8
2015-11-06,Perfect Fitness Perfect Rip Deck,26
2015-11-06,TYR Boys' Team Digi Jammer,4
2015-11-06,Team Golf New England Patriots Putter Grip,4
2015-11-06,Under Armour Girls' Toddler Spine Surge Runni,18
2015-11-06,Under Armour Hustle Storm Medium Duffle Bag,1
2015-11-07,Diamondback Women's Serene Classic Comfort Bi,8
2015-11-07,Field & Stream Sportsman 16 Gun Fire Safe,10
2015-11-07,Nike Men's CJ Elite 2 TD Football Cleat,12
2015-11-07,Nike Men's Dri-FIT Victory Golf Polo,24
2015-11-07,Nike Men's Free 5.0+ Running Shoe,26
2015-11-07,O'Brien Men's Neoprene Life Vest,14
2015-11-07,Pelican Sunstream 100 Kayak,9
2015-11-07,Perfect Fitness Perfect Rip Deck,25
2015-11-07,Team Golf New England Patriots Putter Grip,5
2015-11-07,Team Golf Texas Longhorns Putter Grip,4
2015-11-07,Titleist Pro V1x Golf Balls,4
2015-11-07,Titleist Pro V1x High Numbers Golf Balls,3
2015-11-07,Titleist Pro V1x High Numbers Personalized Go,9
2015-11-07,Under Armour Girls' Toddler Spine Surge Runni,5
2015-11-07,Under Armour Women's Ignite PIP VI Slide,5
2015-11-07,adidas Men's F10 Messi TRX FG Soccer Cleat,1
2015-11-08,Bag Boy Beverage Holder,4
2015-11-08,Bridgestone e6 Straight Distance NFL San Dieg,4
2015-11-08,Bridgestone e6 Straight Distance NFL Tennesse,2
2015-11-08,Clicgear Rovic Cooler Bag,2
2015-11-08,Diamondback Women's Serene Classic Comfort Bi,5
2015-11-08,Field & Stream Sportsman 16 Gun Fire Safe,11
2015-11-08,Hirzl Women's Soffft Flex Golf Glove,7
2015-11-08,LIJA Women's Eyelet Sleeveless Golf Polo,5
2015-11-08,Nike Men's CJ Elite 2 TD Football Cleat,14
2015-11-08,Nike Men's Comfort 2 Slide,4
2015-11-08,Nike Men's Dri-FIT Victory Golf Polo,15
2015-11-08,Nike Men's Free 5.0+ Running Shoe,13
2015-11-08,Nike Women's Tempo Shorts,1
2015-11-08,O'Brien Men's Neoprene Life Vest,12
2015-11-08,Pelican Sunstream 100 Kayak,1
2015-11-08,Perfect Fitness Perfect Rip Deck,50
2015-11-08,Team Golf Tennessee Volunteers Putter Grip,4
2015-11-08,Under Armour Girls' Toddler Spine Surge Runni,14
2015-11-08,Under Armour Women's Ignite PIP VI Slide,2
2015-11-08,Under Armour Women's Ignite Slide,1
2015-11-09,Clicgear Rovic Cooler Bag,5
2015-11-09,Columbia Men's PFG Anchor Tough T-Shirt,3
2015-11-09,Diamondback Women's Serene Classic Comfort Bi,9
2015-11-09,Field & Stream Sportsman 16 Gun Fire Safe,8
2015-11-09,Nike Men's CJ Elite 2 TD Football Cleat,17
2015-11-09,Nike Men's Dri-FIT Victory Golf Polo,31
2015-11-09,Nike Men's Free 5.0+ Running Shoe,22
2015-11-09,Nike Women's Legend V-Neck T-Shirt,3
2015-11-09,O'Brien Men's Neoprene Life Vest,28
2015-11-09,Pelican Sunstream 100 Kayak,7
2015-11-09,Perfect Fitness Perfect Rip Deck,43
2015-11-09,TYR Boys' Team Digi Jammer,4
2015-11-09,Under Armour Girls' Toddler Spine Surge Runni,3
2015-11-09,Under Armour Hustle Storm Medium Duffle Bag,3
2015-11-10,Diamondback Women's Serene Classic Comfort Bi,5
2015-11-10,Field & Stream Sportsman 16 Gun Fire Safe,1
2015-11-10,Nike Men's CJ Elite 2 TD Football Cleat,7
2015-11-10,Nike Men's Dri-FIT Victory Golf Polo,13
2015-11-10,Nike Men's Free 5.0+ Running Shoe,11
2015-11-10,O'Brien Men's Neoprene Life Vest,39
2015-11-10,Pelican Sunstream 100 Kayak,1
2015-11-10,Perfect Fitness Perfect Rip Deck,24
2015-11-10,Titleist Pro V1x High Numbers Golf Balls,5
2015-11-10,Under Armour Girls' Toddler Spine Surge Runni,25
2015-11-10,Under Armour Hustle Storm Medium Duffle Bag,1
2015-11-10,Under Armour Women's Ignite Slide,7
2015-11-11,Bag Boy Beverage Holder,1
2015-11-11,Columbia Men's PFG Anchor Tough T-Shirt,5
2015-11-11,Diamondback Women's Serene Classic Comfort Bi,4
2015-11-11,ENO Atlas Hammock Straps,5
2015-11-11,Field & Stream Sportsman 16 Gun Fire Safe,4
2015-11-11,Nike Men's CJ Elite 2 TD Football Cleat,10
2015-11-11,Nike Men's Comfort 2 Slide,4
2015-11-11,Nike Men's Deutschland Weltmeister Winners Bl,4
2015-11-11,Nike Men's Dri-FIT Victory Golf Polo,33
2015-11-11,Nike Men's Free 5.0+ Running Shoe,13
2015-11-11,O'Brien Men's Neoprene Life Vest,23
2015-11-11,Pelican Sunstream 100 Kayak,5
2015-11-11,Perfect Fitness Perfect Rip Deck,35
2015-11-11,Team Golf San Francisco Giants Putter Grip,1
2015-11-11,Titleist Pro V1x High Numbers Personalized Go,1
2015-11-11,Under Armour Girls' Toddler Spine Surge Runni,12
2015-11-11,Under Armour Women's Ignite Slide,5
2015-11-12,Bridgestone e6 Straight Distance NFL Carolina,2
2015-11-12,Field & Stream Sportsman 16 Gun Fire Safe,5
2015-11-12,Glove It Women's Mod Oval Golf Glove,5
2015-11-12,Hirzl Women's Soffft Flex Golf Glove,4
2015-11-12,Nike Men's CJ Elite 2 TD Football Cleat,7
2015-11-12,Nike Men's Dri-FIT Victory Golf Polo,31
2015-11-12,Nike Men's Free 5.0+ Running Shoe,11
2015-11-12,O'Brien Men's Neoprene Life Vest,27
2015-11-12,Pelican Sunstream 100 Kayak,4
2015-11-12,Perfect Fitness Perfect Rip Deck,28
2015-11-12,Team Golf San Francisco Giants Putter Grip,9
2015-11-12,Titleist Pro V1 High Numbers Personalized Gol,3
2015-11-12,Under Armour Girls' Toddler Spine Surge Runni,13
2015-11-12,Under Armour Women's Ignite Slide,1
2015-11-12,Under Armour Women's Micro G Skulpt Running S,3
2015-11-13,Diamondback Women's Serene Classic Comfort Bi,6
2015-11-13,Field & Stream Sportsman 16 Gun Fire Safe,10
2015-11-13,Glove It Women's Mod Oval 3-Zip Carry All Gol,3
2015-11-13,Nike Men's CJ Elite 2 TD Football Cleat,10
2015-11-13,Nike Men's Comfort 2 Slide,4
2015-11-13,Nike Men's Deutschland Weltmeister Winners Bl,4
2015-11-13,Nike Men's Dri-FIT Victory Golf Polo,32
2015-11-13,Nike Men's Free 5.0+ Running Shoe,17
2015-11-13,Nike Women's Legend V-Neck T-Shirt,4
2015-11-13,O'Brien Men's Neoprene Life Vest,25
2015-11-13,Pelican Sunstream 100 Kayak,3
2015-11-13,Perfect Fitness Perfect Rip Deck,38
2015-11-13,Titleist Pro V1x High Numbers Golf Balls,3
2015-11-13,Titleist Pro V1x High Numbers Personalized Go,6
2015-11-13,Top Flite Women's 2014 XL Hybrid,1
2015-11-13,Under Armour Girls' Toddler Spine Surge Runni,10
2015-11-13,Under Armour Hustle Storm Medium Duffle Bag,3
2015-11-13,adidas Youth Germany Black/Red Away Match Soc,5
2015-11-14,Bag Boy Beverage Holder,4
2015-11-14,Bridgestone e6 Straight Distance NFL Carolina,4
2015-11-14,Clicgear 8.0 Shoe Brush,5
2015-11-14,Columbia Men's PFG Anchor Tough T-Shirt,3
2015-11-14,Diamondback Women's Serene Classic Comfort Bi,5
2015-11-14,Field & Stream Sportsman 16 Gun Fire Safe,5
2015-11-14,Nike Men's CJ Elite 2 TD Football Cleat,12
2015-11-14,Nike Men's Dri-FIT Victory Golf Polo,16
2015-11-14,Nike Men's Free 5.0+ Running Shoe,5
2015-11-14,O'Brien Men's Neoprene Life Vest,26
2015-11-14,Pelican Sunstream 100 Kayak,11
2015-11-14,Perfect Fitness Perfect Rip Deck,25
2015-11-14,Titleist Pro V1x High Numbers Golf Balls,4
2015-11-14,Under Armour Girls' Toddler Spine Surge Runni,24
2015-11-15,Clicgear Rovic Cooler Bag,5
2015-11-15,Diamondback Women's Serene Classic Comfort Bi,4
2015-11-15,ENO Atlas Hammock Straps,3
2015-11-15,Field & Stream Sportsman 16 Gun Fire Safe,11
2015-11-15,Glove It Women's Mod Oval 3-Zip Carry All Gol,1
2015-11-15,Nike Men's CJ Elite 2 TD Football Cleat,6
2015-11-15,Nike Men's Deutschland Weltmeister Winners Bl,6
2015-11-15,Nike Men's Dri-FIT Victory Golf Polo,29
2015-11-15,Nike Men's Free 5.0+ Running Shoe,14
2015-11-15,O'Brien Men's Neoprene Life Vest,13
2015-11-15,Pelican Sunstream 100 Kayak,4
2015-11-15,Perfect Fitness Perfect Rip Deck,23
2015-11-15,Under Armour Girls' Toddler Spine Surge Runni,21
2015-11-16,Columbia Men's PFG Anchor Tough T-Shirt,3
2015-11-16,Diamondback Women's Serene Classic Comfort Bi,6
2015-11-16,ENO Atlas Hammock Straps,5
2015-11-16,Field & Stream Sportsman 16 Gun Fire Safe,8
2015-11-16,Nike Men's CJ Elite 2 TD Football Cleat,14
2015-11-16,Nike Men's Deutschland Weltmeister Winners Bl,4
2015-11-16,Nike Men's Dri-FIT Victory Golf Polo,23
2015-11-16,Nike Men's Free 5.0+ Running Shoe,30
2015-11-16,O'Brien Men's Neoprene Life Vest,26
2015-11-16,Pelican Sunstream 100 Kayak,8
2015-11-16,Perfect Fitness Perfect Rip Deck,45
2015-11-16,Team Golf New England Patriots Putter Grip,5
2015-11-16,Team Golf Texas Longhorns Putter Grip,3
2015-11-16,Titleist Pro V1 High Numbers Personalized Gol,5
2015-11-16,Titleist Pro V1x Golf Balls,5
2015-11-16,Titleist Pro V1x High Numbers Personalized Go,3
2015-11-16,Top Flite Women's 2014 XL Hybrid,4
2015-11-16,Under Armour Girls' Toddler Spine Surge Runni,30
2015-11-16,Under Armour Women's Ignite Slide,1
2015-11-17,Clicgear 8.0 Shoe Brush,3
2015-11-17,Diamondback Women's Serene Classic Comfort Bi,8
2015-11-17,Field & Stream Sportsman 16 Gun Fire Safe,11
2015-11-17,Glove It Women's Mod Oval 3-Zip Carry All Gol,5
2015-11-17,Hirzl Women's Hybrid Golf Glove,5
2015-11-17,Hirzl Women's Soffft Flex Golf Glove,2
2015-11-17,Nike Men's CJ Elite 2 TD Football Cleat,14
2015-11-17,Nike Men's Dri-FIT Victory Golf Polo,33
2015-11-17,Nike Men's Free 5.0+ Running Shoe,17
2015-11-17,Nike Women's Legend V-Neck T-Shirt,1
2015-11-17,O'Brien Men's Neoprene Life Vest,49
2015-11-17,Pelican Sunstream 100 Kayak,6
2015-11-17,Perfect Fitness Perfect Rip Deck,53
2015-11-17,Team Golf Tennessee Volunteers Putter Grip,5
2015-11-17,Under Armour Girls' Toddler Spine Surge Runni,32
2015-11-17,Under Armour Men's Compression EV SL Slide,4
2015-11-17,adidas Kids' F5 Messi FG Soccer Cleat,3
2015-11-18,Bridgestone e6 Straight Distance NFL Tennesse,1
2015-11-18,Clicgear 8.0 Shoe Brush,1
2015-11-18,Diamondback Women's Serene Classic Comfort Bi,5
2015-11-18,Field & Stream Sportsman 16 Gun Fire Safe,3
2015-11-18,Nike Men's CJ Elite 2 TD Football Cleat,10
2015-11-18,Nike Men's Deutschland Weltmeister Winners Bl,4
2015-11-18,Nike Men's Dri-FIT Victory Golf Polo,28
2015-11-18,Nike Men's Free 5.0+ Running Shoe,21
2015-11-18,O'Brien Men's Neoprene Life Vest,17
2015-11-18,Pelican Sunstream 100 Kayak,7
2015-11-18,Perfect Fitness Perfect Rip Deck,22
2015-11-18,Under Armour Girls' Toddler Spine Surge Runni,10
2015-11-18,adidas Kids' F5 Messi FG Soccer Cleat,3
2015-11-19,Bridgestone e6 Straight Distance NFL Tennesse,4
2015-11-19,Diamondback Women's Serene Classic Comfort Bi,8
2015-11-19,Field & Stream Sportsman 16 Gun Fire Safe,10
2015-11-19,Glove It Imperial Golf Towel,4
2015-11-19,LIJA Women's Eyelet Sleeveless Golf Polo,4
2015-11-19,Nike Men's CJ Elite 2 TD Football Cleat,16
2015-11-19,Nike Men's Comfort 2 Slide,5
2015-11-19,Nike Men's Deutschland Weltmeister Winners Bl,1
2015-11-19,Nike Men's Dri-FIT Victory Golf Polo,52
2015-11-19,Nike Men's Free 5.0+ Running Shoe,24
2015-11-19,O'Brien Men's Neoprene Life Vest,30
2015-11-19,Pelican Sunstream 100 Kayak,14
2015-11-19,Perfect Fitness Perfect Rip Deck,51
2015-11-19,TYR Boys' Team Digi Jammer,1
2015-11-19,Team Golf St. Louis Cardinals Putter Grip,4
2015-11-19,Team Golf Texas Longhorns Putter Grip,3
2015-11-19,Titleist Pro V1 High Numbers Personalized Gol,1
2015-11-19,Top Flite Women's 2014 XL Hybrid,2
2015-11-19,Under Armour Girls' Toddler Spine Surge Runni,9
2015-11-19,Under Armour Women's Ignite Slide,2
2015-11-19,Under Armour Women's Micro G Skulpt Running S,1
2015-11-20,Clicgear Rovic Cooler Bag,5
2015-11-20,Diamondback Women's Serene Classic Comfort Bi,7
2015-11-20,Field & Stream Sportsman 16 Gun Fire Safe,8
2015-11-20,Glove It Urban Brick Golf Towel,4
2015-11-20,Hirzl Men's Hybrid Golf Glove,5
2015-11-20,Hirzl Women's Hybrid Golf Glove,1
2015-11-20,Nike Men's CJ Elite 2 TD Football Cleat,5
2015-11-20,Nike Men's Dri-FIT Victory Golf Polo,30
2015-11-20,Nike Men's Free 5.0+ Running Shoe,16
2015-11-20,Nike Women's Tempo Shorts,1
2015-11-20,O'Brien Men's Neoprene Life Vest,43
2015-11-20,Pelican Sunstream 100 Kayak,4
2015-11-20,Perfect Fitness Perfect Rip Deck,32
2015-11-20,Team Golf New England Patriots Putter Grip,1
2015-11-20,Team Golf Pittsburgh Steelers Putter Grip,1
2015-11-20,Team Golf St. Louis Cardinals Putter Grip,1
2015-11-20,Top Flite Women's 2014 XL Hybrid,3
2015-11-20,Under Armour Girls' Toddler Spine Surge Runni,18
2015-11-20,Under Armour Women's Micro G Skulpt Running S,3
2015-11-20,adidas Men's Germany Black Crest Away Tee,5
2015-11-21,Bridgestone e6 Straight Distance NFL Tennesse,3
2015-11-21,Columbia Men's PFG Anchor Tough T-Shirt,4
2015-11-21,Diamondback Women's Serene Classic Comfort Bi,11
2015-11-21,Field & Stream Sportsman 16 Gun Fire Safe,11
2015-11-21,Glove It Women's Imperial Golf Glove,3
2015-11-21,Glove It Women's Mod Oval 3-Zip Carry All Gol,1
2015-11-21,Hirzl Women's Soffft Flex Golf Glove,5
2015-11-21,LIJA Women's Eyelet Sleeveless Golf Polo,5
2015-11-21,Nike Dri-FIT Crew Sock 6 Pack,3
2015-11-21,Nike Men's CJ Elite 2 TD Football Cleat,9
2015-11-21,Nike Men's Dri-FIT Victory Golf Polo,14
2015-11-21,Nike Men's Free 5.0+ Running Shoe,32
2015-11-21,Nike Women's Legend V-Neck T-Shirt,1
2015-11-21,Nike Women's Tempo Shorts,2
2015-11-21,O'Brien Men's Neoprene Life Vest,30
2015-11-21,Pelican Sunstream 100 Kayak,11
2015-11-21,Perfect Fitness Perfect Rip Deck,34
2015-11-21,Team Golf Pittsburgh Steelers Putter Grip,1
2015-11-21,Top Flite Women's 2014 XL Hybrid,4
2015-11-21,Under Armour Girls' Toddler Spine Surge Runni,20
2015-11-21,Under Armour Women's Ignite Slide,7
2015-11-21,adidas Kids' F5 Messi FG Soccer Cleat,5
2015-11-22,Diamondback Women's Serene Classic Comfort Bi,10
2015-11-22,Field & Stream Sportsman 16 Gun Fire Safe,7
2015-11-22,Glove It Women's Mod Oval Golf Glove,1
2015-11-22,Hirzl Men's Hybrid Golf Glove,4
2015-11-22,Hirzl Women's Soffft Flex Golf Glove,1
2015-11-22,Nike Men's CJ Elite 2 TD Football Cleat,11
2015-11-22,Nike Men's Deutschland Weltmeister Winners Bl,4
2015-11-22,Nike Men's Dri-FIT Victory Golf Polo,28
2015-11-22,Nike Men's Free 5.0+ Running Shoe,14
2015-11-22,Nike Women's Legend V-Neck T-Shirt,2
2015-11-22,O'Brien Men's Neoprene Life Vest,38
2015-11-22,Pelican Sunstream 100 Kayak,6
2015-11-22,Perfect Fitness Perfect Rip Deck,34
2015-11-22,Team Golf San Francisco Giants Putter Grip,3
2015-11-22,Team Golf Tennessee Volunteers Putter Grip,5
2015-11-22,Titleist Pro V1x Golf Balls,5
2015-11-22,Titleist Pro V1x High Numbers Personalized Go,4
2015-11-22,Under Armour Girls' Toddler Spine Surge Runni,3
2015-11-22,adidas Youth Germany Black/Red Away Match Soc,4
2015-11-23,Bridgestone e6 Straight Distance NFL San Dieg,1
2015-11-23,Diamondback Women's Serene Classic Comfort Bi,9
2015-11-23,Field & Stream Sportsman 16 Gun Fire Safe,4
2015-11-23,Glove It Women's Mod Oval 3-Zip Carry All Gol,5
2015-11-23,Nike Men's CJ Elite 2 TD Football Cleat,9
2015-11-23,Nike Men's Dri-FIT Victory Golf Polo,22
2015-11-23,Nike Men's Free 5.0+ Running Shoe,20
2015-11-23,O'Brien Men's Neoprene Life Vest,23
2015-11-23,Pelican Sunstream 100 Kayak,13
2015-11-23,Perfect Fitness Perfect Rip Deck,29
2015-11-23,Team Golf New England Patriots Putter Grip,1
2015-11-23,Under Armour Girls' Toddler Spine Surge Runni,21
2015-11-23,Under Armour Women's Micro G Skulpt Running S,1
2015-11-24,Columbia Men's PFG Anchor Tough T-Shirt,3
2015-11-24,Diamondback Women's Serene Classic Comfort Bi,6
2015-11-24,Field & Stream Sportsman 16 Gun Fire Safe,6
2015-11-24,Nike Men's CJ Elite 2 TD Football Cleat,12
2015-11-24,Nike Men's Deutschland Weltmeister Winners Bl,2
2015-11-24,Nike Men's Dri-FIT Victory Golf Polo,23
2015-11-24,Nike Men's Free 5.0+ Running Shoe,20
2015-11-24,O'Brien Men's Neoprene Life Vest,23
2015-11-24,Pelican Sunstream 100 Kayak,6
2015-11-24,Perfect Fitness Perfect Rip Deck,29
2015-11-24,Team Golf St. Louis Cardinals Putter Grip,2
2015-11-24,Under Armour Girls' Toddler Spine Surge Runni,28
2015-11-24,Under Armour Women's Ignite Slide,2
2015-11-25,Diamondback Women's Serene Classic Comfort Bi,7
2015-11-25,Field & Stream Sportsman 16 Gun Fire Safe,7
2015-11-25,Glove It Imperial Golf Towel,4
2015-11-25,Glove It Urban Brick Golf Towel,3
2015-11-25,Glove It Women's Imperial Golf Glove,5
2015-11-25,Hirzl Men's Hybrid Golf Glove,1
2015-11-25,Nike Men's CJ Elite 2 TD Football Cleat,8
2015-11-25,Nike Men's Dri-FIT Victory Golf Polo,24
2015-11-25,Nike Men's Free 5.0+ Running Shoe,12
2015-11-25,O'Brien Men's Neoprene Life Vest,21
2015-11-25,Pelican Sunstream 100 Kayak,7
2015-11-25,Perfect Fitness Perfect Rip Deck,33
2015-11-25,Team Golf San Francisco Giants Putter Grip,2
2015-11-25,Titleist Pro V1x High Numbers Golf Balls,4
2015-11-25,Under Armour Girls' Toddler Spine Surge Runni,14
2015-11-25,Under Armour Hustle Storm Medium Duffle Bag,2
2015-11-25,Under Armour Men's Compression EV SL Slide,1
2015-11-25,Under Armour Women's Ignite PIP VI Slide,4
2015-11-25,adidas Youth Germany Black/Red Away Match Soc,2
2015-11-26,Bag Boy Beverage Holder,3
2015-11-26,Diamondback Women's Serene Classic Comfort Bi,12
2015-11-26,ENO Atlas Hammock Straps,1
2015-11-26,Field & Stream Sportsman 16 Gun Fire Safe,10
2015-11-26,Glove It Women's Mod Oval 3-Zip Carry All Gol,10
2015-11-26,Nike Men's CJ Elite 2 TD Football Cleat,5
2015-11-26,Nike Men's Dri-FIT Victory Golf Polo,3
2015-11-26,Nike Men's Free 5.0+ Running Shoe,21
2015-11-26,O'Brien Men's Neoprene Life Vest,40
2015-11-26,Pelican Sunstream 100 Kayak,7
2015-11-26,Perfect Fitness Perfect Rip Deck,21
2015-11-26,Team Golf New England Patriots Putter Grip,1
2015-11-26,Team Golf Pittsburgh Steelers Putter Grip,3
2015-11-26,Under Armour Girls' Toddler Spine Surge Runni,4
2015-11-26,Under Armour Women's Ignite PIP VI Slide,5
2015-11-27,Bag Boy Beverage Holder,5
2015-11-27,Clicgear 8.0 Shoe Brush,5
2015-11-27,Diamondback Women's Serene Classic Comfort Bi,8
2015-11-27,Field & Stream Sportsman 16 Gun Fire Safe,9
2015-11-27,Glove It Imperial Golf Towel,4
2015-11-27,Glove It Women's Mod Oval Golf Glove,1
2015-11-27,Hirzl Women's Soffft Flex Golf Glove,2
2015-11-27,Nike Men's CJ Elite 2 TD Football Cleat,9
2015-11-27,Nike Men's Dri-FIT Victory Golf Polo,15
2015-11-27,Nike Men's Free 5.0+ Running Shoe,16
2015-11-27,Nike Women's Legend V-Neck T-Shirt,3
2015-11-27,O'Brien Men's Neoprene Life Vest,26
2015-11-27,Pelican Sunstream 100 Kayak,6
2015-11-27,Perfect Fitness Perfect Rip Deck,30
2015-11-27,Titleist Pro V1 High Numbers Personalized Gol,2
2015-11-27,Under Armour Girls' Toddler Spine Surge Runni,21
2015-11-27,Under Armour Hustle Storm Medium Duffle Bag,2
2015-11-28,Diamondback Women's Serene Classic Comfort Bi,6
2015-11-28,ENO Atlas Hammock Straps,1
2015-11-28,Field & Stream Sportsman 16 Gun Fire Safe,9
2015-11-28,Glove It Women's Imperial Golf Glove,7
2015-11-28,Glove It Women's Mod Oval Golf Glove,3
2015-11-28,Nike Men's CJ Elite 2 TD Football Cleat,12
2015-11-28,Nike Men's Comfort 2 Slide,4
2015-11-28,Nike Men's Dri-FIT Victory Golf Polo,24
2015-11-28,Nike Men's Free 5.0+ Running Shoe,23
2015-11-28,O'Brien Men's Neoprene Life Vest,33
2015-11-28,Pelican Sunstream 100 Kayak,7
2015-11-28,Perfect Fitness Perfect Rip Deck,37
2015-11-28,Team Golf Pittsburgh Steelers Putter Grip,2
2015-11-28,Team Golf San Francisco Giants Putter Grip,2
2015-11-28,Under Armour Girls' Toddler Spine Surge Runni,17
2015-11-28,Under Armour Men's Tech II T-Shirt,2
2015-11-28,adidas Youth Germany Black/Red Away Match Soc,7
2015-11-29,Clicgear Rovic Cooler Bag,2
2015-11-29,Diamondback Women's Serene Classic Comfort Bi,6
2015-11-29,Field & Stream Sportsman 16 Gun Fire Safe,8
2015-11-29,Nike Men's CJ Elite 2 TD Football Cleat,9
2015-11-29,Nike Men's Dri-FIT Victory Golf Polo,15
2015-11-29,Nike Men's Free 5.0+ Running Shoe,3
2015-11-29,Nike Women's Tempo Shorts,2
2015-11-29,O'Brien Men's Neoprene Life Vest,9
2015-11-29,Pelican Sunstream 100 Kayak,9
2015-11-29,Perfect Fitness Perfect Rip Deck,41
2015-11-29,Team Golf New England Patriots Putter Grip,2
2015-11-29,Team Golf Pittsburgh Steelers Putter Grip,3
2015-11-29,Team Golf St. Louis Cardinals Putter Grip,4
2015-11-29,Titleist Pro V1x High Numbers Personalized Go,2
2015-11-29,Under Armour Girls' Toddler Spine Surge Runni,9
2015-11-29,Under Armour Kids' Mercenary Slide,2
2015-11-29,Under Armour Men's Tech II T-Shirt,1
2015-11-30,Clicgear Rovic Cooler Bag,4
2015-11-30,Diamondback Women's Serene Classic Comfort Bi,7
2015-11-30,ENO Atlas Hammock Straps,3
2015-11-30,Field & Stream Sportsman 16 Gun Fire Safe,15
2015-11-30,Glove It Imperial Golf Towel,5
2015-11-30,Glove It Women's Mod Oval Golf Glove,5
2015-11-30,Hirzl Women's Hybrid Golf Glove,2
2015-11-30,Hirzl Women's Soffft Flex Golf Glove,5
2015-11-30,Nike Men's CJ Elite 2 TD Football Cleat,7
2015-11-30,Nike Men's Dri-FIT Victory Golf Polo,43
2015-11-30,Nike Men's Free 5.0+ Running Shoe,12
2015-11-30,O'Brien Men's Neoprene Life Vest,18
2015-11-30,Pelican Sunstream 100 Kayak,3
2015-11-30,Perfect Fitness Perfect Rip Deck,34
2015-11-30,Team Golf Texas Longhorns Putter Grip,1
2015-11-30,Under Armour Girls' Toddler Spine Surge Runni,12
2015-11-30,Under Armour Hustle Storm Medium Duffle Bag,5
2015-11-30,Under Armour Men's Compression EV SL Slide,7
2015-11-30,Under Armour Men's Tech II T-Shirt,5
2015-11-30,Under Armour Women's Ignite Slide,8
2015-11-30,Under Armour Women's Micro G Skulpt Running S,2
2015-12-01,Bridgestone e6 Straight Distance NFL Tennesse,1
2015-12-01,Clicgear Rovic Cooler Bag,4
2015-12-01,Diamondback Women's Serene Classic Comfort Bi,9
2015-12-01,Field & Stream Sportsman 16 Gun Fire Safe,4
2015-12-01,Glove It Urban Brick Golf Towel,3
2015-12-01,Nike Men's CJ Elite 2 TD Football Cleat,13
2015-12-01,Nike Men's Deutschland Weltmeister Winners Bl,4
2015-12-01,Nike Men's Dri-FIT Victory Golf Polo,35
2015-12-01,Nike Men's Free 5.0+ Running Shoe,22
2015-12-01,O'Brien Men's Neoprene Life Vest,26
2015-12-01,Pelican Sunstream 100 Kayak,7
2015-12-01,Perfect Fitness Perfect Rip Deck,5
2015-12-01,Under Armour Girls' Toddler Spine Surge Runni,2
2015-12-01,Under Armour Women's Ignite Slide,7
2015-12-02,Diamondback Women's Serene Classic Comfort Bi,3
2015-12-02,ENO Atlas Hammock Straps,5
2015-12-02,Field & Stream Sportsman 16 Gun Fire Safe,10
2015-12-02,Nike Men's CJ Elite 2 TD Football Cleat,8
2015-12-02,Nike Men's Dri-FIT Victory Golf Polo,33
2015-12-02,Nike Men's Free 5.0+ Running Shoe,22
2015-12-02,O'Brien Men's Neoprene Life Vest,39
2015-12-02,Pelican Sunstream 100 Kayak,4
2015-12-02,Perfect Fitness Perfect Rip Deck,27
2015-12-02,Team Golf St. Louis Cardinals Putter Grip,3
2015-12-02,Under Armour Girls' Toddler Spine Surge Runni,5
2015-12-03,Diamondback Women's Serene Classic Comfort Bi,4
2015-12-03,Field & Stream Sportsman 16 Gun Fire Safe,12
2015-12-03,Nike Men's CJ Elite 2 TD Football Cleat,6
2015-12-03,Nike Men's Dri-FIT Victory Golf Polo,25
2015-12-03,Nike Men's Free 5.0+ Running Shoe,20
2015-12-03,O'Brien Men's Neoprene Life Vest,33
2015-12-03,Pelican Sunstream 100 Kayak,12
2015-12-03,Perfect Fitness Perfect Rip Deck,43
2015-12-03,Team Golf Tennessee Volunteers Putter Grip,5
2015-12-03,Titleist Pro V1x High Numbers Personalized Go,5
2015-12-03,Under Armour Girls' Toddler Spine Surge Runni,16
2015-12-03,adidas Men's F10 Messi TRX FG Soccer Cleat,3
2015-12-04,Diamondback Women's Serene Classic Comfort Bi,4
2015-12-04,Field & Stream Sportsman 16 Gun Fire Safe,6
2015-12-04,Nike Men's CJ Elite 2 TD Football Cleat,16
2015-12-04,Nike Men's Dri-FIT Victory Golf Polo,38
2015-12-04,Nike Men's Free 5.0+ Running Shoe,20
2015-12-04,Nike Women's Legend V-Neck T-Shirt,2
2015-12-04,O'Brien Men's Neoprene Life Vest,20
2015-12-04,Pelican Sunstream 100 Kayak,5
2015-12-04,Perfect Fitness Perfect Rip Deck,37
2015-12-04,Titleist Pro V1 High Numbers Personalized Gol,5
2015-12-04,Under Armour Girls' Toddler Spine Surge Runni,20
2015-12-04,Under Armour Kids' Mercenary Slide,2
2015-12-04,Under Armour Men's Compression EV SL Slide,3
2015-12-05,Bag Boy Beverage Holder,2
2015-12-05,Bridgestone e6 Straight Distance NFL San Dieg,3
2015-12-05,Diamondback Women's Serene Classic Comfort Bi,8
2015-12-05,Field & Stream Sportsman 16 Gun Fire Safe,14
2015-12-05,Glove It Urban Brick Golf Towel,3
2015-12-05,Glove It Women's Imperial Golf Glove,5
2015-12-05,LIJA Women's Eyelet Sleeveless Golf Polo,6
2015-12-05,Nike Men's CJ Elite 2 TD Football Cleat,12
2015-12-05,Nike Men's Dri-FIT Victory Golf Polo,22
2015-12-05,Nike Men's Free 5.0+ Running Shoe,21
2015-12-05,O'Brien Men's Neoprene Life Vest,25
2015-12-05,Pelican Sunstream 100 Kayak,14
2015-12-05,Perfect Fitness Perfect Rip Deck,48
2015-12-05,Titleist Pro V1x Golf Balls,5
2015-12-05,Under Armour Girls' Toddler Spine Surge Runni,24
2015-12-05,Under Armour Men's Tech II T-Shirt,3
2015-12-06,Diamondback Women's Serene Classic Comfort Bi,5
2015-12-06,Field & Stream Sportsman 16 Gun Fire Safe,6
2015-12-06,LIJA Women's Eyelet Sleeveless Golf Polo,4
2015-12-06,Nike Men's CJ Elite 2 TD Football Cleat,9
2015-12-06,Nike Men's Dri-FIT Victory Golf Polo,7
2015-12-06,Nike Men's Free 5.0+ Running Shoe,6
2015-12-06,Nike Women's Tempo Shorts,3
2015-12-06,O'Brien Men's Neoprene Life Vest,11
2015-12-06,Pelican Sunstream 100 Kayak,5
2015-12-06,Perfect Fitness Perfect Rip Deck,34
2015-12-06,Team Golf New England Patriots Putter Grip,3
2015-12-06,Team Golf Texas Longhorns Putter Grip,4
2015-12-06,Top Flite Women's 2014 XL Hybrid,3
2015-12-06,Under Armour Girls' Toddler Spine Surge Runni,12
2015-12-06,Under Armour Women's Micro G Skulpt Running S,5
2015-12-06,adidas Men's F10 Messi TRX FG Soccer Cleat,1
2015-12-07,Diamondback Women's Serene Classic Comfort Bi,1
2015-12-07,Field & Stream Sportsman 16 Gun Fire Safe,2
2015-12-07,Glove It Women's Mod Oval 3-Zip Carry All Gol,1
2015-12-07,Hirzl Men's Hybrid Golf Glove,4
2015-12-07,Nike Men's CJ Elite 2 TD Football Cleat,5
2015-12-07,Nike Men's Dri-FIT Victory Golf Polo,7
2015-12-07,Nike Men's Free 5.0+ Running Shoe,8
2015-12-07,Nike Women's Legend V-Neck T-Shirt,1
2015-12-07,O'Brien Men's Neoprene Life Vest,10
2015-12-07,Pelican Sunstream 100 Kayak,4
2015-12-07,Perfect Fitness Perfect Rip Deck,11
2015-12-07,Under Armour Girls' Toddler Spine Surge Runni,8
2015-12-07,Under Armour Men's Compression EV SL Slide,3
2015-12-08,Diamondback Women's Serene Classic Comfort Bi,4
2015-12-08,Field & Stream Sportsman 16 Gun Fire Safe,9
2015-12-08,Glove It Women's Imperial Golf Glove,3
2015-12-08,Hirzl Men's Hybrid Golf Glove,2
2015-12-08,Nike Men's CJ Elite 2 TD Football Cleat,4
2015-12-08,Nike Men's Dri-FIT Victory Golf Polo,15
2015-12-08,Nike Men's Free 5.0+ Running Shoe,9
2015-12-08,O'Brien Men's Neoprene Life Vest,16
2015-12-08,Pelican Sunstream 100 Kayak,3
2015-12-08,Perfect Fitness Perfect Rip Deck,22
2015-12-08,TYR Boys' Team Digi Jammer,5
2015-12-08,Top Flite Women's 2014 XL Hybrid,1
2015-12-08,Under Armour Girls' Toddler Spine Surge Runni,19
2015-12-08,Under Armour Hustle Storm Medium Duffle Bag,1
2015-12-09,Diamondback Women's Serene Classic Comfort Bi,10
2015-12-09,ENO Atlas Hammock Straps,4
2015-12-09,Field & Stream Sportsman 16 Gun Fire Safe,8
2015-12-09,Hirzl Women's Hybrid Golf Glove,5
2015-12-09,Nike Men's CJ Elite 2 TD Football Cleat,20
2015-12-09,Nike Men's Dri-FIT Victory Golf Polo,38
2015-12-09,Nike Men's Free 5.0+ Running Shoe,3
2015-12-09,Nike Women's Tempo Shorts,8
2015-12-09,O'Brien Men's Neoprene Life Vest,33
2015-12-09,Pelican Sunstream 100 Kayak,4
2015-12-09,Perfect Fitness Perfect Rip Deck,57
2015-12-09,Team Golf Texas Longhorns Putter Grip,2
2015-12-09,Titleist Pro V1x High Numbers Personalized Go,1
2015-12-09,Under Armour Girls' Toddler Spine Surge Runni,11
2015-12-09,Under Armour Women's Ignite Slide,1
2015-12-09,adidas Kids' F5 Messi FG Soccer Cleat,3
2015-12-10,Bag Boy Beverage Holder,4
2015-12-10,Diamondback Women's Serene Classic Comfort Bi,4
2015-12-10,Field & Stream Sportsman 16 Gun Fire Safe,5
2015-12-10,Glove It Women's Mod Oval 3-Zip Carry All Gol,2
2015-12-10,Hirzl Women's Hybrid Golf Glove,3
2015-12-10,Hirzl Women's Soffft Flex Golf Glove,1
2015-12-10,Nike Men's CJ Elite 2 TD Football Cleat,9
2015-12-10,Nike Men's Dri-FIT Victory Golf Polo,11
2015-12-10,Nike Men's Free 5.0+ Running Shoe,11
2015-12-10,O'Brien Men's Neoprene Life Vest,20
2015-12-10,Pelican Sunstream 100 Kayak,8
2015-12-10,Perfect Fitness Perfect Rip Deck,27
2015-12-10,Team Golf St. Louis Cardinals Putter Grip,1
2015-12-10,Titleist Pro V1x High Numbers Golf Balls,4
2015-12-10,Under Armour Girls' Toddler Spine Surge Runni,3
2015-12-10,Under Armour Hustle Storm Medium Duffle Bag,3
2015-12-10,Under Armour Kids' Mercenary Slide,3
2015-12-10,Under Armour Women's Micro G Skulpt Running S,1
2015-12-11,Bridgestone e6 Straight Distance NFL Carolina,2
2015-12-11,Clicgear Rovic Cooler Bag,2
2015-12-11,Diamondback Women's Serene Classic Comfort Bi,4
2015-12-11,Field & Stream Sportsman 16 Gun Fire Safe,7
2015-12-11,Hirzl Men's Hybrid Golf Glove,2
2015-12-11,Nike Men's CJ Elite 2 TD Football Cleat,7
2015-12-11,Nike Men's Comfort 2 Slide,2
2015-12-11,Nike Men's Deutschland Weltmeister Winners Bl,3
2015-12-11,Nike Men's Dri-FIT Victory Golf Polo,12
2015-12-11,Nike Men's Free 5.0+ Running Shoe,17
2015-12-11,Nike Women's Legend V-Neck T-Shirt,9
2015-12-11,O'Brien Men's Neoprene Life Vest,26
2015-12-11,Pelican Sunstream 100 Kayak,5
2015-12-11,Perfect Fitness Perfect Rip Deck,14
2015-12-11,Under Armour Girls' Toddler Spine Surge Runni,10
2015-12-12,Diamondback Women's Serene Classic Comfort Bi,7
2015-12-12,Field & Stream Sportsman 16 Gun Fire Safe,11
2015-12-12,Glove It Imperial Golf Towel,5
2015-12-12,Glove It Urban Brick Golf Towel,7
2015-12-12,Glove It Women's Imperial Golf Glove,2
2015-12-12,Nike Men's CJ Elite 2 TD Football Cleat,12
2015-12-12,Nike Men's Comfort 2 Slide,1
2015-12-12,Nike Men's Dri-FIT Victory Golf Polo,21
2015-12-12,Nike Men's Free 5.0+ Running Shoe,13
2015-12-12,O'Brien Men's Neoprene Life Vest,22
2015-12-12,Pelican Sunstream 100 Kayak,11
2015-12-12,Perfect Fitness Perfect Rip Deck,36
2015-12-12,Titleist Pro V1x Golf Balls,2
2015-12-12,Under Armour Girls' Toddler Spine Surge Runni,9
2015-12-12,adidas Kids' F5 Messi FG Soccer Cleat,3
2015-12-13,Clicgear Rovic Cooler Bag,3
2015-12-13,Diamondback Women's Serene Classic Comfort Bi,10
2015-12-13,Field & Stream Sportsman 16 Gun Fire Safe,7
2015-12-13,Glove It Imperial Golf Towel,4
2015-12-13,LIJA Women's Eyelet Sleeveless Golf Polo,4
2015-12-13,Nike Men's CJ Elite 2 TD Football Cleat,14
2015-12-13,Nike Men's Comfort 2 Slide,1
2015-12-13,Nike Men's Dri-FIT Victory Golf Polo,42
2015-12-13,Nike Men's Free 5.0+ Running Shoe,15
2015-12-13,O'Brien Men's Neoprene Life Vest,20
2015-12-13,Pelican Sunstream 100 Kayak,7
2015-12-13,Perfect Fitness Perfect Rip Deck,43
2015-12-13,Titleist Pro V1 High Numbers Personalized Gol,4
2015-12-13,Under Armour Girls' Toddler Spine Surge Runni,10
2015-12-13,adidas Men's F10 Messi TRX FG Soccer Cleat,4
2015-12-14,Clicgear 8.0 Shoe Brush,4
2015-12-14,Columbia Men's PFG Anchor Tough T-Shirt,4
2015-12-14,Diamondback Women's Serene Classic Comfort Bi,7
2015-12-14,Field & Stream Sportsman 16 Gun Fire Safe,7
2015-12-14,Glove It Imperial Golf Towel,1
2015-12-14,Hirzl Women's Soffft Flex Golf Glove,5
2015-12-14,Nike Men's CJ Elite 2 TD Football Cleat,11
2015-12-14,Nike Men's Dri-FIT Victory Golf Polo,5
2015-12-14,Nike Men's Free 5.0+ Running Shoe,15
2015-12-14,O'Brien Men's Neoprene Life Vest,10
2015-12-14,Pelican Sunstream 100 Kayak,10
2015-12-14,Perfect Fitness Perfect Rip Deck,26
2015-12-14,Under Armour Girls' Toddler Spine Surge Runni,16
2015-12-14,Under Armour Hustle Storm Medium Duffle Bag,2
2015-12-15,Bridgestone e6 Straight Distance NFL San Dieg,8
2015-12-15,Diamondback Women's Serene Classic Comfort Bi,3
2015-12-15,ENO Atlas Hammock Straps,3
2015-12-15,Field & Stream Sportsman 16 Gun Fire Safe,10
2015-12-15,Glove It Women's Imperial Golf Glove,5
2015-12-15,LIJA Women's Eyelet Sleeveless Golf Polo,1
2015-12-15,Nike Men's CJ Elite 2 TD Football Cleat,6
2015-12-15,Nike Men's Dri-FIT Victory Golf Polo,35
2015-12-15,Nike Men's Free 5.0+ Running Shoe,16
2015-12-15,Nike Women's Legend V-Neck T-Shirt,5
2015-12-15,O'Brien Men's Neoprene Life Vest,20
2015-12-15,Pelican Sunstream 100 Kayak,3
2015-12-15,Perfect Fitness Perfect Rip Deck,20
2015-12-15,Team Golf Tennessee Volunteers Putter Grip,3
2015-12-15,Under Armour Girls' Toddler Spine Surge Runni,12
2015-12-15,Under Armour Men's Compression EV SL Slide,2
2015-12-16,Bridgestone e6 Straight Distance NFL Carolina,3
2015-12-16,Diamondback Women's Serene Classic Comfort Bi,2
2015-12-16,Field & Stream Sportsman 16 Gun Fire Safe,8
2015-12-16,Glove It Women's Mod Oval 3-Zip Carry All Gol,3
2015-12-16,Hirzl Women's Soffft Flex Golf Glove,1
2015-12-16,Nike Men's CJ Elite 2 TD Football Cleat,11
2015-12-16,Nike Men's Dri-FIT Victory Golf Polo,37
2015-12-16,Nike Men's Free 5.0+ Running Shoe,14
2015-12-16,O'Brien Men's Neoprene Life Vest,41
2015-12-16,Pelican Sunstream 100 Kayak,4
2015-12-16,Perfect Fitness Perfect Rip Deck,15
2015-12-16,Team Golf St. Louis Cardinals Putter Grip,1
2015-12-16,Titleist Pro V1x High Numbers Golf Balls,3
2015-12-16,Top Flite Women's 2014 XL Hybrid,3
2015-12-16,Under Armour Girls' Toddler Spine Surge Runni,17
2015-12-16,adidas Kids' F5 Messi FG Soccer Cleat,5
2015-12-17,Clicgear Rovic Cooler Bag,1
2015-12-17,Diamondback Women's Serene Classic Comfort Bi,5
2015-12-17,Field & Stream Sportsman 16 Gun Fire Safe,6
2015-12-17,Glove It Women's Mod Oval Golf Glove,1
2015-12-17,Hirzl Men's Hybrid Golf Glove,2
2015-12-17,Hirzl Women's Hybrid Golf Glove,2
2015-12-17,Nike Men's CJ Elite 2 TD Football Cleat,7
2015-12-17,Nike Men's Dri-FIT Victory Golf Polo,29
2015-12-17,Nike Men's Free 5.0+ Running Shoe,5
2015-12-17,O'Brien Men's Neoprene Life Vest,26
2015-12-17,Pelican Sunstream 100 Kayak,3
2015-12-17,Perfect Fitness Perfect Rip Deck,14
2015-12-17,Team Golf Texas Longhorns Putter Grip,1
2015-12-17,Titleist Pro V1 High Numbers Personalized Gol,3
2015-12-17,Under Armour Girls' Toddler Spine Surge Runni,17
2015-12-17,Under Armour Hustle Storm Medium Duffle Bag,3
2015-12-17,Under Armour Men's Compression EV SL Slide,4
2015-12-17,Under Armour Women's Ignite Slide,3
2015-12-18,Diamondback Women's Serene Classic Comfort Bi,4
2015-12-18,Field & Stream Sportsman 16 Gun Fire Safe,7
2015-12-18,Hirzl Women's Soffft Flex Golf Glove,3
2015-12-18,Nike Men's CJ Elite 2 TD Football Cleat,11
2015-12-18,Nike Men's Dri-FIT Victory Golf Polo,20
2015-12-18,Nike Men's Free 5.0+ Running Shoe,13
2015-12-18,O'Brien Men's Neoprene Life Vest,15
2015-12-18,Pelican Sunstream 100 Kayak,7
2015-12-18,Perfect Fitness Perfect Rip Deck,13
2015-12-18,Titleist Pro V1x High Numbers Personalized Go,1
2015-12-18,Top Flite Women's 2014 XL Hybrid,2
2015-12-18,Under Armour Girls' Toddler Spine Surge Runni,12
2015-12-18,Under Armour Women's Ignite Slide,5
2015-12-18,adidas Kids' F5 Messi FG Soccer Cleat,3
2015-12-19,Bridgestone e6 Straight Distance NFL Carolina,4
2015-12-19,Diamondback Women's Serene Classic Comfort Bi,7
2015-12-19,Field & Stream Sportsman 16 Gun Fire Safe,15
2015-12-19,Glove It Urban Brick Golf Towel,1
2015-12-19,Nike Dri-FIT Crew Sock 6 Pack,2
2015-12-19,Nike Men's CJ Elite 2 TD Football Cleat,11
2015-12-19,Nike Men's Comfort 2 Slide,5
2015-12-19,Nike Men's Dri-FIT Victory Golf Polo,21
2015-12-19,Nike Men's Free 5.0+ Running Shoe,16
2015-12-19,Nike Women's Legend V-Neck T-Shirt,2
2015-12-19,O'Brien Men's Neoprene Life Vest,34
2015-12-19,Pelican Sunstream 100 Kayak,8
2015-12-19,Perfect Fitness Perfect Rip Deck,32
2015-12-19,Under Armour Girls' Toddler Spine Surge Runni,3
2015-12-19,Under Armour Women's Ignite PIP VI Slide,2
2015-12-19,adidas Men's F10 Messi TRX FG Soccer Cleat,5
2015-12-19,adidas Men's Germany Black Crest Away Tee,5
2015-12-20,Diamondback Women's Serene Classic Comfort Bi,2
2015-12-20,Field & Stream Sportsman 16 Gun Fire Safe,9
2015-12-20,Glove It Urban Brick Golf Towel,5
2015-12-20,Glove It Women's Imperial Golf Glove,5
2015-12-20,Glove It Women's Mod Oval 3-Zip Carry All Gol,1
2015-12-20,Nike Men's CJ Elite 2 TD Football Cleat,11
2015-12-20,Nike Men's Comfort 2 Slide,1
2015-12-20,Nike Men's Dri-FIT Victory Golf Polo,25
2015-12-20,Nike Men's Free 5.0+ Running Shoe,5
2015-12-20,O'Brien Men's Neoprene Life Vest,39
2015-12-20,Pelican Sunstream 100 Kayak,10
2015-12-20,Perfect Fitness Perfect Rip Deck,45
2015-12-20,Team Golf San Francisco Giants Putter Grip,8
2015-12-20,Team Golf Texas Longhorns Putter Grip,5
2015-12-20,Titleist Pro V1x Golf Balls,5
2015-12-20,Under Armour Girls' Toddler Spine Surge Runni,19
2015-12-20,Under Armour Men's Compression EV SL Slide,1
2015-12-21,Clicgear 8.0 Shoe Brush,2
2015-12-21,Diamondback Women's Serene Classic Comfort Bi,3
2015-12-21,Field & Stream Sportsman 16 Gun Fire Safe,13
2015-12-21,Glove It Urban Brick Golf Towel,7
2015-12-21,Nike Men's CJ Elite 2 TD Football Cleat,12
2015-12-21,Nike Men's Dri-FIT Victory Golf Polo,11
2015-12-21,Nike Men's Free 5.0+ Running Shoe,12
2015-12-21,Nike Women's Legend V-Neck T-Shirt,1
2015-12-21,Nike Women's Tempo Shorts,3
2015-12-21,O'Brien Men's Neoprene Life Vest,12
2015-12-21,Pelican Sunstream 100 Kayak,6
2015-12-21,Perfect Fitness Perfect Rip Deck,23
2015-12-21,TYR Boys' Team Digi Jammer,1
2015-12-21,Team Golf St. Louis Cardinals Putter Grip,1
2015-12-21,Team Golf Texas Longhorns Putter Grip,4
2015-12-21,Under Armour Girls' Toddler Spine Surge Runni,29
2015-12-22,Bag Boy Beverage Holder,4
2015-12-22,Diamondback Women's Serene Classic Comfort Bi,4
2015-12-22,Field & Stream Sportsman 16 Gun Fire Safe,4
2015-12-22,Glove It Imperial Golf Towel,4
2015-12-22,Nike Men's CJ Elite 2 TD Football Cleat,15
2015-12-22,Nike Men's Dri-FIT Victory Golf Polo,22
2015-12-22,Nike Men's Free 5.0+ Running Shoe,32
2015-12-22,O'Brien Men's Neoprene Life Vest,27
2015-12-22,Pelican Sunstream 100 Kayak,4
2015-12-22,Perfect Fitness Perfect Rip Deck,17
2015-12-22,Team Golf New England Patriots Putter Grip,4
2015-12-22,Titleist Pro V1 High Numbers Personalized Gol,1
2015-12-22,Titleist Pro V1x High Numbers Personalized Go,1
2015-12-22,Under Armour Girls' Toddler Spine Surge Runni,2
2015-12-22,Under Armour Kids' Mercenary Slide,4
2015-12-22,Under Armour Women's Ignite Slide,2
2015-12-22,adidas Youth Germany Black/Red Away Match Soc,3
2015-12-23,Diamondback Women's Serene Classic Comfort Bi,4
2015-12-23,Field & Stream Sportsman 16 Gun Fire Safe,11
2015-12-23,Hirzl Women's Hybrid Golf Glove,1
2015-12-23,Nike Men's CJ Elite 2 TD Football Cleat,15
2015-12-23,Nike Men's Comfort 2 Slide,2
2015-12-23,Nike Men's Dri-FIT Victory Golf Polo,32
2015-12-23,Nike Men's Free 5.0+ Running Shoe,14
2015-12-23,Nike Women's Legend V-Neck T-Shirt,4
2015-12-23,O'Brien Men's Neoprene Life Vest,30
2015-12-23,Pelican Sunstream 100 Kayak,4
2015-12-23,Perfect Fitness Perfect Rip Deck,47
2015-12-23,Team Golf St. Louis Cardinals Putter Grip,2
2015-12-23,Titleist Pro V1x High Numbers Personalized Go,8
2015-12-23,Under Armour Girls' Toddler Spine Surge Runni,10
2015-12-23,adidas Men's Germany Black Crest Away Tee,2
2015-12-24,Diamondback Women's Serene Classic Comfort Bi,3
2015-12-24,Field & Stream Sportsman 16 Gun Fire Safe,8
2015-12-24,Glove It Women's Imperial Golf Glove,4
2015-12-24,Nike Men's CJ Elite 2 TD Football Cleat,12
2015-12-24,Nike Men's Dri-FIT Victory Golf Polo,36
2015-12-24,Nike Men's Free 5.0+ Running Shoe,4
2015-12-24,O'Brien Men's Neoprene Life Vest,21
2015-12-24,Pelican Sunstream 100 Kayak,4
2015-12-24,Perfect Fitness Perfect Rip Deck,35
2015-12-24,Titleist Pro V1x High Numbers Personalized Go,1
2015-12-24,Top Flite Women's 2014 XL Hybrid,1
2015-12-24,Under Armour Girls' Toddler Spine Surge Runni,8
2015-12-24,Under Armour Men's Compression EV SL Slide,5
2015-12-24,Under Armour Women's Ignite Slide,2
2015-12-25,Diamondback Women's Serene Classic Comfort Bi,10
2015-12-25,Field & Stream Sportsman 16 Gun Fire Safe,12
2015-12-25,Glove It Urban Brick Golf Towel,3
2015-12-25,Nike Dri-FIT Crew Sock 6 Pack,2
2015-12-25,Nike Men's CJ Elite 2 TD Football Cleat,23
2015-12-25,Nike Men's Dri-FIT Victory Golf Polo,35
2015-12-25,Nike Men's Free 5.0+ Running Shoe,13
2015-12-25,O'Brien Men's Neoprene Life Vest,54
2015-12-25,Pelican Sunstream 100 Kayak,5
2015-12-25,Perfect Fitness Perfect Rip Deck,33
2015-12-25,Under Armour Girls' Toddler Spine Surge Runni,16
2015-12-25,Under Armour Women's Ignite Slide,2
2015-12-26,Diamondback Women's Serene Classic Comfort Bi,6
2015-12-26,Field & Stream Sportsman 16 Gun Fire Safe,8
2015-12-26,Hirzl Women's Hybrid Golf Glove,2
2015-12-26,Nike Men's CJ Elite 2 TD Football Cleat,7
2015-12-26,Nike Men's Dri-FIT Victory Golf Polo,11
2015-12-26,Nike Men's Free 5.0+ Running Shoe,12
2015-12-26,O'Brien Men's Neoprene Life Vest,19
2015-12-26,Pelican Sunstream 100 Kayak,5
2015-12-26,Perfect Fitness Perfect Rip Deck,26
2015-12-26,Team Golf St. Louis Cardinals Putter Grip,2
2015-12-26,Top Flite Women's 2014 XL Hybrid,2
2015-12-26,Under Armour Girls' Toddler Spine Surge Runni,3
2015-12-26,adidas Kids' F5 Messi FG Soccer Cleat,5
2015-12-27,Columbia Men's PFG Anchor Tough T-Shirt,1
2015-12-27,Diamondback Women's Serene Classic Comfort Bi,11
2015-12-27,Field & Stream Sportsman 16 Gun Fire Safe,10
2015-12-27,Glove It Imperial Golf Towel,2
2015-12-27,Nike Men's CJ Elite 2 TD Football Cleat,11
2015-12-27,Nike Men's Dri-FIT Victory Golf Polo,34
2015-12-27,Nike Men's Free 5.0+ Running Shoe,21
2015-12-27,O'Brien Men's Neoprene Life Vest,25
2015-12-27,Pelican Sunstream 100 Kayak,9
2015-12-27,Perfect Fitness Perfect Rip Deck,48
2015-12-27,Under Armour Girls' Toddler Spine Surge Runni,16
2015-12-27,Under Armour Men's Tech II T-Shirt,2
2015-12-27,Under Armour Women's Micro G Skulpt Running S,1
2015-12-27,adidas Men's Germany Black Crest Away Tee,2
2015-12-28,Bridgestone e6 Straight Distance NFL Tennesse,5
2015-12-28,Clicgear Rovic Cooler Bag,2
2015-12-28,Diamondback Women's Serene Classic Comfort Bi,5
2015-12-28,Field & Stream Sportsman 16 Gun Fire Safe,6
2015-12-28,Hirzl Men's Hybrid Golf Glove,2
2015-12-28,Hirzl Women's Soffft Flex Golf Glove,4
2015-12-28,Nike Dri-FIT Crew Sock 6 Pack,3
2015-12-28,Nike Men's CJ Elite 2 TD Football Cleat,16
2015-12-28,Nike Men's Dri-FIT Victory Golf Polo,28
2015-12-28,Nike Men's Free 5.0+ Running Shoe,19
2015-12-28,O'Brien Men's Neoprene Life Vest,38
2015-12-28,Pelican Sunstream 100 Kayak,6
2015-12-28,Perfect Fitness Perfect Rip Deck,23
2015-12-28,Team Golf Pittsburgh Steelers Putter Grip,3
2015-12-28,Top Flite Women's 2014 XL Hybrid,1
2015-12-28,Under Armour Girls' Toddler Spine Surge Runni,12
2015-12-29,Bridgestone e6 Straight Distance NFL Tennesse,1
2015-12-29,Diamondback Women's Serene Classic Comfort Bi,5
2015-12-29,Field & Stream Sportsman 16 Gun Fire Safe,7
2015-12-29,Glove It Urban Brick Golf Towel,6
2015-12-29,LIJA Women's Eyelet Sleeveless Golf Polo,4
2015-12-29,Nike Men's CJ Elite 2 TD Football Cleat,6
2015-12-29,Nike Men's Dri-FIT Victory Golf Polo,4
2015-12-29,Nike Men's Free 5.0+ Running Shoe,22
2015-12-29,O'Brien Men's Neoprene Life Vest,12
2015-12-29,Pelican Sunstream 100 Kayak,5
2015-12-29,Perfect Fitness Perfect Rip Deck,18
2015-12-29,Team Golf Tennessee Volunteers Putter Grip,1
2015-12-29,Titleist Pro V1x High Numbers Personalized Go,5
2015-12-29,Under Armour Girls' Toddler Spine Surge Runni,2
2015-12-30,Bridgestone e6 Straight Distance NFL Carolina,1
2015-12-30,Diamondback Women's Serene Classic Comfort Bi,9
2015-12-30,Field & Stream Sportsman 16 Gun Fire Safe,7
2015-12-30,Nike Dri-FIT Crew Sock 6 Pack,2
2015-12-30,Nike Men's CJ Elite 2 TD Football Cleat,6
2015-12-30,Nike Men's Dri-FIT Victory Golf Polo,38
2015-12-30,Nike Men's Free 5.0+ Running Shoe,17
2015-12-30,Nike Women's Legend V-Neck T-Shirt,1
2015-12-30,O'Brien Men's Neoprene Life Vest,43
2015-12-30,Pelican Sunstream 100 Kayak,7
2015-12-30,Perfect Fitness Perfect Rip Deck,8
2015-12-30,TYR Boys' Team Digi Jammer,1
2015-12-30,Team Golf New England Patriots Putter Grip,2
2015-12-30,Titleist Pro V1x High Numbers Golf Balls,4
2015-12-30,Under Armour Girls' Toddler Spine Surge Runni,16
2015-12-30,Under Armour Kids' Mercenary Slide,1
2015-12-30,Under Armour Men's Compression EV SL Slide,8
2015-12-30,adidas Men's F10 Messi TRX FG Soccer Cleat,2
2015-12-31,Clicgear Rovic Cooler Bag,3
2015-12-31,Columbia Men's PFG Anchor Tough T-Shirt,5
2015-12-31,Diamondback Women's Serene Classic Comfort Bi,4
2015-12-31,Field & Stream Sportsman 16 Gun Fire Safe,8
2015-12-31,Glove It Imperial Golf Towel,1
2015-12-31,Glove It Women's Imperial Golf Glove,4
2015-12-31,Nike Men's CJ Elite 2 TD Football Cleat,9
2015-12-31,Nike Men's Deutschland Weltmeister Winners Bl,2
2015-12-31,Nike Men's Dri-FIT Victory Golf Polo,53
2015-12-31,Nike Men's Free 5.0+ Running Shoe,19
2015-12-31,Nike Women's Legend V-Neck T-Shirt,1
2015-12-31,O'Brien Men's Neoprene Life Vest,29
2015-12-31,Pelican Sunstream 100 Kayak,5
2015-12-31,Perfect Fitness Perfect Rip Deck,36
2015-12-31,Titleist Pro V1 High Numbers Personalized Gol,2
2015-12-31,Top Flite Women's 2014 XL Hybrid,1
2015-12-31,Under Armour Girls' Toddler Spine Surge Runni,8
2015-12-31,Under Armour Women's Ignite PIP VI Slide,1
2015-12-31,Under Armour Women's Ignite Slide,10
2015-12-31,adidas Men's Germany Black Crest Away Tee,2
2016-01-01,Diamondback Women's Serene Classic Comfort Bi,11
2016-01-01,Field & Stream Sportsman 16 Gun Fire Safe,6
2016-01-01,Hirzl Men's Hybrid Golf Glove,4
2016-01-01,Nike Men's CJ Elite 2 TD Football Cleat,8
2016-01-01,Nike Men's Dri-FIT Victory Golf Polo,34
2016-01-01,Nike Men's Free 5.0+ Running Shoe,17
2016-01-01,Nike Women's Legend V-Neck T-Shirt,1
2016-01-01,O'Brien Men's Neoprene Life Vest,15
2016-01-01,Pelican Sunstream 100 Kayak,7
2016-01-01,Perfect Fitness Perfect Rip Deck,33
2016-01-01,Team Golf New England Patriots Putter Grip,3
2016-01-01,Titleist Pro V1x High Numbers Personalized Go,2
2016-01-01,Under Armour Girls' Toddler Spine Surge Runni,20
2016-01-01,Under Armour Hustle Storm Medium Duffle Bag,3
2016-01-01,Under Armour Kids' Mercenary Slide,4
2016-01-02,Diamondback Women's Serene Classic Comfort Bi,5
2016-01-02,Field & Stream Sportsman 16 Gun Fire Safe,11
2016-01-02,Nike Men's CJ Elite 2 TD Football Cleat,9
2016-01-02,Nike Men's Dri-FIT Victory Golf Polo,20
2016-01-02,Nike Men's Free 5.0+ Running Shoe,13
2016-01-02,Nike Women's Legend V-Neck T-Shirt,2
2016-01-02,O'Brien Men's Neoprene Life Vest,61
2016-01-02,Pelican Sunstream 100 Kayak,8
2016-01-02,Perfect Fitness Perfect Rip Deck,7
2016-01-02,TYR Boys' Team Digi Jammer,4
2016-01-02,Team Golf St. Louis Cardinals Putter Grip,1
2016-01-02,Under Armour Girls' Toddler Spine Surge Runni,19
2016-01-03,Diamondback Women's Serene Classic Comfort Bi,8
2016-01-03,Field & Stream Sportsman 16 Gun Fire Safe,8
2016-01-03,Nike Men's CJ Elite 2 TD Football Cleat,10
2016-01-03,Nike Men's Comfort 2 Slide,5
2016-01-03,Nike Men's Dri-FIT Victory Golf Polo,44
2016-01-03,Nike Men's Free 5.0+ Running Shoe,19
2016-01-03,O'Brien Men's Neoprene Life Vest,19
2016-01-03,Pelican Sunstream 100 Kayak,7
2016-01-03,Perfect Fitness Perfect Rip Deck,44
2016-01-03,Under Armour Girls' Toddler Spine Surge Runni,10
2016-01-03,Under Armour Kids' Mercenary Slide,5
2016-01-03,Under Armour Men's Compression EV SL Slide,5
2016-01-03,adidas Men's Germany Black Crest Away Tee,1
2016-01-03,adidas Youth Germany Black/Red Away Match Soc,3
2016-01-04,Diamondback Women's Serene Classic Comfort Bi,3
2016-01-04,Field & Stream Sportsman 16 Gun Fire Safe,3
2016-01-04,Glove It Women's Mod Oval 3-Zip Carry All Gol,1
2016-01-04,Glove It Women's Mod Oval Golf Glove,4
2016-01-04,Hirzl Women's Soffft Flex Golf Glove,3
2016-01-04,Nike Men's CJ Elite 2 TD Football Cleat,10
2016-01-04,Nike Men's Comfort 2 Slide,5
2016-01-04,Nike Men's Dri-FIT Victory Golf Polo,13
2016-01-04,Nike Men's Free 5.0+ Running Shoe,3
2016-01-04,O'Brien Men's Neoprene Life Vest,10
2016-01-04,Pelican Sunstream 100 Kayak,4
2016-01-04,Perfect Fitness Perfect Rip Deck,35
2016-01-04,Under Armour Girls' Toddler Spine Surge Runni,15
2016-01-04,Under Armour Kids' Mercenary Slide,2
2016-01-05,Bridgestone e6 Straight Distance NFL San Dieg,1
2016-01-05,Bridgestone e6 Straight Distance NFL Tennesse,4
2016-01-05,Diamondback Women's Serene Classic Comfort Bi,4
2016-01-05,Field & Stream Sportsman 16 Gun Fire Safe,9
2016-01-05,Glove It Women's Mod Oval 3-Zip Carry All Gol,1
2016-01-05,Hirzl Men's Hybrid Golf Glove,1
2016-01-05,Nike Men's CJ Elite 2 TD Football Cleat,9
2016-01-05,Nike Men's Comfort 2 Slide,5
2016-01-05,Nike Men's Dri-FIT Victory Golf Polo,42
2016-01-05,Nike Men's Free 5.0+ Running Shoe,23
2016-01-05,Nike Women's Legend V-Neck T-Shirt,5
2016-01-05,Nike Women's Tempo Shorts,4
2016-01-05,O'Brien Men's Neoprene Life Vest,45
2016-01-05,Pelican Sunstream 100 Kayak,7
2016-01-05,Perfect Fitness Perfect Rip Deck,30
2016-01-05,Team Golf Tennessee Volunteers Putter Grip,1
2016-01-05,Titleist Pro V1x Golf Balls,5
2016-01-05,Titleist Pro V1x High Numbers Personalized Go,4
2016-01-05,Under Armour Girls' Toddler Spine Surge Runni,22
2016-01-06,Diamondback Women's Serene Classic Comfort Bi,5
2016-01-06,Field & Stream Sportsman 16 Gun Fire Safe,6
2016-01-06,Nike Men's CJ Elite 2 TD Football Cleat,11
2016-01-06,Nike Men's Dri-FIT Victory Golf Polo,29
2016-01-06,Nike Men's Free 5.0+ Running Shoe,12
2016-01-06,Nike Women's Tempo Shorts,4
2016-01-06,O'Brien Men's Neoprene Life Vest,16
2016-01-06,Pelican Sunstream 100 Kayak,7
2016-01-06,Perfect Fitness Perfect Rip Deck,43
2016-01-06,Under Armour Girls' Toddler Spine Surge Runni,16
2016-01-07,Clicgear 8.0 Shoe Brush,1
2016-01-07,Diamondback Women's Serene Classic Comfort Bi,3
2016-01-07,Field & Stream Sportsman 16 Gun Fire Safe,20
2016-01-07,Glove It Women's Mod Oval Golf Glove,2
2016-01-07,Hirzl Women's Hybrid Golf Glove,5
2016-01-07,Nike Men's CJ Elite 2 TD Football Cleat,12
2016-01-07,Nike Men's Dri-FIT Victory Golf Polo,43
2016-01-07,Nike Men's Free 5.0+ Running Shoe,15
2016-01-07,O'Brien Men's Neoprene Life Vest,30
2016-01-07,Pelican Sunstream 100 Kayak,10
2016-01-07,Perfect Fitness Perfect Rip Deck,44
2016-01-07,Team Golf Pittsburgh Steelers Putter Grip,1
2016-01-07,Titleist Pro V1 High Numbers Personalized Gol,4
2016-01-07,Top Flite Women's 2014 XL Hybrid,4
2016-01-07,Under Armour Girls' Toddler Spine Surge Runni,21
2016-01-07,Under Armour Kids' Mercenary Slide,5
2016-01-08,Bag Boy Beverage Holder,2
2016-01-08,Diamondback Women's Serene Classic Comfort Bi,7
2016-01-08,Field & Stream Sportsman 16 Gun Fire Safe,8
2016-01-08,Glove It Imperial Golf Towel,5
2016-01-08,Hirzl Men's Hybrid Golf Glove,4
2016-01-08,Nike Men's CJ Elite 2 TD Football Cleat,6
2016-01-08,Nike Men's Dri-FIT Victory Golf Polo,32
2016-01-08,Nike Men's Free 5.0+ Running Shoe,24
2016-01-08,O'Brien Men's Neoprene Life Vest,41
2016-01-08,Pelican Sunstream 100 Kayak,12
2016-01-08,Perfect Fitness Perfect Rip Deck,32
2016-01-08,TYR Boys' Team Digi Jammer,1
2016-01-08,Under Armour Girls' Toddler Spine Surge Runni,14
2016-01-08,Under Armour Kids' Mercenary Slide,1
2016-01-09,Bridgestone e6 Straight Distance NFL San Dieg,4
2016-01-09,Clicgear 8.0 Shoe Brush,4
2016-01-09,Diamondback Women's Serene Classic Comfort Bi,7
2016-01-09,Field & Stream Sportsman 16 Gun Fire Safe,8
2016-01-09,Hirzl Men's Hybrid Golf Glove,2
2016-01-09,Hirzl Women's Hybrid Golf Glove,5
2016-01-09,Nike Dri-FIT Crew Sock 6 Pack,1
2016-01-09,Nike Men's CJ Elite 2 TD Football Cleat,10
2016-01-09,Nike Men's Deutschland Weltmeister Winners Bl,1
2016-01-09,Nike Men's Dri-FIT Victory Golf Polo,33
2016-01-09,Nike Men's Free 5.0+ Running Shoe,15
2016-01-09,O'Brien Men's Neoprene Life Vest,14
2016-01-09,Pelican Sunstream 100 Kayak,5
2016-01-09,Perfect Fitness Perfect Rip Deck,40
2016-01-09,Titleist Pro V1x Golf Balls,3
2016-01-09,Titleist Pro V1x High Numbers Personalized Go,2
2016-01-09,Under Armour Girls' Toddler Spine Surge Runni,25
2016-01-09,adidas Men's Germany Black Crest Away Tee,1
2016-01-10,Bridgestone e6 Straight Distance NFL San Dieg,3
2016-01-10,Diamondback Women's Serene Classic Comfort Bi,2
2016-01-10,Field & Stream Sportsman 16 Gun Fire Safe,7
2016-01-10,Nike Men's CJ Elite 2 TD Football Cleat,5
2016-01-10,Nike Men's Dri-FIT Victory Golf Polo,12
2016-01-10,Nike Men's Free 5.0+ Running Shoe,3
2016-01-10,O'Brien Men's Neoprene Life Vest,25
2016-01-10,Pelican Sunstream 100 Kayak,5
2016-01-10,Perfect Fitness Perfect Rip Deck,36
2016-01-10,TYR Boys' Team Digi Jammer,3
2016-01-10,Team Golf Pittsburgh Steelers Putter Grip,5
2016-01-10,Team Golf San Francisco Giants Putter Grip,11
2016-01-10,Team Golf St. Louis Cardinals Putter Grip,1
2016-01-10,Under Armour Girls' Toddler Spine Surge Runni,3
2016-01-10,Under Armour Hustle Storm Medium Duffle Bag,1
2016-01-11,Diamondback Women's Serene Classic Comfort Bi,10
2016-01-11,ENO Atlas Hammock Straps,5
2016-01-11,Field & Stream Sportsman 16 Gun Fire Safe,3
2016-01-11,Nike Men's CJ Elite 2 TD Football Cleat,9
2016-01-11,Nike Men's Dri-FIT Victory Golf Polo,19
2016-01-11,Nike Men's Free 5.0+ Running Shoe,25
2016-01-11,O'Brien Men's Neoprene Life Vest,30
2016-01-11,Pelican Sunstream 100 Kayak,7
2016-01-11,Perfect Fitness Perfect Rip Deck,20
2016-01-11,Team Golf Texas Longhorns Putter Grip,1
2016-01-11,Titleist Pro V1 High Numbers Personalized Gol,5
2016-01-11,Under Armour Girls' Toddler Spine Surge Runni,11
2016-01-12,Bridgestone e6 Straight Distance NFL Tennesse,4
2016-01-12,Diamondback Women's Serene Classic Comfort Bi,6
2016-01-12,Field & Stream Sportsman 16 Gun Fire Safe,13
2016-01-12,Nike Men's CJ Elite 2 TD Football Cleat,8
2016-01-12,Nike Men's Dri-FIT Victory Golf Polo,41
2016-01-12,Nike Men's Free 5.0+ Running Shoe,9
2016-01-12,O'Brien Men's Neoprene Life Vest,18
2016-01-12,Pelican Sunstream 100 Kayak,2
2016-01-12,Perfect Fitness Perfect Rip Deck,23
2016-01-12,Team Golf Pittsburgh Steelers Putter Grip,2
2016-01-12,Team Golf San Francisco Giants Putter Grip,4
2016-01-12,Team Golf Texas Longhorns Putter Grip,1
2016-01-12,Under Armour Girls' Toddler Spine Surge Runni,29
2016-01-12,Under Armour Hustle Storm Medium Duffle Bag,1
2016-01-12,adidas Kids' F5 Messi FG Soccer Cleat,7
2016-01-13,Diamondback Women's Serene Classic Comfort Bi,7
2016-01-13,Field & Stream Sportsman 16 Gun Fire Safe,6
2016-01-13,Glove It Women's Imperial Golf Glove,1
2016-01-13,Hirzl Women's Soffft Flex Golf Glove,4
2016-01-13,LIJA Women's Eyelet Sleeveless Golf Polo,5
2016-01-13,Nike Men's CJ Elite 2 TD Football Cleat,7
2016-01-13,Nike Men's Dri-FIT Victory Golf Polo,17
2016-01-13,Nike Men's Free 5.0+ Running Shoe,10
2016-01-13,O'Brien Men's Neoprene Life Vest,6
2016-01-13,Pelican Sunstream 100 Kayak,5
2016-01-13,Perfect Fitness Perfect Rip Deck,10
2016-01-13,Team Golf New England Patriots Putter Grip,5
2016-01-13,Under Armour Girls' Toddler Spine Surge Runni,5
2016-01-13,Under Armour Women's Ignite PIP VI Slide,5
2016-01-14,Diamondback Women's Serene Classic Comfort Bi,7
2016-01-14,Field & Stream Sportsman 16 Gun Fire Safe,8
2016-01-14,Glove It Women's Imperial Golf Glove,1
2016-01-14,Hirzl Women's Soffft Flex Golf Glove,3
2016-01-14,Nike Dri-FIT Crew Sock 6 Pack,4
2016-01-14,Nike Men's CJ Elite 2 TD Football Cleat,11
2016-01-14,Nike Men's Dri-FIT Victory Golf Polo,45
2016-01-14,Nike Men's Free 5.0+ Running Shoe,37
2016-01-14,O'Brien Men's Neoprene Life Vest,14
2016-01-14,Pelican Sunstream 100 Kayak,7
2016-01-14,Perfect Fitness Perfect Rip Deck,43
2016-01-14,Team Golf St. Louis Cardinals Putter Grip,3
2016-01-14,Under Armour Girls' Toddler Spine Surge Runni,10
2016-01-14,Under Armour Hustle Storm Medium Duffle Bag,4
2016-01-14,Under Armour Women's Ignite PIP VI Slide,4
2016-01-14,Under Armour Women's Micro G Skulpt Running S,5
2016-01-14,adidas Men's Germany Black Crest Away Tee,1
2016-01-15,Bag Boy Beverage Holder,3
2016-01-15,Diamondback Women's Serene Classic Comfort Bi,6
2016-01-15,Field & Stream Sportsman 16 Gun Fire Safe,6
2016-01-15,Hirzl Men's Hybrid Golf Glove,4
2016-01-15,Hirzl Women's Soffft Flex Golf Glove,3
2016-01-15,Nike Dri-FIT Crew Sock 6 Pack,5
2016-01-15,Nike Men's CJ Elite 2 TD Football Cleat,7
2016-01-15,Nike Men's Dri-FIT Victory Golf Polo,13
2016-01-15,O'Brien Men's Neoprene Life Vest,28
2016-01-15,Pelican Sunstream 100 Kayak,6
2016-01-15,Perfect Fitness Perfect Rip Deck,18
2016-01-15,Team Golf San Francisco Giants Putter Grip,4
2016-01-15,Under Armour Girls' Toddler Spine Surge Runni,11
2016-01-16,Bridgestone e6 Straight Distance NFL San Dieg,3
2016-01-16,Clicgear Rovic Cooler Bag,6
2016-01-16,Diamondback Women's Serene Classic Comfort Bi,9
2016-01-16,Field & Stream Sportsman 16 Gun Fire Safe,13
2016-01-16,Glove It Imperial Golf Towel,1
2016-01-16,Nike Men's CJ Elite 2 TD Football Cleat,15
2016-01-16,Nike Men's Dri-FIT Victory Golf Polo,30
2016-01-16,Nike Men's Free 5.0+ Running Shoe,26
2016-01-16,O'Brien Men's Neoprene Life Vest,29
2016-01-16,Pelican Sunstream 100 Kayak,13
2016-01-16,Perfect Fitness Perfect Rip Deck,71
2016-01-16,Team Golf St. Louis Cardinals Putter Grip,1
2016-01-16,Titleist Pro V1x High Numbers Personalized Go,4
2016-01-16,Under Armour Girls' Toddler Spine Surge Runni,28
2016-01-16,Under Armour Men's Compression EV SL Slide,5
2016-01-17,Diamondback Women's Serene Classic Comfort Bi,5
2016-01-17,Field & Stream Sportsman 16 Gun Fire Safe,2
2016-01-17,Hirzl Men's Hybrid Golf Glove,1
2016-01-17,Nike Dri-FIT Crew Sock 6 Pack,4
2016-01-17,Nike Men's CJ Elite 2 TD Football Cleat,1
2016-01-17,Nike Men's Comfort 2 Slide,1
2016-01-17,Nike Men's Dri-FIT Victory Golf Polo,22
2016-01-17,Nike Men's Free 5.0+ Running Shoe,14
2016-01-17,O'Brien Men's Neoprene Life Vest,30
2016-01-17,Pelican Sunstream 100 Kayak,4
2016-01-17,Perfect Fitness Perfect Rip Deck,25
2016-01-17,Under Armour Girls' Toddler Spine Surge Runni,5
2016-01-17,Under Armour Women's Ignite Slide,4
2016-01-18,Bridgestone e6 Straight Distance NFL Carolina,5
2016-01-18,Bridgestone e6 Straight Distance NFL San Dieg,4
2016-01-18,Diamondback Women's Serene Classic Comfort Bi,4
2016-01-18,Field & Stream Sportsman 16 Gun Fire Safe,6
2016-01-18,Glove It Women's Mod Oval Golf Glove,5
2016-01-18,Nike Dri-FIT Crew Sock 6 Pack,5
2016-01-18,Nike Men's CJ Elite 2 TD Football Cleat,12
2016-01-18,Nike Men's Comfort 2 Slide,3
2016-01-18,Nike Men's Dri-FIT Victory Golf Polo,24
2016-01-18,Nike Men's Free 5.0+ Running Shoe,19
2016-01-18,O'Brien Men's Neoprene Life Vest,20
2016-01-18,Pelican Sunstream 100 Kayak,10
2016-01-18,Perfect Fitness Perfect Rip Deck,31
2016-01-18,Top Flite Women's 2014 XL Hybrid,4
2016-01-18,Under Armour Girls' Toddler Spine Surge Runni,1
2016-01-19,Bridgestone e6 Straight Distance NFL Tennesse,4
2016-01-19,Diamondback Women's Serene Classic Comfort Bi,5
2016-01-19,Field & Stream Sportsman 16 Gun Fire Safe,7
2016-01-19,LIJA Women's Eyelet Sleeveless Golf Polo,2
2016-01-19,Nike Men's CJ Elite 2 TD Football Cleat,5
2016-01-19,Nike Men's Deutschland Weltmeister Winners Bl,2
2016-01-19,Nike Men's Dri-FIT Victory Golf Polo,18
2016-01-19,Nike Men's Free 5.0+ Running Shoe,10
2016-01-19,Nike Women's Legend V-Neck T-Shirt,1
2016-01-19,O'Brien Men's Neoprene Life Vest,17
2016-01-19,Pelican Sunstream 100 Kayak,2
2016-01-19,Perfect Fitness Perfect Rip Deck,16
2016-01-19,Team Golf San Francisco Giants Putter Grip,1
2016-01-19,Team Golf Tennessee Volunteers Putter Grip,4
2016-01-19,Under Armour Girls' Toddler Spine Surge Runni,8
2016-01-19,Under Armour Men's Compression EV SL Slide,1
2016-01-19,adidas Men's F10 Messi TRX FG Soccer Cleat,1
2016-01-20,Bridgestone e6 Straight Distance NFL San Dieg,7
2016-01-20,Diamondback Women's Serene Classic Comfort Bi,5
2016-01-20,Field & Stream Sportsman 16 Gun Fire Safe,10
2016-01-20,Glove It Women's Mod Oval 3-Zip Carry All Gol,5
2016-01-20,LIJA Women's Eyelet Sleeveless Golf Polo,1
2016-01-20,Nike Men's CJ Elite 2 TD Football Cleat,17
2016-01-20,Nike Men's Dri-FIT Victory Golf Polo,40
2016-01-20,Nike Men's Free 5.0+ Running Shoe,30
2016-01-20,O'Brien Men's Neoprene Life Vest,13
2016-01-20,Pelican Sunstream 100 Kayak,9
2016-01-20,Perfect Fitness Perfect Rip Deck,40
2016-01-20,Under Armour Girls' Toddler Spine Surge Runni,20
2016-01-21,Diamondback Women's Serene Classic Comfort Bi,6
2016-01-21,ENO Atlas Hammock Straps,5
2016-01-21,Field & Stream Sportsman 16 Gun Fire Safe,10
2016-01-21,Hirzl Women's Hybrid Golf Glove,1
2016-01-21,Hirzl Women's Soffft Flex Golf Glove,1
2016-01-21,Nike Men's CJ Elite 2 TD Football Cleat,5
2016-01-21,Nike Men's Dri-FIT Victory Golf Polo,34
2016-01-21,Nike Men's Free 5.0+ Running Shoe,11
2016-01-21,Nike Women's Tempo Shorts,3
2016-01-21,O'Brien Men's Neoprene Life Vest,9
2016-01-21,Pelican Sunstream 100 Kayak,3
2016-01-21,Perfect Fitness Perfect Rip Deck,52
2016-01-21,Team Golf St. Louis Cardinals Putter Grip,4
2016-01-21,Titleist Pro V1 High Numbers Personalized Gol,3
2016-01-21,Under Armour Girls' Toddler Spine Surge Runni,5
2016-01-21,Under Armour Women's Ignite PIP VI Slide,2
2016-01-21,Under Armour Women's Micro G Skulpt Running S,5
2016-01-21,adidas Men's F10 Messi TRX FG Soccer Cleat,5
2016-01-22,Bag Boy Beverage Holder,2
2016-01-22,Diamondback Women's Serene Classic Comfort Bi,8
2016-01-22,Field & Stream Sportsman 16 Gun Fire Safe,8
2016-01-22,Hirzl Men's Hybrid Golf Glove,5
2016-01-22,Nike Dri-FIT Crew Sock 6 Pack,4
2016-01-22,Nike Men's CJ Elite 2 TD Football Cleat,4
2016-01-22,Nike Men's Dri-FIT Victory Golf Polo,30
2016-01-22,Nike Men's Free 5.0+ Running Shoe,19
2016-01-22,O'Brien Men's Neoprene Life Vest,19
2016-01-22,Pelican Sunstream 100 Kayak,9
2016-01-22,Perfect Fitness Perfect Rip Deck,43
2016-01-22,Team Golf New England Patriots Putter Grip,4
2016-01-22,Under Armour Girls' Toddler Spine Surge Runni,5
2016-01-22,Under Armour Men's Compression EV SL Slide,1
2016-01-22,Under Armour Women's Ignite PIP VI Slide,3
2016-01-22,adidas Kids' F5 Messi FG Soccer Cleat,4
2016-01-23,Clicgear 8.0 Shoe Brush,5
2016-01-23,Clicgear Rovic Cooler Bag,2
2016-01-23,Diamondback Women's Serene Classic Comfort Bi,6
2016-01-23,ENO Atlas Hammock Straps,2
2016-01-23,Field & Stream Sportsman 16 Gun Fire Safe,5
2016-01-23,Glove It Imperial Golf Towel,1
2016-01-23,Glove It Urban Brick Golf Towel,3
2016-01-23,Glove It Women's Mod Oval Golf Glove,1
2016-01-23,Hirzl Men's Hybrid Golf Glove,5
2016-01-23,Nike Dri-FIT Crew Sock 6 Pack,4
2016-01-23,Nike Men's CJ Elite 2 TD Football Cleat,15
2016-01-23,Nike Men's Deutschland Weltmeister Winners Bl,5
2016-01-23,Nike Men's Dri-FIT Victory Golf Polo,38
2016-01-23,Nike Men's Free 5.0+ Running Shoe,6
2016-01-23,O'Brien Men's Neoprene Life Vest,27
2016-01-23,Pelican Sunstream 100 Kayak,3
2016-01-23,Perfect Fitness Perfect Rip Deck,43
2016-01-23,Titleist Pro V1x High Numbers Personalized Go,5
2016-01-23,Under Armour Girls' Toddler Spine Surge Runni,9
2016-01-24,Bridgestone e6 Straight Distance NFL San Dieg,4
2016-01-24,Diamondback Women's Serene Classic Comfort Bi,4
2016-01-24,Field & Stream Sportsman 16 Gun Fire Safe,13
2016-01-24,Glove It Urban Brick Golf Towel,3
2016-01-24,Hirzl Men's Hybrid Golf Glove,1
2016-01-24,LIJA Women's Eyelet Sleeveless Golf Polo,5
2016-01-24,Nike Men's CJ Elite 2 TD Football Cleat,12
2016-01-24,Nike Men's Dri-FIT Victory Golf Polo,38
2016-01-24,Nike Men's Free 5.0+ Running Shoe,17
2016-01-24,O'Brien Men's Neoprene Life Vest,11
2016-01-24,Pelican Sunstream 100 Kayak,4
2016-01-24,Perfect Fitness Perfect Rip Deck,28
2016-01-24,Under Armour Girls' Toddler Spine Surge Runni,8
2016-01-24,adidas Men's F10 Messi TRX FG Soccer Cleat,2
2016-01-25,Bag Boy Beverage Holder,1
2016-01-25,Diamondback Women's Serene Classic Comfort Bi,9
2016-01-25,Field & Stream Sportsman 16 Gun Fire Safe,2
2016-01-25,Glove It Urban Brick Golf Towel,7
2016-01-25,Glove It Women's Imperial Golf Glove,3
2016-01-25,Glove It Women's Mod Oval Golf Glove,5
2016-01-25,Hirzl Men's Hybrid Golf Glove,2
2016-01-25,Nike Men's CJ Elite 2 TD Football Cleat,9
2016-01-25,Nike Men's Deutschland Weltmeister Winners Bl,2
2016-01-25,Nike Men's Dri-FIT Victory Golf Polo,10
2016-01-25,Nike Men's Free 5.0+ Running Shoe,12
2016-01-25,O'Brien Men's Neoprene Life Vest,33
2016-01-25,Pelican Sunstream 100 Kayak,7
2016-01-25,Perfect Fitness Perfect Rip Deck,22
2016-01-25,Team Golf San Francisco Giants Putter Grip,1
2016-01-25,Under Armour Girls' Toddler Spine Surge Runni,23
2016-01-26,Bridgestone e6 Straight Distance NFL Tennesse,3
2016-01-26,Diamondback Women's Serene Classic Comfort Bi,7
2016-01-26,Field & Stream Sportsman 16 Gun Fire Safe,12
2016-01-26,Glove It Women's Mod Oval 3-Zip Carry All Gol,5
2016-01-26,Glove It Women's Mod Oval Golf Glove,3
2016-01-26,Nike Men's CJ Elite 2 TD Football Cleat,12
2016-01-26,Nike Men's Dri-FIT Victory Golf Polo,31
2016-01-26,Nike Men's Free 5.0+ Running Shoe,19
2016-01-26,O'Brien Men's Neoprene Life Vest,32
2016-01-26,Pelican Sunstream 100 Kayak,6
2016-01-26,Perfect Fitness Perfect Rip Deck,30
2016-01-26,TYR Boys' Team Digi Jammer,1
2016-01-26,Team Golf St. Louis Cardinals Putter Grip,6
2016-01-26,Team Golf Texas Longhorns Putter Grip,2
2016-01-26,Titleist Pro V1 High Numbers Personalized Gol,3
2016-01-26,Titleist Pro V1x High Numbers Golf Balls,9
2016-01-26,Under Armour Girls' Toddler Spine Surge Runni,8
2016-01-26,Under Armour Hustle Storm Medium Duffle Bag,2
2016-01-26,Under Armour Women's Ignite PIP VI Slide,3
2016-01-26,Under Armour Women's Micro G Skulpt Running S,5
2016-01-27,Diamondback Women's Serene Classic Comfort Bi,8
2016-01-27,ENO Atlas Hammock Straps,5
2016-01-27,Field & Stream Sportsman 16 Gun Fire Safe,6
2016-01-27,Glove It Women's Imperial Golf Glove,4
2016-01-27,Nike Men's CJ Elite 2 TD Football Cleat,13
2016-01-27,Nike Men's Dri-FIT Victory Golf Polo,38
2016-01-27,Nike Men's Free 5.0+ Running Shoe,14
2016-01-27,O'Brien Men's Neoprene Life Vest,26
2016-01-27,Pelican Sunstream 100 Kayak,8
2016-01-27,Perfect Fitness Perfect Rip Deck,37
2016-01-27,Team Golf Texas Longhorns Putter Grip,3
2016-01-27,Under Armour Girls' Toddler Spine Surge Runni,17
2016-01-27,Under Armour Men's Tech II T-Shirt,4
2016-01-27,adidas Youth Germany Black/Red Away Match Soc,3
2016-01-28,Bridgestone e6 Straight Distance NFL Carolina,5
2016-01-28,Diamondback Women's Serene Classic Comfort Bi,3
2016-01-28,Field & Stream Sportsman 16 Gun Fire Safe,3
2016-01-28,Nike Dri-FIT Crew Sock 6 Pack,2
2016-01-28,Nike Men's CJ Elite 2 TD Football Cleat,8
2016-01-28,Nike Men's Dri-FIT Victory Golf Polo,26
2016-01-28,Nike Men's Free 5.0+ Running Shoe,30
2016-01-28,Nike Women's Legend V-Neck T-Shirt,5
2016-01-28,O'Brien Men's Neoprene Life Vest,27
2016-01-28,Pelican Sunstream 100 Kayak,5
2016-01-28,Perfect Fitness Perfect Rip Deck,37
2016-01-28,Team Golf New England Patriots Putter Grip,5
2016-01-28,Team Golf Pittsburgh Steelers Putter Grip,5
2016-01-28,Under Armour Girls' Toddler Spine Surge Runni,5
2016-01-29,Bridgestone e6 Straight Distance NFL San Dieg,3
2016-01-29,Clicgear Rovic Cooler Bag,5
2016-01-29,Diamondback Women's Serene Classic Comfort Bi,3
2016-01-29,Field & Stream Sportsman 16 Gun Fire Safe,7
2016-01-29,Glove It Women's Imperial Golf Glove,2
2016-01-29,Hirzl Women's Hybrid Golf Glove,3
2016-01-29,Nike Men's CJ Elite 2 TD Football Cleat,4
2016-01-29,Nike Men's Dri-FIT Victory Golf Polo,33
2016-01-29,Nike Men's Free 5.0+ Running Shoe,21
2016-01-29,O'Brien Men's Neoprene Life Vest,23
2016-01-29,Pelican Sunstream 100 Kayak,7
2016-01-29,Perfect Fitness Perfect Rip Deck,11
2016-01-29,Under Armour Girls' Toddler Spine Surge Runni,9
2016-01-30,Clicgear Rovic Cooler Bag,5
2016-01-30,Diamondback Women's Serene Classic Comfort Bi,7
2016-01-30,Field & Stream Sportsman 16 Gun Fire Safe,7
2016-01-30,Hirzl Women's Hybrid Golf Glove,4
2016-01-30,Nike Men's CJ Elite 2 TD Football Cleat,12
2016-01-30,Nike Men's Dri-FIT Victory Golf Polo,12
2016-01-30,Nike Men's Free 5.0+ Running Shoe,25
2016-01-30,O'Brien Men's Neoprene Life Vest,14
2016-01-30,Pelican Sunstream 100 Kayak,11
2016-01-30,Perfect Fitness Perfect Rip Deck,22
2016-01-30,Titleist Pro V1x High Numbers Personalized Go,1
2016-01-30,Under Armour Girls' Toddler Spine Surge Runni,16
2016-01-31,Clicgear Rovic Cooler Bag,4
2016-01-31,Diamondback Women's Serene Classic Comfort Bi,8
2016-01-31,Field & Stream Sportsman 16 Gun Fire Safe,3
2016-01-31,Glove It Women's Mod Oval Golf Glove,1
2016-01-31,Hirzl Women's Soffft Flex Golf Glove,4
2016-01-31,Nike Men's CJ Elite 2 TD Football Cleat,11
2016-01-31,Nike Men's Dri-FIT Victory Golf Polo,10
2016-01-31,Nike Men's Free 5.0+ Running Shoe,10
2016-01-31,O'Brien Men's Neoprene Life Vest,16
2016-01-31,Pelican Sunstream 100 Kayak,8
2016-01-31,Perfect Fitness Perfect Rip Deck,18
2016-01-31,Under Armour Girls' Toddler Spine Surge Runni,12
2016-01-31,Under Armour Men's Compression EV SL Slide,5
2016-02-01,Diamondback Women's Serene Classic Comfort Bi,4
2016-02-01,Field & Stream Sportsman 16 Gun Fire Safe,8
2016-02-01,Glove It Imperial Golf Towel,4
2016-02-01,Glove It Urban Brick Golf Towel,1
2016-02-01,LIJA Women's Eyelet Sleeveless Golf Polo,4
2016-02-01,Nike Men's CJ Elite 2 TD Football Cleat,15
2016-02-01,Nike Men's Dri-FIT Victory Golf Polo,15
2016-02-01,Nike Men's Free 5.0+ Running Shoe,8
2016-02-01,O'Brien Men's Neoprene Life Vest,9
2016-02-01,Pelican Sunstream 100 Kayak,8
2016-02-01,Perfect Fitness Perfect Rip Deck,30
2016-02-01,Top Flite Women's 2014 XL Hybrid,4
2016-02-01,Under Armour Girls' Toddler Spine Surge Runni,10
2016-02-01,adidas Men's Germany Black Crest Away Tee,5
2016-02-02,Bridgestone e6 Straight Distance NFL Tennesse,3
2016-02-02,Diamondback Women's Serene Classic Comfort Bi,9
2016-02-02,Field & Stream Sportsman 16 Gun Fire Safe,6
2016-02-02,Glove It Imperial Golf Towel,1
2016-02-02,Glove It Women's Imperial Golf Glove,2
2016-02-02,Hirzl Women's Soffft Flex Golf Glove,1
2016-02-02,Nike Men's CJ Elite 2 TD Football Cleat,7
2016-02-02,Nike Men's Dri-FIT Victory Golf Polo,21
2016-02-02,Nike Men's Free 5.0+ Running Shoe,11
2016-02-02,Nike Women's Tempo Shorts,1
2016-02-02,O'Brien Men's Neoprene Life Vest,48
2016-02-02,Pelican Sunstream 100 Kayak,8
2016-02-02,Perfect Fitness Perfect Rip Deck,28
2016-02-02,Team Golf New England Patriots Putter Grip,1
2016-02-02,Under Armour Girls' Toddler Spine Surge Runni,24
2016-02-03,Bag Boy Beverage Holder,2
2016-02-03,Bridgestone e6 Straight Distance NFL Tennesse,4
2016-02-03,Diamondback Women's Serene Classic Comfort Bi,11
2016-02-03,Field & Stream Sportsman 16 Gun Fire Safe,7
2016-02-03,Glove It Women's Mod Oval Golf Glove,2
2016-02-03,Nike Men's CJ Elite 2 TD Football Cleat,9
2016-02-03,Nike Men's Dri-FIT Victory Golf Polo,34
2016-02-03,Nike Men's Free 5.0+ Running Shoe,6
2016-02-03,O'Brien Men's Neoprene Life Vest,28
2016-02-03,Pelican Sunstream 100 Kayak,7
2016-02-03,Perfect Fitness Perfect Rip Deck,38
2016-02-03,Titleist Pro V1x Golf Balls,5
2016-02-03,Under Armour Girls' Toddler Spine Surge Runni,17
2016-02-03,Under Armour Men's Tech II T-Shirt,3
2016-02-03,adidas Youth Germany Black/Red Away Match Soc,5
2016-02-04,Diamondback Women's Serene Classic Comfort Bi,9
2016-02-04,Field & Stream Sportsman 16 Gun Fire Safe,11
2016-02-04,Hirzl Women's Hybrid Golf Glove,3
2016-02-04,Nike Men's CJ Elite 2 TD Football Cleat,14
2016-02-04,Nike Men's Dri-FIT Victory Golf Polo,31
2016-02-04,Nike Men's Free 5.0+ Running Shoe,30
2016-02-04,O'Brien Men's Neoprene Life Vest,29
2016-02-04,Pelican Sunstream 100 Kayak,7
2016-02-04,Perfect Fitness Perfect Rip Deck,28
2016-02-04,Team Golf San Francisco Giants Putter Grip,3
2016-02-04,Titleist Pro V1x High Numbers Personalized Go,5
2016-02-04,Under Armour Girls' Toddler Spine Surge Runni,5
2016-02-05,Diamondback Women's Serene Classic Comfort Bi,4
2016-02-05,Field & Stream Sportsman 16 Gun Fire Safe,7
2016-02-05,Glove It Women's Mod Oval 3-Zip Carry All Gol,1
2016-02-05,Hirzl Women's Hybrid Golf Glove,2
2016-02-05,Nike Men's CJ Elite 2 TD Football Cleat,8
2016-02-05,Nike Men's Dri-FIT Victory Golf Polo,15
2016-02-05,Nike Men's Free 5.0+ Running Shoe,27
2016-02-05,Nike Women's Tempo Shorts,3
2016-02-05,O'Brien Men's Neoprene Life Vest,28
2016-02-05,Pelican Sunstream 100 Kayak,7
2016-02-05,Perfect Fitness Perfect Rip Deck,19
2016-02-05,Titleist Pro V1 High Numbers Personalized Gol,1
2016-02-05,Top Flite Women's 2014 XL Hybrid,3
2016-02-05,Under Armour Girls' Toddler Spine Surge Runni,12
2016-02-06,Bridgestone e6 Straight Distance NFL Tennesse,5
2016-02-06,Diamondback Women's Serene Classic Comfort Bi,3
2016-02-06,Field & Stream Sportsman 16 Gun Fire Safe,4
2016-02-06,Glove It Women's Mod Oval Golf Glove,2
2016-02-06,Hirzl Women's Soffft Flex Golf Glove,3
2016-02-06,Nike Men's CJ Elite 2 TD Football Cleat,11
2016-02-06,Nike Men's Dri-FIT Victory Golf Polo,17
2016-02-06,Nike Men's Free 5.0+ Running Shoe,2
2016-02-06,O'Brien Men's Neoprene Life Vest,19
2016-02-06,Pelican Sunstream 100 Kayak,1
2016-02-06,Perfect Fitness Perfect Rip Deck,12
2016-02-06,Team Golf Tennessee Volunteers Putter Grip,5
2016-02-06,Under Armour Girls' Toddler Spine Surge Runni,2
2016-02-06,adidas Youth Germany Black/Red Away Match Soc,2
2016-02-07,Bag Boy Beverage Holder,3
2016-02-07,Diamondback Women's Serene Classic Comfort Bi,5
2016-02-07,ENO Atlas Hammock Straps,3
2016-02-07,Field & Stream Sportsman 16 Gun Fire Safe,8
2016-02-07,Glove It Women's Imperial Golf Glove,5
2016-02-07,Nike Men's CJ Elite 2 TD Football Cleat,13
2016-02-07,Nike Men's Dri-FIT Victory Golf Polo,33
2016-02-07,Nike Men's Free 5.0+ Running Shoe,6
2016-02-07,O'Brien Men's Neoprene Life Vest,22
2016-02-07,Pelican Sunstream 100 Kayak,3
2016-02-07,Perfect Fitness Perfect Rip Deck,35
2016-02-07,Titleist Pro V1x Golf Balls,4
2016-02-07,Titleist Pro V1x High Numbers Personalized Go,1
2016-02-07,Under Armour Girls' Toddler Spine Surge Runni,7
2016-02-07,Under Armour Hustle Storm Medium Duffle Bag,1
2016-02-07,Under Armour Men's Compression EV SL Slide,2
2016-02-08,Diamondback Women's Serene Classic Comfort Bi,3
2016-02-08,Field & Stream Sportsman 16 Gun Fire Safe,9
2016-02-08,LIJA Women's Eyelet Sleeveless Golf Polo,5
2016-02-08,Nike Men's CJ Elite 2 TD Football Cleat,10
2016-02-08,Nike Men's Deutschland Weltmeister Winners Bl,4
2016-02-08,Nike Men's Dri-FIT Victory Golf Polo,11
2016-02-08,Nike Men's Free 5.0+ Running Shoe,13
2016-02-08,O'Brien Men's Neoprene Life Vest,34
2016-02-08,Pelican Sunstream 100 Kayak,9
2016-02-08,Perfect Fitness Perfect Rip Deck,28
2016-02-08,Team Golf New England Patriots Putter Grip,3
2016-02-08,Team Golf Pittsburgh Steelers Putter Grip,5
2016-02-08,Titleist Pro V1x High Numbers Golf Balls,3
2016-02-08,Under Armour Girls' Toddler Spine Surge Runni,22
2016-02-08,Under Armour Men's Tech II T-Shirt,5
2016-02-08,Under Armour Women's Ignite PIP VI Slide,1
2016-02-08,adidas Men's F10 Messi TRX FG Soccer Cleat,3
2016-02-09,Diamondback Women's Serene Classic Comfort Bi,5
2016-02-09,Field & Stream Sportsman 16 Gun Fire Safe,10
2016-02-09,Glove It Women's Imperial Golf Glove,4
2016-02-09,Glove It Women's Mod Oval 3-Zip Carry All Gol,4
2016-02-09,Nike Men's CJ Elite 2 TD Football Cleat,7
2016-02-09,Nike Men's Dri-FIT Victory Golf Polo,24
2016-02-09,Nike Men's Free 5.0+ Running Shoe,8
2016-02-09,O'Brien Men's Neoprene Life Vest,25
2016-02-09,Pelican Sunstream 100 Kayak,6
2016-02-09,Perfect Fitness Perfect Rip Deck,27
2016-02-09,Team Golf Tennessee Volunteers Putter Grip,5
2016-02-09,Under Armour Girls' Toddler Spine Surge Runni,9
2016-02-09,adidas Youth Germany Black/Red Away Match Soc,5
2016-02-10,Diamondback Women's Serene Classic Comfort Bi,4
2016-02-10,Field & Stream Sportsman 16 Gun Fire Safe,8
2016-02-10,Glove It Imperial Golf Towel,3
2016-02-10,Glove It Women's Imperial Golf Glove,5
2016-02-10,Hirzl Women's Soffft Flex Golf Glove,2
2016-02-10,Nike Men's CJ Elite 2 TD Football Cleat,9
2016-02-10,Nike Men's Dri-FIT Victory Golf Polo,35
2016-02-10,Nike Men's Free 5.0+ Running Shoe,22
2016-02-10,O'Brien Men's Neoprene Life Vest,32
2016-02-10,Pelican Sunstream 100 Kayak,7
2016-02-10,Perfect Fitness Perfect Rip Deck,17
2016-02-10,Under Armour Girls' Toddler Spine Surge Runni,15
2016-02-10,Under Armour Women's Micro G Skulpt Running S,5
2016-02-10,adidas Men's F10 Messi TRX FG Soccer Cleat,4
2016-02-11,Clicgear 8.0 Shoe Brush,2
2016-02-11,Clicgear Rovic Cooler Bag,5
2016-02-11,Diamondback Women's Serene Classic Comfort Bi,5
2016-02-11,Field & Stream Sportsman 16 Gun Fire Safe,6
2016-02-11,Glove It Imperial Golf Towel,3
2016-02-11,Nike Dri-FIT Crew Sock 6 Pack,5
2016-02-11,Nike Men's CJ Elite 2 TD Football Cleat,8
2016-02-11,Nike Men's Dri-FIT Victory Golf Polo,20
2016-02-11,Nike Men's Free 5.0+ Running Shoe,14
2016-02-11,O'Brien Men's Neoprene Life Vest,32
2016-02-11,Pelican Sunstream 100 Kayak,3
2016-02-11,Perfect Fitness Perfect Rip Deck,27
2016-02-11,Under Armour Girls' Toddler Spine Surge Runni,8
2016-02-11,Under Armour Kids' Mercenary Slide,4
2016-02-12,Clicgear Rovic Cooler Bag,1
2016-02-12,Diamondback Women's Serene Classic Comfort Bi,8
2016-02-12,Field & Stream Sportsman 16 Gun Fire Safe,5
2016-02-12,Glove It Women's Mod Oval Golf Glove,5
2016-02-12,Nike Men's CJ Elite 2 TD Football Cleat,9
2016-02-12,Nike Men's Dri-FIT Victory Golf Polo,22
2016-02-12,Nike Men's Free 5.0+ Running Shoe,8
2016-02-12,O'Brien Men's Neoprene Life Vest,21
2016-02-12,Pelican Sunstream 100 Kayak,6
2016-02-12,Perfect Fitness Perfect Rip Deck,28
2016-02-12,Titleist Pro V1x High Numbers Personalized Go,2
2016-02-12,Under Armour Girls' Toddler Spine Surge Runni,7
2016-02-12,Under Armour Women's Ignite Slide,2
2016-02-12,Under Armour Women's Micro G Skulpt Running S,4
2016-02-12,adidas Men's Germany Black Crest Away Tee,4
2016-02-13,Clicgear Rovic Cooler Bag,5
2016-02-13,Diamondback Women's Serene Classic Comfort Bi,3
2016-02-13,ENO Atlas Hammock Straps,1
2016-02-13,Field & Stream Sportsman 16 Gun Fire Safe,7
2016-02-13,Glove It Women's Mod Oval Golf Glove,3
2016-02-13,Nike Dri-FIT Crew Sock 6 Pack,1
2016-02-13,Nike Men's CJ Elite 2 TD Football Cleat,6
2016-02-13,Nike Men's Dri-FIT Victory Golf Polo,28
2016-02-13,Nike Men's Free 5.0+ Running Shoe,17
2016-02-13,O'Brien Men's Neoprene Life Vest,42
2016-02-13,Pelican Sunstream 100 Kayak,8
2016-02-13,Perfect Fitness Perfect Rip Deck,23
2016-02-13,Team Golf New England Patriots Putter Grip,3
2016-02-13,Team Golf St. Louis Cardinals Putter Grip,3
2016-02-13,Under Armour Girls' Toddler Spine Surge Runni,11
2016-02-13,Under Armour Women's Micro G Skulpt Running S,4
2016-02-13,adidas Kids' F5 Messi FG Soccer Cleat,3
2016-02-13,adidas Youth Germany Black/Red Away Match Soc,3
2016-02-14,Columbia Men's PFG Anchor Tough T-Shirt,3
2016-02-14,Diamondback Women's Serene Classic Comfort Bi,4
2016-02-14,Field & Stream Sportsman 16 Gun Fire Safe,4
2016-02-14,Glove It Urban Brick Golf Towel,1
2016-02-14,Hirzl Women's Hybrid Golf Glove,3
2016-02-14,Hirzl Women's Soffft Flex Golf Glove,1
2016-02-14,Nike Men's CJ Elite 2 TD Football Cleat,3
2016-02-14,Nike Men's Dri-FIT Victory Golf Polo,27
2016-02-14,Nike Men's Free 5.0+ Running Shoe,9
2016-02-14,O'Brien Men's Neoprene Life Vest,13
2016-02-14,Pelican Sunstream 100 Kayak,6
2016-02-14,Perfect Fitness Perfect Rip Deck,19
2016-02-14,Team Golf St. Louis Cardinals Putter Grip,4
2016-02-14,Under Armour Girls' Toddler Spine Surge Runni,5
2016-02-14,Under Armour Kids' Mercenary Slide,6
2016-02-14,Under Armour Women's Ignite PIP VI Slide,5
2016-02-14,adidas Youth Germany Black/Red Away Match Soc,3
2016-02-15,Diamondback Women's Serene Classic Comfort Bi,3
2016-02-15,Field & Stream Sportsman 16 Gun Fire Safe,6
2016-02-15,Glove It Urban Brick Golf Towel,5
2016-02-15,LIJA Women's Eyelet Sleeveless Golf Polo,5
2016-02-15,Nike Men's CJ Elite 2 TD Football Cleat,9
2016-02-15,Nike Men's Dri-FIT Victory Golf Polo,19
2016-02-15,Nike Men's Free 5.0+ Running Shoe,5
2016-02-15,O'Brien Men's Neoprene Life Vest,29
2016-02-15,Pelican Sunstream 100 Kayak,8
2016-02-15,Perfect Fitness Perfect Rip Deck,32
2016-02-15,Team Golf New England Patriots Putter Grip,1
2016-02-15,Titleist Pro V1x Golf Balls,3
2016-02-15,Under Armour Girls' Toddler Spine Surge Runni,4
2016-02-15,adidas Men's F10 Messi TRX FG Soccer Cleat,2
2016-02-16,Clicgear Rovic Cooler Bag,2
2016-02-16,Diamondback Women's Serene Classic Comfort Bi,6
2016-02-16,ENO Atlas Hammock Straps,5
2016-02-16,Field & Stream Sportsman 16 Gun Fire Safe,5
2016-02-16,Nike Dri-FIT Crew Sock 6 Pack,4
2016-02-16,Nike Men's CJ Elite 2 TD Football Cleat,11
2016-02-16,Nike Men's Comfort 2 Slide,2
2016-02-16,Nike Men's Dri-FIT Victory Golf Polo,4
2016-02-16,Nike Men's Free 5.0+ Running Shoe,28
2016-02-16,O'Brien Men's Neoprene Life Vest,30
2016-02-16,Pelican Sunstream 100 Kayak,6
2016-02-16,Perfect Fitness Perfect Rip Deck,46
2016-02-16,Team Golf San Francisco Giants Putter Grip,3
2016-02-16,Team Golf Tennessee Volunteers Putter Grip,1
2016-02-16,Titleist Pro V1x High Numbers Golf Balls,2
2016-02-16,Under Armour Girls' Toddler Spine Surge Runni,5
2016-02-16,Under Armour Women's Ignite PIP VI Slide,3
2016-02-16,Under Armour Women's Micro G Skulpt Running S,5
2016-02-16,adidas Youth Germany Black/Red Away Match Soc,5
2016-02-17,Bridgestone e6 Straight Distance NFL San Dieg,4
2016-02-17,Diamondback Women's Serene Classic Comfort Bi,3
2016-02-17,Field & Stream Sportsman 16 Gun Fire Safe,6
2016-02-17,Glove It Urban Brick Golf Towel,2
2016-02-17,Nike Men's CJ Elite 2 TD Football Cleat,8
2016-02-17,Nike Men's Dri-FIT Victory Golf Polo,13
2016-02-17,Nike Men's Free 5.0+ Running Shoe,11
2016-02-17,O'Brien Men's Neoprene Life Vest,46
2016-02-17,Pelican Sunstream 100 Kayak,7
2016-02-17,Perfect Fitness Perfect Rip Deck,26
2016-02-17,Under Armour Girls' Toddler Spine Surge Runni,9
2016-02-17,adidas Men's F10 Messi TRX FG Soccer Cleat,5
2016-02-17,adidas Youth Germany Black/Red Away Match Soc,3
2016-02-18,Diamondback Women's Serene Classic Comfort Bi,5
2016-02-18,ENO Atlas Hammock Straps,1
2016-02-18,Field & Stream Sportsman 16 Gun Fire Safe,8
2016-02-18,Nike Men's CJ Elite 2 TD Football Cleat,11
2016-02-18,Nike Men's Dri-FIT Victory Golf Polo,34
2016-02-18,Nike Men's Free 5.0+ Running Shoe,26
2016-02-18,O'Brien Men's Neoprene Life Vest,42
2016-02-18,Pelican Sunstream 100 Kayak,4
2016-02-18,Perfect Fitness Perfect Rip Deck,37
2016-02-18,Team Golf Pittsburgh Steelers Putter Grip,5
2016-02-18,Titleist Pro V1x High Numbers Personalized Go,3
2016-02-18,Under Armour Girls' Toddler Spine Surge Runni,9
2016-02-19,Diamondback Women's Serene Classic Comfort Bi,6
2016-02-19,Field & Stream Sportsman 16 Gun Fire Safe,8
2016-02-19,LIJA Women's Eyelet Sleeveless Golf Polo,5
2016-02-19,Nike Men's CJ Elite 2 TD Football Cleat,9
2016-02-19,Nike Men's Comfort 2 Slide,2
2016-02-19,Nike Men's Deutschland Weltmeister Winners Bl,3
2016-02-19,Nike Men's Dri-FIT Victory Golf Polo,27
2016-02-19,Nike Men's Free 5.0+ Running Shoe,26
2016-02-19,O'Brien Men's Neoprene Life Vest,31
2016-02-19,Pelican Sunstream 100 Kayak,8
2016-02-19,Perfect Fitness Perfect Rip Deck,45
2016-02-19,Under Armour Girls' Toddler Spine Surge Runni,15
2016-02-19,adidas Men's F10 Messi TRX FG Soccer Cleat,3
2016-02-19,adidas Youth Germany Black/Red Away Match Soc,4
2016-02-20,Bridgestone e6 Straight Distance NFL San Dieg,3
2016-02-20,Columbia Men's PFG Anchor Tough T-Shirt,1
2016-02-20,Diamondback Women's Serene Classic Comfort Bi,8
2016-02-20,ENO Atlas Hammock Straps,3
2016-02-20,Field & Stream Sportsman 16 Gun Fire Safe,8
2016-02-20,Glove It Women's Mod Oval 3-Zip Carry All Gol,4
2016-02-20,Glove It Women's Mod Oval Golf Glove,1
2016-02-20,Hirzl Women's Hybrid Golf Glove,5
2016-02-20,Nike Men's CJ Elite 2 TD Football Cleat,9
2016-02-20,Nike Men's Dri-FIT Victory Golf Polo,35
2016-02-20,Nike Men's Free 5.0+ Running Shoe,9
2016-02-20,Nike Women's Tempo Shorts,7
2016-02-20,O'Brien Men's Neoprene Life Vest,22
2016-02-20,Pelican Sunstream 100 Kayak,7
2016-02-20,Perfect Fitness Perfect Rip Deck,19
2016-02-20,Team Golf San Francisco Giants Putter Grip,4
2016-02-20,Titleist Pro V1 High Numbers Personalized Gol,3
2016-02-20,Titleist Pro V1x Golf Balls,2
2016-02-20,Under Armour Girls' Toddler Spine Surge Runni,5
2016-02-20,Under Armour Kids' Mercenary Slide,2
2016-02-20,adidas Kids' F5 Messi FG Soccer Cleat,4
2016-02-20,adidas Men's Germany Black Crest Away Tee,2
2016-02-21,Diamondback Women's Serene Classic Comfort Bi,2
2016-02-21,Field & Stream Sportsman 16 Gun Fire Safe,10
2016-02-21,Glove It Women's Mod Oval Golf Glove,4
2016-02-21,Nike Men's CJ Elite 2 TD Football Cleat,8
2016-02-21,Nike Men's Dri-FIT Victory Golf Polo,42
2016-02-21,Nike Men's Free 5.0+ Running Shoe,13
2016-02-21,O'Brien Men's Neoprene Life Vest,29
2016-02-21,Pelican Sunstream 100 Kayak,8
2016-02-21,Perfect Fitness Perfect Rip Deck,23
2016-02-21,Top Flite Women's 2014 XL Hybrid,2
2016-02-21,Under Armour Girls' Toddler Spine Surge Runni,10
2016-02-21,Under Armour Kids' Mercenary Slide,4
2016-02-21,Under Armour Women's Ignite Slide,5
2016-02-22,Bridgestone e6 Straight Distance NFL Carolina,3
2016-02-22,Clicgear Rovic Cooler Bag,1
2016-02-22,Diamondback Women's Serene Classic Comfort Bi,9
2016-02-22,Field & Stream Sportsman 16 Gun Fire Safe,7
2016-02-22,Glove It Urban Brick Golf Towel,3
2016-02-22,Hirzl Men's Hybrid Golf Glove,5
2016-02-22,Nike Men's CJ Elite 2 TD Football Cleat,10
2016-02-22,Nike Men's Dri-FIT Victory Golf Polo,22
2016-02-22,Nike Men's Free 5.0+ Running Shoe,21
2016-02-22,O'Brien Men's Neoprene Life Vest,28
2016-02-22,Pelican Sunstream 100 Kayak,6
2016-02-22,Perfect Fitness Perfect Rip Deck,35
2016-02-22,Team Golf Pittsburgh Steelers Putter Grip,2
2016-02-22,Team Golf Texas Longhorns Putter Grip,3
2016-02-22,Titleist Pro V1x High Numbers Golf Balls,2
2016-02-22,Under Armour Girls' Toddler Spine Surge Runni,10
2016-02-22,Under Armour Hustle Storm Medium Duffle Bag,5
2016-02-22,Under Armour Kids' Mercenary Slide,3
2016-02-22,Under Armour Men's Compression EV SL Slide,1
2016-02-23,Bridgestone e6 Straight Distance NFL Carolina,4
2016-02-23,Diamondback Women's Serene Classic Comfort Bi,7
2016-02-23,Field & Stream Sportsman 16 Gun Fire Safe,4
2016-02-23,Hirzl Women's Soffft Flex Golf Glove,3
2016-02-23,Nike Men's CJ Elite 2 TD Football Cleat,9
2016-02-23,Nike Men's Dri-FIT Victory Golf Polo,31
2016-02-23,Nike Men's Free 5.0+ Running Shoe,11
2016-02-23,O'Brien Men's Neoprene Life Vest,18
2016-02-23,Pelican Sunstream 100 Kayak,13
2016-02-23,Perfect Fitness Perfect Rip Deck,39
2016-02-23,TYR Boys' Team Digi Jammer,2
2016-02-23,Team Golf St. Louis Cardinals Putter Grip,5
2016-02-23,Team Golf Tennessee Volunteers Putter Grip,5
2016-02-23,Titleist Pro V1x Golf Balls,5
2016-02-23,Titleist Pro V1x High Numbers Golf Balls,4
2016-02-23,Under Armour Girls' Toddler Spine Surge Runni,7
2016-02-23,adidas Youth Germany Black/Red Away Match Soc,2
2016-02-24,Bridgestone e6 Straight Distance NFL Carolina,4
2016-02-24,Bridgestone e6 Straight Distance NFL Tennesse,3
2016-02-24,Diamondback Women's Serene Classic Comfort Bi,5
2016-02-24,Field & Stream Sportsman 16 Gun Fire Safe,8
2016-02-24,Glove It Women's Imperial Golf Glove,5
2016-02-24,Nike Men's CJ Elite 2 TD Football Cleat,9
2016-02-24,Nike Men's Deutschland Weltmeister Winners Bl,1
2016-02-24,Nike Men's Dri-FIT Victory Golf Polo,40
2016-02-24,Nike Men's Free 5.0+ Running Shoe,17
2016-02-24,O'Brien Men's Neoprene Life Vest,28
2016-02-24,Pelican Sunstream 100 Kayak,4
2016-02-24,Perfect Fitness Perfect Rip Deck,20
2016-02-24,Team Golf New England Patriots Putter Grip,3
2016-02-24,Team Golf St. Louis Cardinals Putter Grip,5
2016-02-24,Team Golf Texas Longhorns Putter Grip,1
2016-02-24,Titleist Pro V1x Golf Balls,1
2016-02-24,Top Flite Women's 2014 XL Hybrid,3
2016-02-24,Under Armour Girls' Toddler Spine Surge Runni,22
2016-02-25,Bridgestone e6 Straight Distance NFL San Dieg,1
2016-02-25,Diamondback Women's Serene Classic Comfort Bi,6
2016-02-25,Field & Stream Sportsman 16 Gun Fire Safe,7
2016-02-25,Nike Men's CJ Elite 2 TD Football Cleat,12
2016-02-25,Nike Men's Dri-FIT Victory Golf Polo,10
2016-02-25,Nike Men's Free 5.0+ Running Shoe,16
2016-02-25,O'Brien Men's Neoprene Life Vest,27
2016-02-25,Pelican Sunstream 100 Kayak,7
2016-02-25,Perfect Fitness Perfect Rip Deck,25
2016-02-25,Team Golf San Francisco Giants Putter Grip,3
2016-02-25,Titleist Pro V1 High Numbers Personalized Gol,3
2016-02-25,Under Armour Girls' Toddler Spine Surge Runni,4
2016-02-26,Diamondback Women's Serene Classic Comfort Bi,4
2016-02-26,Field & Stream Sportsman 16 Gun Fire Safe,7
2016-02-26,Glove It Imperial Golf Towel,3
2016-02-26,Glove It Women's Mod Oval 3-Zip Carry All Gol,3
2016-02-26,LIJA Women's Eyelet Sleeveless Golf Polo,2
2016-02-26,Nike Men's CJ Elite 2 TD Football Cleat,9
2016-02-26,Nike Men's Dri-FIT Victory Golf Polo,33
2016-02-26,Nike Men's Free 5.0+ Running Shoe,19
2016-02-26,O'Brien Men's Neoprene Life Vest,33
2016-02-26,Pelican Sunstream 100 Kayak,4
2016-02-26,Perfect Fitness Perfect Rip Deck,41
2016-02-26,Under Armour Girls' Toddler Spine Surge Runni,22
2016-02-26,Under Armour Women's Micro G Skulpt Running S,2
2016-02-27,Clicgear Rovic Cooler Bag,3
2016-02-27,Diamondback Women's Serene Classic Comfort Bi,7
2016-02-27,Field & Stream Sportsman 16 Gun Fire Safe,12
2016-02-27,Hirzl Women's Soffft Flex Golf Glove,3
2016-02-27,Nike Men's CJ Elite 2 TD Football Cleat,13
2016-02-27,Nike Men's Dri-FIT Victory Golf Polo,12
2016-02-27,Nike Men's Free 5.0+ Running Shoe,5
2016-02-27,O'Brien Men's Neoprene Life Vest,18
2016-02-27,Pelican Sunstream 100 Kayak,9
2016-02-27,Perfect Fitness Perfect Rip Deck,24
2016-02-27,Under Armour Girls' Toddler Spine Surge Runni,13
2016-02-27,Under Armour Men's Compression EV SL Slide,3
2016-02-27,Under Armour Men's Tech II T-Shirt,4
2016-02-27,adidas Men's F10 Messi TRX FG Soccer Cleat,1
2016-02-27,adidas Youth Germany Black/Red Away Match Soc,5
2016-02-28,Bridgestone e6 Straight Distance NFL Carolina,3
2016-02-28,Bridgestone e6 Straight Distance NFL San Dieg,5
2016-02-28,Columbia Men's PFG Anchor Tough T-Shirt,2
2016-02-28,Diamondback Women's Serene Classic Comfort Bi,5
2016-02-28,ENO Atlas Hammock Straps,3
2016-02-28,Field & Stream Sportsman 16 Gun Fire Safe,8
2016-02-28,Glove It Women's Imperial Golf Glove,3
2016-02-28,Hirzl Men's Hybrid Golf Glove,3
2016-02-28,Nike Men's CJ Elite 2 TD Football Cleat,5
2016-02-28,Nike Men's Comfort 2 Slide,1
2016-02-28,Nike Men's Dri-FIT Victory Golf Polo,22
2016-02-28,Nike Men's Free 5.0+ Running Shoe,7
2016-02-28,O'Brien Men's Neoprene Life Vest,14
2016-02-28,Pelican Sunstream 100 Kayak,4
2016-02-28,Perfect Fitness Perfect Rip Deck,20
2016-02-28,Team Golf New England Patriots Putter Grip,2
2016-02-28,Team Golf Pittsburgh Steelers Putter Grip,5
2016-02-28,Team Golf San Francisco Giants Putter Grip,2
2016-02-28,Titleist Pro V1x High Numbers Golf Balls,5
2016-02-28,Under Armour Girls' Toddler Spine Surge Runni,15
2016-02-28,Under Armour Hustle Storm Medium Duffle Bag,2
2016-02-28,Under Armour Women's Micro G Skulpt Running S,2
2016-02-28,adidas Kids' F5 Messi FG Soccer Cleat,9
2016-02-29,Bag Boy Beverage Holder,2
2016-02-29,Bridgestone e6 Straight Distance NFL San Dieg,3
2016-02-29,Columbia Men's PFG Anchor Tough T-Shirt,3
2016-02-29,Diamondback Women's Serene Classic Comfort Bi,5
2016-02-29,Field & Stream Sportsman 16 Gun Fire Safe,5
2016-02-29,Nike Men's CJ Elite 2 TD Football Cleat,8
2016-02-29,Nike Men's Deutschland Weltmeister Winners Bl,9
2016-02-29,Nike Men's Dri-FIT Victory Golf Polo,32
2016-02-29,Nike Men's Free 5.0+ Running Shoe,37
2016-02-29,O'Brien Men's Neoprene Life Vest,13
2016-02-29,Pelican Sunstream 100 Kayak,7
2016-02-29,Perfect Fitness Perfect Rip Deck,29
2016-02-29,TYR Boys' Team Digi Jammer,5
2016-02-29,Team Golf Tennessee Volunteers Putter Grip,5
2016-02-29,Titleist Pro V1x Golf Balls,5
2016-02-29,Titleist Pro V1x High Numbers Personalized Go,3
2016-02-29,Under Armour Girls' Toddler Spine Surge Runni,17
2016-02-29,Under Armour Hustle Storm Medium Duffle Bag,2
2016-02-29,Under Armour Kids' Mercenary Slide,5
2016-02-29,Under Armour Men's Compression EV SL Slide,10
2016-03-01,Columbia Men's PFG Anchor Tough T-Shirt,4
2016-03-01,Diamondback Women's Serene Classic Comfort Bi,5
2016-03-01,Field & Stream Sportsman 16 Gun Fire Safe,6
2016-03-01,Nike Men's CJ Elite 2 TD Football Cleat,9
2016-03-01,Nike Men's Dri-FIT Victory Golf Polo,39
2016-03-01,Nike Men's Free 5.0+ Running Shoe,14
2016-03-01,O'Brien Men's Neoprene Life Vest,39
2016-03-01,Pelican Sunstream 100 Kayak,7
2016-03-01,Perfect Fitness Perfect Rip Deck,24
2016-03-01,Titleist Pro V1x High Numbers Golf Balls,2
2016-03-01,Under Armour Girls' Toddler Spine Surge Runni,21
2016-03-02,Bridgestone e6 Straight Distance NFL San Dieg,3
2016-03-02,Diamondback Women's Serene Classic Comfort Bi,8
2016-03-02,Field & Stream Sportsman 16 Gun Fire Safe,6
2016-03-02,Glove It Urban Brick Golf Towel,3
2016-03-02,Nike Dri-FIT Crew Sock 6 Pack,1
2016-03-02,Nike Men's CJ Elite 2 TD Football Cleat,12
2016-03-02,Nike Men's Dri-FIT Victory Golf Polo,39
2016-03-02,Nike Men's Free 5.0+ Running Shoe,20
2016-03-02,O'Brien Men's Neoprene Life Vest,25
2016-03-02,Pelican Sunstream 100 Kayak,10
2016-03-02,Perfect Fitness Perfect Rip Deck,27
2016-03-02,Team Golf New England Patriots Putter Grip,2
2016-03-02,Team Golf Pittsburgh Steelers Putter Grip,4
2016-03-02,Under Armour Girls' Toddler Spine Surge Runni,15
2016-03-03,Bridgestone e6 Straight Distance NFL Carolina,1
2016-03-03,Columbia Men's PFG Anchor Tough T-Shirt,3
2016-03-03,Diamondback Women's Serene Classic Comfort Bi,8
2016-03-03,Field & Stream Sportsman 16 Gun Fire Safe,6
2016-03-03,Glove It Imperial Golf Towel,4
2016-03-03,Glove It Women's Mod Oval 3-Zip Carry All Gol,7
2016-03-03,Nike Men's CJ Elite 2 TD Football Cleat,14
2016-03-03,Nike Men's Comfort 2 Slide,4
2016-03-03,Nike Men's Dri-FIT Victory Golf Polo,39
2016-03-03,Nike Men's Free 5.0+ Running Shoe,29
2016-03-03,Nike Women's Tempo Shorts,2
2016-03-03,O'Brien Men's Neoprene Life Vest,13
2016-03-03,Pelican Sunstream 100 Kayak,4
2016-03-03,Perfect Fitness Perfect Rip Deck,52
2016-03-03,Team Golf Pittsburgh Steelers Putter Grip,2
2016-03-03,Team Golf St. Louis Cardinals Putter Grip,3
2016-03-03,Under Armour Girls' Toddler Spine Surge Runni,8
2016-03-04,Diamondback Women's Serene Classic Comfort Bi,6
2016-03-04,Field & Stream Sportsman 16 Gun Fire Safe,6
2016-03-04,Glove It Urban Brick Golf Towel,2
2016-03-04,Glove It Women's Mod Oval 3-Zip Carry All Gol,8
2016-03-04,Nike Men's CJ Elite 2 TD Football Cleat,12
2016-03-04,Nike Men's Comfort 2 Slide,1
2016-03-04,Nike Men's Dri-FIT Victory Golf Polo,41
2016-03-04,Nike Men's Free 5.0+ Running Shoe,5
2016-03-04,O'Brien Men's Neoprene Life Vest,14
2016-03-04,Pelican Sunstream 100 Kayak,3
2016-03-04,Perfect Fitness Perfect Rip Deck,50
2016-03-04,Titleist Pro V1 High Numbers Personalized Gol,3
2016-03-04,Under Armour Girls' Toddler Spine Surge Runni,21
2016-03-04,adidas Kids' F5 Messi FG Soccer Cleat,1
2016-03-04,adidas Men's F10 Messi TRX FG Soccer Cleat,2
2016-03-04,adidas Men's Germany Black Crest Away Tee,4
2016-03-05,Columbia Men's PFG Anchor Tough T-Shirt,5
2016-03-05,Diamondback Women's Serene Classic Comfort Bi,8
2016-03-05,Field & Stream Sportsman 16 Gun Fire Safe,10
2016-03-05,Hirzl Women's Hybrid Golf Glove,2
2016-03-05,Nike Men's CJ Elite 2 TD Football Cleat,8
2016-03-05,Nike Men's Deutschland Weltmeister Winners Bl,3
2016-03-05,Nike Men's Dri-FIT Victory Golf Polo,28
2016-03-05,O'Brien Men's Neoprene Life Vest,31
2016-03-05,Pelican Sunstream 100 Kayak,5
2016-03-05,Perfect Fitness Perfect Rip Deck,23
2016-03-05,Top Flite Women's 2014 XL Hybrid,3
2016-03-05,Under Armour Girls' Toddler Spine Surge Runni,5
2016-03-06,Bridgestone e6 Straight Distance NFL Carolina,9
2016-03-06,Clicgear 8.0 Shoe Brush,2
2016-03-06,Diamondback Women's Serene Classic Comfort Bi,4
2016-03-06,ENO Atlas Hammock Straps,1
2016-03-06,Field & Stream Sportsman 16 Gun Fire Safe,3
2016-03-06,Hirzl Women's Hybrid Golf Glove,3
2016-03-06,Nike Men's CJ Elite 2 TD Football Cleat,11
2016-03-06,Nike Men's Dri-FIT Victory Golf Polo,36
2016-03-06,Nike Men's Free 5.0+ Running Shoe,8
2016-03-06,O'Brien Men's Neoprene Life Vest,28
2016-03-06,Pelican Sunstream 100 Kayak,11
2016-03-06,Perfect Fitness Perfect Rip Deck,19
2016-03-06,Team Golf Tennessee Volunteers Putter Grip,1
2016-03-06,Under Armour Girls' Toddler Spine Surge Runni,9
2016-03-06,Under Armour Kids' Mercenary Slide,1
2016-03-06,Under Armour Men's Compression EV SL Slide,3
2016-03-07,Bridgestone e6 Straight Distance NFL San Dieg,2
2016-03-07,Bridgestone e6 Straight Distance NFL Tennesse,3
2016-03-07,Clicgear 8.0 Shoe Brush,4
2016-03-07,Diamondback Women's Serene Classic Comfort Bi,4
2016-03-07,Field & Stream Sportsman 16 Gun Fire Safe,10
2016-03-07,Nike Men's CJ Elite 2 TD Football Cleat,11
2016-03-07,Nike Men's Deutschland Weltmeister Winners Bl,5
2016-03-07,Nike Men's Dri-FIT Victory Golf Polo,18
2016-03-07,Nike Men's Free 5.0+ Running Shoe,15
2016-03-07,O'Brien Men's Neoprene Life Vest,27
2016-03-07,Pelican Sunstream 100 Kayak,11
2016-03-07,Perfect Fitness Perfect Rip Deck,41
2016-03-07,Titleist Pro V1x Golf Balls,5
2016-03-07,Under Armour Girls' Toddler Spine Surge Runni,16
2016-03-07,adidas Men's Germany Black Crest Away Tee,1
2016-03-08,Diamondback Women's Serene Classic Comfort Bi,6
2016-03-08,Field & Stream Sportsman 16 Gun Fire Safe,2
2016-03-08,Nike Men's CJ Elite 2 TD Football Cleat,9
2016-03-08,Nike Men's Dri-FIT Victory Golf Polo,14
2016-03-08,Nike Men's Free 5.0+ Running Shoe,13
2016-03-08,Nike Women's Legend V-Neck T-Shirt,10
2016-03-08,Nike Women's Tempo Shorts,3
2016-03-08,O'Brien Men's Neoprene Life Vest,17
2016-03-08,Pelican Sunstream 100 Kayak,6
2016-03-08,Perfect Fitness Perfect Rip Deck,15
2016-03-08,TYR Boys' Team Digi Jammer,3
2016-03-08,Under Armour Girls' Toddler Spine Surge Runni,6
2016-03-08,adidas Men's F10 Messi TRX FG Soccer Cleat,5
2016-03-08,adidas Youth Germany Black/Red Away Match Soc,5
2016-03-09,Clicgear Rovic Cooler Bag,1
2016-03-09,Diamondback Women's Serene Classic Comfort Bi,5
2016-03-09,Field & Stream Sportsman 16 Gun Fire Safe,4
2016-03-09,Nike Men's CJ Elite 2 TD Football Cleat,12
2016-03-09,Nike Men's Dri-FIT Victory Golf Polo,27
2016-03-09,Nike Men's Free 5.0+ Running Shoe,19
2016-03-09,O'Brien Men's Neoprene Life Vest,10
2016-03-09,Pelican Sunstream 100 Kayak,7
2016-03-09,Perfect Fitness Perfect Rip Deck,33
2016-03-09,Titleist Pro V1 High Numbers Personalized Gol,2
2016-03-09,Under Armour Girls' Toddler Spine Surge Runni,7
2016-03-09,Under Armour Men's Tech II T-Shirt,4
2016-03-09,adidas Youth Germany Black/Red Away Match Soc,3
2016-03-10,Bridgestone e6 Straight Distance NFL Carolina,4
2016-03-10,Clicgear Rovic Cooler Bag,1
2016-03-10,Diamondback Women's Serene Classic Comfort Bi,9
2016-03-10,Field & Stream Sportsman 16 Gun Fire Safe,19
2016-03-10,Nike Men's CJ Elite 2 TD Football Cleat,9
2016-03-10,Nike Men's Dri-FIT Victory Golf Polo,35
2016-03-10,Nike Men's Free 5.0+ Running Shoe,8
2016-03-10,O'Brien Men's Neoprene Life Vest,19
2016-03-10,Pelican Sunstream 100 Kayak,4
2016-03-10,Perfect Fitness Perfect Rip Deck,29
2016-03-10,Under Armour Girls' Toddler Spine Surge Runni,8
2016-03-10,Under Armour Women's Micro G Skulpt Running S,7
2016-03-11,Bag Boy Beverage Holder,4
2016-03-11,Diamondback Women's Serene Classic Comfort Bi,5
2016-03-11,Field & Stream Sportsman 16 Gun Fire Safe,3
2016-03-11,Glove It Imperial Golf Towel,1
2016-03-11,Nike Men's CJ Elite 2 TD Football Cleat,6
2016-03-11,Nike Men's Dri-FIT Victory Golf Polo,16
2016-03-11,Nike Men's Free 5.0+ Running Shoe,3
2016-03-11,Nike Women's Legend V-Neck T-Shirt,4
2016-03-11,O'Brien Men's Neoprene Life Vest,31
2016-03-11,Pelican Sunstream 100 Kayak,5
2016-03-11,Perfect Fitness Perfect Rip Deck,27
2016-03-11,Titleist Pro V1 High Numbers Personalized Gol,2
2016-03-11,Under Armour Girls' Toddler Spine Surge Runni,20
2016-03-12,Diamondback Women's Serene Classic Comfort Bi,4
2016-03-12,Field & Stream Sportsman 16 Gun Fire Safe,6
2016-03-12,Nike Men's CJ Elite 2 TD Football Cleat,8
2016-03-12,Nike Men's Deutschland Weltmeister Winners Bl,5
2016-03-12,Nike Men's Dri-FIT Victory Golf Polo,14
2016-03-12,Nike Men's Free 5.0+ Running Shoe,8
2016-03-12,O'Brien Men's Neoprene Life Vest,22
2016-03-12,Pelican Sunstream 100 Kayak,2
2016-03-12,Perfect Fitness Perfect Rip Deck,18
2016-03-12,Under Armour Girls' Toddler Spine Surge Runni,20
2016-03-12,Under Armour Men's Tech II T-Shirt,2
2016-03-13,Diamondback Women's Serene Classic Comfort Bi,7
2016-03-13,Field & Stream Sportsman 16 Gun Fire Safe,7
2016-03-13,Glove It Women's Mod Oval 3-Zip Carry All Gol,2
2016-03-13,Hirzl Men's Hybrid Golf Glove,1
2016-03-13,Hirzl Women's Soffft Flex Golf Glove,3
2016-03-13,Nike Men's CJ Elite 2 TD Football Cleat,9
2016-03-13,Nike Men's Dri-FIT Victory Golf Polo,17
2016-03-13,Nike Men's Free 5.0+ Running Shoe,15
2016-03-13,O'Brien Men's Neoprene Life Vest,27
2016-03-13,Pelican Sunstream 100 Kayak,8
2016-03-13,Perfect Fitness Perfect Rip Deck,38
2016-03-13,Team Golf Texas Longhorns Putter Grip,5
2016-03-13,Titleist Pro V1x Golf Balls,1
2016-03-13,Top Flite Women's 2014 XL Hybrid,5
2016-03-13,Under Armour Girls' Toddler Spine Surge Runni,2
2016-03-13,Under Armour Hustle Storm Medium Duffle Bag,1
2016-03-14,Diamondback Women's Serene Classic Comfort Bi,3
2016-03-14,Field & Stream Sportsman 16 Gun Fire Safe,5
2016-03-14,Nike Men's CJ Elite 2 TD Football Cleat,12
2016-03-14,Nike Men's Comfort 2 Slide,5
2016-03-14,Nike Men's Dri-FIT Victory Golf Polo,16
2016-03-14,Nike Men's Free 5.0+ Running Shoe,13
2016-03-14,Nike Women's Tempo Shorts,5
2016-03-14,O'Brien Men's Neoprene Life Vest,22
2016-03-14,Pelican Sunstream 100 Kayak,11
2016-03-14,Perfect Fitness Perfect Rip Deck,39
2016-03-14,Team Golf Tennessee Volunteers Putter Grip,3
2016-03-14,Under Armour Girls' Toddler Spine Surge Runni,10
2016-03-15,Bridgestone e6 Straight Distance NFL Carolina,1
2016-03-15,Diamondback Women's Serene Classic Comfort Bi,6
2016-03-15,ENO Atlas Hammock Straps,5
2016-03-15,Field & Stream Sportsman 16 Gun Fire Safe,5
2016-03-15,Nike Men's CJ Elite 2 TD Football Cleat,9
2016-03-15,Nike Men's Comfort 2 Slide,5
2016-03-15,Nike Men's Dri-FIT Victory Golf Polo,39
2016-03-15,Nike Men's Free 5.0+ Running Shoe,24
2016-03-15,Nike Women's Legend V-Neck T-Shirt,1
2016-03-15,O'Brien Men's Neoprene Life Vest,25
2016-03-15,Pelican Sunstream 100 Kayak,9
2016-03-15,Perfect Fitness Perfect Rip Deck,16
2016-03-15,Team Golf New England Patriots Putter Grip,3
2016-03-15,Team Golf St. Louis Cardinals Putter Grip,1
2016-03-15,Under Armour Girls' Toddler Spine Surge Runni,7
2016-03-16,Diamondback Women's Serene Classic Comfort Bi,6
2016-03-16,Field & Stream Sportsman 16 Gun Fire Safe,4
2016-03-16,Hirzl Women's Hybrid Golf Glove,1
2016-03-16,Nike Men's CJ Elite 2 TD Football Cleat,10
2016-03-16,Nike Men's Deutschland Weltmeister Winners Bl,3
2016-03-16,Nike Men's Dri-FIT Victory Golf Polo,18
2016-03-16,Nike Men's Free 5.0+ Running Shoe,11
2016-03-16,O'Brien Men's Neoprene Life Vest,22
2016-03-16,Pelican Sunstream 100 Kayak,4
2016-03-16,Perfect Fitness Perfect Rip Deck,25
2016-03-16,Titleist Pro V1x Golf Balls,6
2016-03-16,Under Armour Girls' Toddler Spine Surge Runni,19
2016-03-16,Under Armour Kids' Mercenary Slide,4
2016-03-16,Under Armour Women's Ignite PIP VI Slide,1
2016-03-16,adidas Men's F10 Messi TRX FG Soccer Cleat,3
2016-03-17,Columbia Men's PFG Anchor Tough T-Shirt,5
2016-03-17,Diamondback Women's Serene Classic Comfort Bi,2
2016-03-17,Field & Stream Sportsman 16 Gun Fire Safe,6
2016-03-17,Hirzl Men's Hybrid Golf Glove,5
2016-03-17,Nike Men's CJ Elite 2 TD Football Cleat,14
2016-03-17,Nike Men's Dri-FIT Victory Golf Polo,20
2016-03-17,Nike Men's Free 5.0+ Running Shoe,35
2016-03-17,Nike Women's Legend V-Neck T-Shirt,2
2016-03-17,O'Brien Men's Neoprene Life Vest,24
2016-03-17,Pelican Sunstream 100 Kayak,7
2016-03-17,Perfect Fitness Perfect Rip Deck,35
2016-03-17,Top Flite Women's 2014 XL Hybrid,3
2016-03-17,Under Armour Girls' Toddler Spine Surge Runni,15
2016-03-17,adidas Men's Germany Black Crest Away Tee,4
2016-03-17,adidas Youth Germany Black/Red Away Match Soc,7
2016-03-18,Bridgestone e6 Straight Distance NFL Carolina,2
2016-03-18,Clicgear Rovic Cooler Bag,5
2016-03-18,Diamondback Women's Serene Classic Comfort Bi,9
2016-03-18,Field & Stream Sportsman 16 Gun Fire Safe,11
2016-03-18,Hirzl Men's Hybrid Golf Glove,2
2016-03-18,Nike Men's CJ Elite 2 TD Football Cleat,13
2016-03-18,Nike Men's Dri-FIT Victory Golf Polo,39
2016-03-18,Nike Men's Free 5.0+ Running Shoe,15
2016-03-18,O'Brien Men's Neoprene Life Vest,6
2016-03-18,Pelican Sunstream 100 Kayak,6
2016-03-18,Perfect Fitness Perfect Rip Deck,25
2016-03-18,Team Golf St. Louis Cardinals Putter Grip,2
2016-03-18,Under Armour Girls' Toddler Spine Surge Runni,14
2016-03-18,Under Armour Women's Ignite Slide,1
2016-03-19,Bridgestone e6 Straight Distance NFL Tennesse,2
2016-03-19,Clicgear 8.0 Shoe Brush,1
2016-03-19,Diamondback Women's Serene Classic Comfort Bi,8
2016-03-19,ENO Atlas Hammock Straps,3
2016-03-19,Field & Stream Sportsman 16 Gun Fire Safe,13
2016-03-19,Nike Men's CJ Elite 2 TD Football Cleat,14
2016-03-19,Nike Men's Deutschland Weltmeister Winners Bl,7
2016-03-19,Nike Men's Dri-FIT Victory Golf Polo,21
2016-03-19,Nike Men's Free 5.0+ Running Shoe,29
2016-03-19,O'Brien Men's Neoprene Life Vest,30
2016-03-19,Pelican Sunstream 100 Kayak,8
2016-03-19,Perfect Fitness Perfect Rip Deck,11
2016-03-19,Under Armour Girls' Toddler Spine Surge Runni,6
2016-03-19,Under Armour Hustle Storm Medium Duffle Bag,1
2016-03-19,Under Armour Kids' Mercenary Slide,5
2016-03-19,Under Armour Women's Ignite PIP VI Slide,4
2016-03-19,Under Armour Women's Ignite Slide,5
2016-03-20,Bag Boy Beverage Holder,1
2016-03-20,Bridgestone e6 Straight Distance NFL Tennesse,1
2016-03-20,Diamondback Women's Serene Classic Comfort Bi,8
2016-03-20,Field & Stream Sportsman 16 Gun Fire Safe,11
2016-03-20,Glove It Imperial Golf Towel,5
2016-03-20,Nike Men's CJ Elite 2 TD Football Cleat,11
2016-03-20,Nike Men's Dri-FIT Victory Golf Polo,27
2016-03-20,Nike Men's Free 5.0+ Running Shoe,23
2016-03-20,O'Brien Men's Neoprene Life Vest,20
2016-03-20,Pelican Sunstream 100 Kayak,5
2016-03-20,Perfect Fitness Perfect Rip Deck,28
2016-03-20,Team Golf San Francisco Giants Putter Grip,3
2016-03-20,Titleist Pro V1x Golf Balls,4
2016-03-20,Under Armour Girls' Toddler Spine Surge Runni,15
2016-03-20,Under Armour Men's Compression EV SL Slide,5
2016-03-21,Bag Boy Beverage Holder,3
2016-03-21,Bridgestone e6 Straight Distance NFL San Dieg,3
2016-03-21,Clicgear 8.0 Shoe Brush,2
2016-03-21,Diamondback Women's Serene Classic Comfort Bi,10
2016-03-21,Field & Stream Sportsman 16 Gun Fire Safe,9
2016-03-21,Nike Men's CJ Elite 2 TD Football Cleat,12
2016-03-21,Nike Men's Deutschland Weltmeister Winners Bl,4
2016-03-21,Nike Men's Dri-FIT Victory Golf Polo,17
2016-03-21,Nike Men's Free 5.0+ Running Shoe,5
2016-03-21,Nike Women's Tempo Shorts,5
2016-03-21,O'Brien Men's Neoprene Life Vest,13
2016-03-21,Pelican Sunstream 100 Kayak,5
2016-03-21,Perfect Fitness Perfect Rip Deck,38
2016-03-21,Team Golf New England Patriots Putter Grip,2
2016-03-21,Team Golf Pittsburgh Steelers Putter Grip,1
2016-03-21,Team Golf St. Louis Cardinals Putter Grip,4
2016-03-21,Under Armour Girls' Toddler Spine Surge Runni,3
2016-03-22,Diamondback Women's Serene Classic Comfort Bi,5
2016-03-22,Field & Stream Sportsman 16 Gun Fire Safe,6
2016-03-22,Nike Men's CJ Elite 2 TD Football Cleat,3
2016-03-22,Nike Men's Dri-FIT Victory Golf Polo,15
2016-03-22,Nike Men's Free 5.0+ Running Shoe,11
2016-03-22,O'Brien Men's Neoprene Life Vest,15
2016-03-22,Pelican Sunstream 100 Kayak,5
2016-03-22,Perfect Fitness Perfect Rip Deck,28
2016-03-22,Team Golf Texas Longhorns Putter Grip,4
2016-03-22,Under Armour Girls' Toddler Spine Surge Runni,12
2016-03-22,Under Armour Hustle Storm Medium Duffle Bag,1
2016-03-22,Under Armour Women's Micro G Skulpt Running S,2
2016-03-23,Columbia Men's PFG Anchor Tough T-Shirt,4
2016-03-23,Diamondback Women's Serene Classic Comfort Bi,1
2016-03-23,Field & Stream Sportsman 16 Gun Fire Safe,4
2016-03-23,Glove It Urban Brick Golf Towel,3
2016-03-23,Nike Men's CJ Elite 2 TD Football Cleat,10
2016-03-23,Nike Men's Comfort 2 Slide,1
2016-03-23,Nike Men's Dri-FIT Victory Golf Polo,29
2016-03-23,Nike Men's Free 5.0+ Running Shoe,4
2016-03-23,O'Brien Men's Neoprene Life Vest,27
2016-03-23,Pelican Sunstream 100 Kayak,4
2016-03-23,Perfect Fitness Perfect Rip Deck,9
2016-03-23,TYR Boys' Team Digi Jammer,4
2016-03-23,Team Golf Texas Longhorns Putter Grip,1
2016-03-23,Under Armour Girls' Toddler Spine Surge Runni,9
2016-03-23,Under Armour Hustle Storm Medium Duffle Bag,7
2016-03-23,Under Armour Men's Tech II T-Shirt,2
2016-03-24,Bag Boy Beverage Holder,2
2016-03-24,Diamondback Women's Serene Classic Comfort Bi,8
2016-03-24,ENO Atlas Hammock Straps,1
2016-03-24,Field & Stream Sportsman 16 Gun Fire Safe,6
2016-03-24,Glove It Urban Brick Golf Towel,2
2016-03-24,Nike Men's CJ Elite 2 TD Football Cleat,15
2016-03-24,Nike Men's Dri-FIT Victory Golf Polo,33
2016-03-24,Nike Men's Free 5.0+ Running Shoe,14
2016-03-24,O'Brien Men's Neoprene Life Vest,26
2016-03-24,Pelican Sunstream 100 Kayak,10
2016-03-24,Perfect Fitness Perfect Rip Deck,34
2016-03-24,Team Golf Pittsburgh Steelers Putter Grip,1
2016-03-24,Team Golf St. Louis Cardinals Putter Grip,5
2016-03-24,Under Armour Girls' Toddler Spine Surge Runni,16
2016-03-24,Under Armour Women's Ignite Slide,4
2016-03-25,Bridgestone e6 Straight Distance NFL Carolina,2
2016-03-25,Columbia Men's PFG Anchor Tough T-Shirt,1
2016-03-25,Diamondback Women's Serene Classic Comfort Bi,8
2016-03-25,ENO Atlas Hammock Straps,3
2016-03-25,Field & Stream Sportsman 16 Gun Fire Safe,10
2016-03-25,Glove It Imperial Golf Towel,2
2016-03-25,Hirzl Men's Hybrid Golf Glove,6
2016-03-25,Nike Men's CJ Elite 2 TD Football Cleat,9
2016-03-25,Nike Men's Dri-FIT Victory Golf Polo,52
2016-03-25,Nike Men's Free 5.0+ Running Shoe,5
2016-03-25,O'Brien Men's Neoprene Life Vest,17
2016-03-25,Pelican Sunstream 100 Kayak,7
2016-03-25,Perfect Fitness Perfect Rip Deck,51
2016-03-25,Under Armour Girls' Toddler Spine Surge Runni,15
2016-03-25,Under Armour Hustle Storm Medium Duffle Bag,1
2016-03-25,adidas Kids' F5 Messi FG Soccer Cleat,5
2016-03-26,Columbia Men's PFG Anchor Tough T-Shirt,4
2016-03-26,Diamondback Women's Serene Classic Comfort Bi,7
2016-03-26,Field & Stream Sportsman 16 Gun Fire Safe,3
2016-03-26,Glove It Imperial Golf Towel,4
2016-03-26,LIJA Women's Eyelet Sleeveless Golf Polo,3
2016-03-26,Nike Men's CJ Elite 2 TD Football Cleat,10
2016-03-26,Nike Men's Comfort 2 Slide,3
2016-03-26,Nike Men's Deutschland Weltmeister Winners Bl,8
2016-03-26,Nike Men's Dri-FIT Victory Golf Polo,27
2016-03-26,Nike Men's Free 5.0+ Running Shoe,28
2016-03-26,O'Brien Men's Neoprene Life Vest,21
2016-03-26,Pelican Sunstream 100 Kayak,7
2016-03-26,Perfect Fitness Perfect Rip Deck,35
2016-03-26,Team Golf New England Patriots Putter Grip,1
2016-03-26,Titleist Pro V1 High Numbers Personalized Gol,5
2016-03-26,Titleist Pro V1x High Numbers Personalized Go,3
2016-03-26,Under Armour Girls' Toddler Spine Surge Runni,26
2016-03-27,Diamondback Women's Serene Classic Comfort Bi,6
2016-03-27,Field & Stream Sportsman 16 Gun Fire Safe,13
2016-03-27,LIJA Women's Eyelet Sleeveless Golf Polo,2
2016-03-27,Nike Dri-FIT Crew Sock 6 Pack,2
2016-03-27,Nike Men's CJ Elite 2 TD Football Cleat,8
2016-03-27,Nike Men's Dri-FIT Victory Golf Polo,28
2016-03-27,Nike Men's Free 5.0+ Running Shoe,23
2016-03-27,O'Brien Men's Neoprene Life Vest,25
2016-03-27,Pelican Sunstream 100 Kayak,3
2016-03-27,Perfect Fitness Perfect Rip Deck,38
2016-03-27,Titleist Pro V1x Golf Balls,2
2016-03-27,Under Armour Girls' Toddler Spine Surge Runni,33
2016-03-27,Under Armour Women's Ignite Slide,6
2016-03-27,adidas Men's F10 Messi TRX FG Soccer Cleat,3
2016-03-28,Bridgestone e6 Straight Distance NFL San Dieg,5
2016-03-28,Bridgestone e6 Straight Distance NFL Tennesse,4
2016-03-28,Diamondback Women's Serene Classic Comfort Bi,5
2016-03-28,Field & Stream Sportsman 16 Gun Fire Safe,2
2016-03-28,Glove It Urban Brick Golf Towel,4
2016-03-28,Glove It Women's Mod Oval 3-Zip Carry All Gol,3
2016-03-28,LIJA Women's Eyelet Sleeveless Golf Polo,2
2016-03-28,Nike Men's CJ Elite 2 TD Football Cleat,9
2016-03-28,Nike Men's Deutschland Weltmeister Winners Bl,4
2016-03-28,Nike Men's Dri-FIT Victory Golf Polo,16
2016-03-28,Nike Men's Free 5.0+ Running Shoe,6
2016-03-28,O'Brien Men's Neoprene Life Vest,14
2016-03-28,Pelican Sunstream 100 Kayak,7
2016-03-28,Perfect Fitness Perfect Rip Deck,20
2016-03-28,Team Golf Pittsburgh Steelers Putter Grip,5
2016-03-28,Team Golf San Francisco Giants Putter Grip,5
2016-03-28,Under Armour Girls' Toddler Spine Surge Runni,20
2016-03-28,Under Armour Women's Ignite Slide,5
2016-03-29,Clicgear Rovic Cooler Bag,1
2016-03-29,Columbia Men's PFG Anchor Tough T-Shirt,2
2016-03-29,Diamondback Women's Serene Classic Comfort Bi,11
2016-03-29,Field & Stream Sportsman 16 Gun Fire Safe,7
2016-03-29,Glove It Urban Brick Golf Towel,4
2016-03-29,Nike Men's CJ Elite 2 TD Football Cleat,2
2016-03-29,Nike Men's Dri-FIT Victory Golf Polo,18
2016-03-29,Nike Men's Free 5.0+ Running Shoe,11
2016-03-29,O'Brien Men's Neoprene Life Vest,30
2016-03-29,Pelican Sunstream 100 Kayak,9
2016-03-29,Perfect Fitness Perfect Rip Deck,29
2016-03-29,Team Golf Tennessee Volunteers Putter Grip,3
2016-03-29,Titleist Pro V1x Golf Balls,4
2016-03-29,Under Armour Girls' Toddler Spine Surge Runni,17
2016-03-30,Bag Boy Beverage Holder,2
2016-03-30,Diamondback Women's Serene Classic Comfort Bi,15
2016-03-30,Field & Stream Sportsman 16 Gun Fire Safe,8
2016-03-30,Glove It Women's Mod Oval 3-Zip Carry All Gol,5
2016-03-30,Hirzl Men's Hybrid Golf Glove,1
2016-03-30,Nike Men's CJ Elite 2 TD Football Cleat,15
2016-03-30,Nike Men's Dri-FIT Victory Golf Polo,30
2016-03-30,Nike Men's Free 5.0+ Running Shoe,23
2016-03-30,Nike Women's Legend V-Neck T-Shirt,1
2016-03-30,O'Brien Men's Neoprene Life Vest,17
2016-03-30,Pelican Sunstream 100 Kayak,6
2016-03-30,Perfect Fitness Perfect Rip Deck,47
2016-03-30,Team Golf San Francisco Giants Putter Grip,1
2016-03-30,Titleist Pro V1x High Numbers Personalized Go,1
2016-03-30,Under Armour Girls' Toddler Spine Surge Runni,23
2016-03-30,Under Armour Hustle Storm Medium Duffle Bag,2
2016-03-30,Under Armour Men's Tech II T-Shirt,9
2016-03-30,adidas Men's F10 Messi TRX FG Soccer Cleat,3
2016-03-31,Bridgestone e6 Straight Distance NFL San Dieg,4
2016-03-31,Diamondback Women's Serene Classic Comfort Bi,4
2016-03-31,Field & Stream Sportsman 16 Gun Fire Safe,3
2016-03-31,Glove It Imperial Golf Towel,4
2016-03-31,Glove It Women's Imperial Golf Glove,5
2016-03-31,Glove It Women's Mod Oval 3-Zip Carry All Gol,3
2016-03-31,Nike Men's CJ Elite 2 TD Football Cleat,2
2016-03-31,Nike Men's Dri-FIT Victory Golf Polo,18
2016-03-31,Nike Men's Free 5.0+ Running Shoe,18
2016-03-31,O'Brien Men's Neoprene Life Vest,26
2016-03-31,Pelican Sunstream 100 Kayak,9
2016-03-31,Perfect Fitness Perfect Rip Deck,20
2016-03-31,Team Golf Pittsburgh Steelers Putter Grip,5
2016-03-31,Team Golf San Francisco Giants Putter Grip,1
2016-03-31,Under Armour Girls' Toddler Spine Surge Runni,14
2016-03-31,Under Armour Kids' Mercenary Slide,1
2016-03-31,Under Armour Men's Compression EV SL Slide,4
2016-03-31,adidas Kids' F5 Messi FG Soccer Cleat,1
2016-04-01,Columbia Men's PFG Anchor Tough T-Shirt,6
2016-04-01,Diamondback Women's Serene Classic Comfort Bi,3
2016-04-01,Field & Stream Sportsman 16 Gun Fire Safe,7
2016-04-01,Hirzl Women's Hybrid Golf Glove,5
2016-04-01,LIJA Women's Eyelet Sleeveless Golf Polo,5
2016-04-01,Nike Men's CJ Elite 2 TD Football Cleat,4
2016-04-01,Nike Men's Comfort 2 Slide,4
2016-04-01,Nike Men's Deutschland Weltmeister Winners Bl,1
2016-04-01,Nike Men's Dri-FIT Victory Golf Polo,47
2016-04-01,Nike Men's Free 5.0+ Running Shoe,6
2016-04-01,O'Brien Men's Neoprene Life Vest,21
2016-04-01,Pelican Sunstream 100 Kayak,2
2016-04-01,Perfect Fitness Perfect Rip Deck,23
2016-04-01,TYR Boys' Team Digi Jammer,4
2016-04-01,Under Armour Girls' Toddler Spine Surge Runni,14
2016-04-01,Under Armour Men's Tech II T-Shirt,3
2016-04-02,Bridgestone e6 Straight Distance NFL Tennesse,2
2016-04-02,Diamondback Women's Serene Classic Comfort Bi,6
2016-04-02,ENO Atlas Hammock Straps,5
2016-04-02,Field & Stream Sportsman 16 Gun Fire Safe,6
2016-04-02,LIJA Women's Eyelet Sleeveless Golf Polo,2
2016-04-02,Nike Dri-FIT Crew Sock 6 Pack,1
2016-04-02,Nike Men's CJ Elite 2 TD Football Cleat,13
2016-04-02,Nike Men's Dri-FIT Victory Golf Polo,26
2016-04-02,Nike Men's Free 5.0+ Running Shoe,20
2016-04-02,Nike Women's Tempo Shorts,2
2016-04-02,O'Brien Men's Neoprene Life Vest,17
2016-04-02,Pelican Sunstream 100 Kayak,4
2016-04-02,Perfect Fitness Perfect Rip Deck,23
2016-04-02,Team Golf Pittsburgh Steelers Putter Grip,4
2016-04-02,Team Golf Tennessee Volunteers Putter Grip,3
2016-04-02,Top Flite Women's 2014 XL Hybrid,5
2016-04-02,Under Armour Girls' Toddler Spine Surge Runni,25
2016-04-02,adidas Men's F10 Messi TRX FG Soccer Cleat,5
2016-04-02,adidas Youth Germany Black/Red Away Match Soc,1
2016-04-03,Clicgear 8.0 Shoe Brush,5
2016-04-03,Diamondback Women's Serene Classic Comfort Bi,5
2016-04-03,Field & Stream Sportsman 16 Gun Fire Safe,11
2016-04-03,LIJA Women's Eyelet Sleeveless Golf Polo,2
2016-04-03,Nike Men's CJ Elite 2 TD Football Cleat,6
2016-04-03,Nike Men's Comfort 2 Slide,3
2016-04-03,Nike Men's Dri-FIT Victory Golf Polo,24
2016-04-03,Nike Men's Free 5.0+ Running Shoe,18
2016-04-03,O'Brien Men's Neoprene Life Vest,13
2016-04-03,Pelican Sunstream 100 Kayak,2
2016-04-03,Perfect Fitness Perfect Rip Deck,23
2016-04-03,Team Golf St. Louis Cardinals Putter Grip,1
2016-04-03,Under Armour Girls' Toddler Spine Surge Runni,12
2016-04-04,Bridgestone e6 Straight Distance NFL San Dieg,1
2016-04-04,Diamondback Women's Serene Classic Comfort Bi,3
2016-04-04,Field & Stream Sportsman 16 Gun Fire Safe,14
2016-04-04,Glove It Women's Imperial Golf Glove,1
2016-04-04,Glove It Women's Mod Oval 3-Zip Carry All Gol,3
2016-04-04,Glove It Women's Mod Oval Golf Glove,2
2016-04-04,Nike Men's CJ Elite 2 TD Football Cleat,10
2016-04-04,Nike Men's Dri-FIT Victory Golf Polo,10
2016-04-04,O'Brien Men's Neoprene Life Vest,26
2016-04-04,Pelican Sunstream 100 Kayak,5
2016-04-04,Perfect Fitness Perfect Rip Deck,26
2016-04-04,Team Golf Texas Longhorns Putter Grip,1
2016-04-04,Top Flite Women's 2014 XL Hybrid,2
2016-04-04,Under Armour Girls' Toddler Spine Surge Runni,8
2016-04-04,Under Armour Men's Tech II T-Shirt,3
2016-04-04,Under Armour Women's Ignite Slide,3
2016-04-05,Field & Stream Sportsman 16 Gun Fire Safe,8
2016-04-05,Nike Men's CJ Elite 2 TD Football Cleat,5
2016-04-05,Nike Men's Dri-FIT Victory Golf Polo,20
2016-04-05,Nike Men's Free 5.0+ Running Shoe,19
2016-04-05,O'Brien Men's Neoprene Life Vest,23
2016-04-05,Pelican Sunstream 100 Kayak,5
2016-04-05,Perfect Fitness Perfect Rip Deck,37
2016-04-05,Team Golf New England Patriots Putter Grip,5
2016-04-05,Team Golf Tennessee Volunteers Putter Grip,1
2016-04-05,Under Armour Girls' Toddler Spine Surge Runni,13
2016-04-05,Under Armour Women's Micro G Skulpt Running S,5
2016-04-06,Clicgear 8.0 Shoe Brush,5
2016-04-06,Diamondback Women's Serene Classic Comfort Bi,4
2016-04-06,Field & Stream Sportsman 16 Gun Fire Safe,16
2016-04-06,LIJA Women's Eyelet Sleeveless Golf Polo,4
2016-04-06,Nike Men's CJ Elite 2 TD Football Cleat,7
2016-04-06,Nike Men's Dri-FIT Victory Golf Polo,33
2016-04-06,Nike Men's Free 5.0+ Running Shoe,22
2016-04-06,O'Brien Men's Neoprene Life Vest,15
2016-04-06,Pelican Sunstream 100 Kayak,10
2016-04-06,Perfect Fitness Perfect Rip Deck,39
2016-04-06,Under Armour Girls' Toddler Spine Surge Runni,11
2016-04-07,Diamondback Women's Serene Classic Comfort Bi,2
2016-04-07,Field & Stream Sportsman 16 Gun Fire Safe,8
2016-04-07,Glove It Imperial Golf Towel,2
2016-04-07,Nike Men's CJ Elite 2 TD Football Cleat,7
2016-04-07,Nike Men's Dri-FIT Victory Golf Polo,26
2016-04-07,Nike Men's Free 5.0+ Running Shoe,10
2016-04-07,O'Brien Men's Neoprene Life Vest,28
2016-04-07,Pelican Sunstream 100 Kayak,3
2016-04-07,Perfect Fitness Perfect Rip Deck,29
2016-04-07,Team Golf Tennessee Volunteers Putter Grip,2
2016-04-07,Titleist Pro V1x Golf Balls,1
2016-04-07,Under Armour Girls' Toddler Spine Surge Runni,15
2016-04-07,Under Armour Women's Ignite PIP VI Slide,5
2016-04-08,Columbia Men's PFG Anchor Tough T-Shirt,5
2016-04-08,Diamondback Women's Serene Classic Comfort Bi,4
2016-04-08,Field & Stream Sportsman 16 Gun Fire Safe,11
2016-04-08,Glove It Imperial Golf Towel,4
2016-04-08,Glove It Urban Brick Golf Towel,3
2016-04-08,Glove It Women's Mod Oval 3-Zip Carry All Gol,1
2016-04-08,Hirzl Women's Soffft Flex Golf Glove,4
2016-04-08,Nike Men's CJ Elite 2 TD Football Cleat,12
2016-04-08,Nike Men's Dri-FIT Victory Golf Polo,32
2016-04-08,Nike Men's Free 5.0+ Running Shoe,33
2016-04-08,O'Brien Men's Neoprene Life Vest,29
2016-04-08,Pelican Sunstream 100 Kayak,5
2016-04-08,Perfect Fitness Perfect Rip Deck,34
2016-04-08,Titleist Pro V1x High Numbers Personalized Go,1
2016-04-08,Top Flite Women's 2014 XL Hybrid,3
2016-04-08,Under Armour Girls' Toddler Spine Surge Runni,12
2016-04-08,Under Armour Kids' Mercenary Slide,5
2016-04-08,adidas Men's F10 Messi TRX FG Soccer Cleat,1
2016-04-09,Bridgestone e6 Straight Distance NFL Carolina,4
2016-04-09,Bridgestone e6 Straight Distance NFL San Dieg,1
2016-04-09,Clicgear Rovic Cooler Bag,2
2016-04-09,Diamondback Women's Serene Classic Comfort Bi,8
2016-04-09,Field & Stream Sportsman 16 Gun Fire Safe,3
2016-04-09,Glove It Women's Mod Oval 3-Zip Carry All Gol,4
2016-04-09,Glove It Women's Mod Oval Golf Glove,3
2016-04-09,Hirzl Men's Hybrid Golf Glove,2
2016-04-09,Hirzl Women's Soffft Flex Golf Glove,3
2016-04-09,Nike Men's CJ Elite 2 TD Football Cleat,6
2016-04-09,Nike Men's Dri-FIT Victory Golf Polo,24
2016-04-09,Nike Men's Free 5.0+ Running Shoe,25
2016-04-09,Nike Women's Legend V-Neck T-Shirt,2
2016-04-09,O'Brien Men's Neoprene Life Vest,19
2016-04-09,Pelican Sunstream 100 Kayak,6
2016-04-09,Perfect Fitness Perfect Rip Deck,22
2016-04-09,TYR Boys' Team Digi Jammer,3
2016-04-09,Team Golf New England Patriots Putter Grip,1
2016-04-09,Team Golf Pittsburgh Steelers Putter Grip,3
2016-04-09,Top Flite Women's 2014 XL Hybrid,5
2016-04-09,Under Armour Girls' Toddler Spine Surge Runni,14
2016-04-09,Under Armour Hustle Storm Medium Duffle Bag,4
2016-04-09,Under Armour Men's Tech II T-Shirt,3
2016-04-10,Diamondback Women's Serene Classic Comfort Bi,4
2016-04-10,Field & Stream Sportsman 16 Gun Fire Safe,6
2016-04-10,Hirzl Women's Soffft Flex Golf Glove,6
2016-04-10,Nike Men's CJ Elite 2 TD Football Cleat,11
2016-04-10,Nike Men's Dri-FIT Victory Golf Polo,40
2016-04-10,Nike Men's Free 5.0+ Running Shoe,21
2016-04-10,O'Brien Men's Neoprene Life Vest,33
2016-04-10,Pelican Sunstream 100 Kayak,5
2016-04-10,Perfect Fitness Perfect Rip Deck,31
2016-04-10,TYR Boys' Team Digi Jammer,3
2016-04-10,Team Golf St. Louis Cardinals Putter Grip,2
2016-04-10,Under Armour Girls' Toddler Spine Surge Runni,19
2016-04-10,adidas Kids' F5 Messi FG Soccer Cleat,2
2016-04-11,Clicgear 8.0 Shoe Brush,1
2016-04-11,Diamondback Women's Serene Classic Comfort Bi,8
2016-04-11,ENO Atlas Hammock Straps,5
2016-04-11,Field & Stream Sportsman 16 Gun Fire Safe,13
2016-04-11,Glove It Imperial Golf Towel,5
2016-04-11,Glove It Women's Mod Oval 3-Zip Carry All Gol,2
2016-04-11,Nike Men's CJ Elite 2 TD Football Cleat,22
2016-04-11,Nike Men's Dri-FIT Victory Golf Polo,31
2016-04-11,Nike Men's Free 5.0+ Running Shoe,24
2016-04-11,Nike Women's Legend V-Neck T-Shirt,4
2016-04-11,O'Brien Men's Neoprene Life Vest,45
2016-04-11,Pelican Sunstream 100 Kayak,12
2016-04-11,Perfect Fitness Perfect Rip Deck,44
2016-04-11,Team Golf New England Patriots Putter Grip,3
2016-04-11,Top Flite Women's 2014 XL Hybrid,8
2016-04-11,Under Armour Girls' Toddler Spine Surge Runni,32
2016-04-11,Under Armour Hustle Storm Medium Duffle Bag,2
2016-04-11,Under Armour Men's Tech II T-Shirt,1
2016-04-11,adidas Youth Germany Black/Red Away Match Soc,3
2016-04-12,Bridgestone e6 Straight Distance NFL San Dieg,2
2016-04-12,Bridgestone e6 Straight Distance NFL Tennesse,2
2016-04-12,Diamondback Women's Serene Classic Comfort Bi,7
2016-04-12,Field & Stream Sportsman 16 Gun Fire Safe,10
2016-04-12,Nike Dri-FIT Crew Sock 6 Pack,2
2016-04-12,Nike Men's CJ Elite 2 TD Football Cleat,17
2016-04-12,Nike Men's Deutschland Weltmeister Winners Bl,5
2016-04-12,Nike Men's Dri-FIT Victory Golf Polo,16
2016-04-12,Nike Men's Free 5.0+ Running Shoe,6
2016-04-12,O'Brien Men's Neoprene Life Vest,36
2016-04-12,Pelican Sunstream 100 Kayak,11
2016-04-12,Perfect Fitness Perfect Rip Deck,22
2016-04-12,Titleist Pro V1 High Numbers Personalized Gol,1
2016-04-12,Under Armour Girls' Toddler Spine Surge Runni,13
2016-04-12,Under Armour Men's Tech II T-Shirt,5
2016-04-12,adidas Youth Germany Black/Red Away Match Soc,5
2016-04-13,Bridgestone e6 Straight Distance NFL Carolina,4
2016-04-13,Bridgestone e6 Straight Distance NFL San Dieg,2
2016-04-13,Diamondback Women's Serene Classic Comfort Bi,5
2016-04-13,Field & Stream Sportsman 16 Gun Fire Safe,6
2016-04-13,Glove It Imperial Golf Towel,5
2016-04-13,Nike Men's CJ Elite 2 TD Football Cleat,15
2016-04-13,Nike Men's Deutschland Weltmeister Winners Bl,5
2016-04-13,Nike Men's Dri-FIT Victory Golf Polo,47
2016-04-13,Nike Men's Free 5.0+ Running Shoe,16
2016-04-13,O'Brien Men's Neoprene Life Vest,27
2016-04-13,Pelican Sunstream 100 Kayak,5
2016-04-13,Perfect Fitness Perfect Rip Deck,47
2016-04-13,Under Armour Girls' Toddler Spine Surge Runni,21
2016-04-13,Under Armour Kids' Mercenary Slide,1
2016-04-13,adidas Kids' F5 Messi FG Soccer Cleat,5
2016-04-14,Columbia Men's PFG Anchor Tough T-Shirt,5
2016-04-14,Diamondback Women's Serene Classic Comfort Bi,8
2016-04-14,Field & Stream Sportsman 16 Gun Fire Safe,10
2016-04-14,Glove It Urban Brick Golf Towel,4
2016-04-14,Glove It Women's Mod Oval 3-Zip Carry All Gol,4
2016-04-14,Glove It Women's Mod Oval Golf Glove,1
2016-04-14,Nike Men's CJ Elite 2 TD Football Cleat,10
2016-04-14,Nike Men's Dri-FIT Victory Golf Polo,24
2016-04-14,Nike Men's Free 5.0+ Running Shoe,15
2016-04-14,Nike Women's Legend V-Neck T-Shirt,2
2016-04-14,O'Brien Men's Neoprene Life Vest,26
2016-04-14,Pelican Sunstream 100 Kayak,9
2016-04-14,Perfect Fitness Perfect Rip Deck,56
2016-04-14,Team Golf Tennessee Volunteers Putter Grip,3
2016-04-14,Titleist Pro V1x Golf Balls,1
2016-04-14,Under Armour Girls' Toddler Spine Surge Runni,18
2016-04-14,Under Armour Men's Tech II T-Shirt,1
2016-04-14,adidas Men's F10 Messi TRX FG Soccer Cleat,4
2016-04-15,Clicgear 8.0 Shoe Brush,4
2016-04-15,Columbia Men's PFG Anchor Tough T-Shirt,4
2016-04-15,Diamondback Women's Serene Classic Comfort Bi,8
2016-04-15,ENO Atlas Hammock Straps,1
2016-04-15,Field & Stream Sportsman 16 Gun Fire Safe,8
2016-04-15,Glove It Imperial Golf Towel,6
2016-04-15,Hirzl Men's Hybrid Golf Glove,1
2016-04-15,Hirzl Women's Hybrid Golf Glove,5
2016-04-15,Nike Men's CJ Elite 2 TD Football Cleat,9
2016-04-15,Nike Men's Comfort 2 Slide,3
2016-04-15,Nike Men's Dri-FIT Victory Golf Polo,32
2016-04-15,Nike Men's Free 5.0+ Running Shoe,33
2016-04-15,O'Brien Men's Neoprene Life Vest,49
2016-04-15,Pelican Sunstream 100 Kayak,7
2016-04-15,Perfect Fitness Perfect Rip Deck,32
2016-04-15,Team Golf St. Louis Cardinals Putter Grip,3
2016-04-15,Team Golf Tennessee Volunteers Putter Grip,3
2016-04-15,Team Golf Texas Longhorns Putter Grip,3
2016-04-15,Titleist Pro V1 High Numbers Personalized Gol,1
2016-04-15,Under Armour Girls' Toddler Spine Surge Runni,15
2016-04-15,adidas Men's F10 Messi TRX FG Soccer Cleat,3
2016-04-16,Bag Boy Beverage Holder,3
2016-04-16,Bridgestone e6 Straight Distance NFL San Dieg,3
2016-04-16,Clicgear 8.0 Shoe Brush,3
2016-04-16,Diamondback Women's Serene Classic Comfort Bi,7
2016-04-16,ENO Atlas Hammock Straps,5
2016-04-16,Field & Stream Sportsman 16 Gun Fire Safe,8
2016-04-16,LIJA Women's Eyelet Sleeveless Golf Polo,5
2016-04-16,Nike Men's CJ Elite 2 TD Football Cleat,10
2016-04-16,Nike Men's Dri-FIT Victory Golf Polo,19
2016-04-16,Nike Men's Free 5.0+ Running Shoe,7
2016-04-16,O'Brien Men's Neoprene Life Vest,28
2016-04-16,Pelican Sunstream 100 Kayak,3
2016-04-16,Perfect Fitness Perfect Rip Deck,23
2016-04-16,TYR Boys' Team Digi Jammer,1
2016-04-16,Team Golf Pittsburgh Steelers Putter Grip,3
2016-04-16,Team Golf St. Louis Cardinals Putter Grip,1
2016-04-16,Titleist Pro V1x Golf Balls,7
2016-04-16,Under Armour Girls' Toddler Spine Surge Runni,8
2016-04-17,Diamondback Women's Serene Classic Comfort Bi,7
2016-04-17,Field & Stream Sportsman 16 Gun Fire Safe,6
2016-04-17,Nike Men's CJ Elite 2 TD Football Cleat,7
2016-04-17,Nike Men's Dri-FIT Victory Golf Polo,11
2016-04-17,Nike Men's Free 5.0+ Running Shoe,1
2016-04-17,O'Brien Men's Neoprene Life Vest,7
2016-04-17,Pelican Sunstream 100 Kayak,6
2016-04-17,Perfect Fitness Perfect Rip Deck,17
2016-04-17,Under Armour Girls' Toddler Spine Surge Runni,24
2016-04-18,Bridgestone e6 Straight Distance NFL San Dieg,4
2016-04-18,Bridgestone e6 Straight Distance NFL Tennesse,3
2016-04-18,Columbia Men's PFG Anchor Tough T-Shirt,2
2016-04-18,Diamondback Women's Serene Classic Comfort Bi,1
2016-04-18,Field & Stream Sportsman 16 Gun Fire Safe,6
2016-04-18,Glove It Women's Imperial Golf Glove,2
2016-04-18,Hirzl Men's Hybrid Golf Glove,4
2016-04-18,Nike Men's CJ Elite 2 TD Football Cleat,8
2016-04-18,Nike Men's Deutschland Weltmeister Winners Bl,5
2016-04-18,Nike Men's Dri-FIT Victory Golf Polo,36
2016-04-18,Nike Men's Free 5.0+ Running Shoe,15
2016-04-18,O'Brien Men's Neoprene Life Vest,20
2016-04-18,Pelican Sunstream 100 Kayak,3
2016-04-18,Perfect Fitness Perfect Rip Deck,43
2016-04-18,TYR Boys' Team Digi Jammer,7
2016-04-18,Team Golf New England Patriots Putter Grip,2
2016-04-18,Team Golf St. Louis Cardinals Putter Grip,2
2016-04-18,Team Golf Tennessee Volunteers Putter Grip,2
2016-04-18,Titleist Pro V1x High Numbers Personalized Go,2
2016-04-18,Top Flite Women's 2014 XL Hybrid,3
2016-04-18,Under Armour Girls' Toddler Spine Surge Runni,13
2016-04-18,adidas Youth Germany Black/Red Away Match Soc,5
2016-04-19,Diamondback Women's Serene Classic Comfort Bi,5
2016-04-19,Field & Stream Sportsman 16 Gun Fire Safe,8
2016-04-19,Hirzl Men's Hybrid Golf Glove,4
2016-04-19,Nike Men's CJ Elite 2 TD Football Cleat,8
2016-04-19,Nike Men's Comfort 2 Slide,5
2016-04-19,Nike Men's Dri-FIT Victory Golf Polo,20
2016-04-19,Nike Men's Free 5.0+ Running Shoe,7
2016-04-19,O'Brien Men's Neoprene Life Vest,37
2016-04-19,Pelican Sunstream 100 Kayak,4
2016-04-19,Perfect Fitness Perfect Rip Deck,34
2016-04-19,Titleist Pro V1x High Numbers Personalized Go,1
2016-04-19,Under Armour Girls' Toddler Spine Surge Runni,14
2016-04-20,Diamondback Women's Serene Classic Comfort Bi,4
2016-04-20,Field & Stream Sportsman 16 Gun Fire Safe,4
2016-04-20,Nike Men's CJ Elite 2 TD Football Cleat,15
2016-04-20,Nike Men's Comfort 2 Slide,9
2016-04-20,Nike Men's Dri-FIT Victory Golf Polo,22
2016-04-20,Nike Men's Free 5.0+ Running Shoe,11
2016-04-20,Nike Women's Legend V-Neck T-Shirt,4
2016-04-20,Nike Women's Tempo Shorts,1
2016-04-20,O'Brien Men's Neoprene Life Vest,52
2016-04-20,Pelican Sunstream 100 Kayak,9
2016-04-20,Perfect Fitness Perfect Rip Deck,53
2016-04-20,Team Golf New England Patriots Putter Grip,5
2016-04-20,Team Golf St. Louis Cardinals Putter Grip,5
2016-04-20,Team Golf Tennessee Volunteers Putter Grip,1
2016-04-20,Titleist Pro V1 High Numbers Personalized Gol,6
2016-04-20,Titleist Pro V1x High Numbers Golf Balls,4
2016-04-20,Under Armour Girls' Toddler Spine Surge Runni,11
2016-04-20,Under Armour Men's Compression EV SL Slide,2
2016-04-21,Columbia Men's PFG Anchor Tough T-Shirt,3
2016-04-21,Diamondback Women's Serene Classic Comfort Bi,10
2016-04-21,Field & Stream Sportsman 16 Gun Fire Safe,9
2016-04-21,Nike Men's CJ Elite 2 TD Football Cleat,7
2016-04-21,Nike Men's Comfort 2 Slide,4
2016-04-21,Nike Men's Dri-FIT Victory Golf Polo,42
2016-04-21,Nike Men's Free 5.0+ Running Shoe,28
2016-04-21,O'Brien Men's Neoprene Life Vest,20
2016-04-21,Pelican Sunstream 100 Kayak,5
2016-04-21,Perfect Fitness Perfect Rip Deck,63
2016-04-21,Team Golf Texas Longhorns Putter Grip,4
2016-04-21,Top Flite Women's 2014 XL Hybrid,1
2016-04-21,Under Armour Girls' Toddler Spine Surge Runni,11
2016-04-21,adidas Men's F10 Messi TRX FG Soccer Cleat,1
2016-04-22,Bridgestone e6 Straight Distance NFL Carolina,2
2016-04-22,Clicgear 8.0 Shoe Brush,1
2016-04-22,Diamondback Women's Serene Classic Comfort Bi,6
2016-04-22,Field & Stream Sportsman 16 Gun Fire Safe,10
2016-04-22,Glove It Women's Mod Oval 3-Zip Carry All Gol,2
2016-04-22,Nike Men's CJ Elite 2 TD Football Cleat,13
2016-04-22,Nike Men's Dri-FIT Victory Golf Polo,33
2016-04-22,Nike Men's Free 5.0+ Running Shoe,17
2016-04-22,O'Brien Men's Neoprene Life Vest,22
2016-04-22,Pelican Sunstream 100 Kayak,4
2016-04-22,Perfect Fitness Perfect Rip Deck,34
2016-04-22,Team Golf New England Patriots Putter Grip,2
2016-04-22,Team Golf Texas Longhorns Putter Grip,5
2016-04-22,Under Armour Girls' Toddler Spine Surge Runni,11
2016-04-22,Under Armour Women's Micro G Skulpt Running S,5
2016-04-22,adidas Men's Germany Black Crest Away Tee,2
2016-04-23,Bridgestone e6 Straight Distance NFL Carolina,3
2016-04-23,Diamondback Women's Serene Classic Comfort Bi,13
2016-04-23,ENO Atlas Hammock Straps,5
2016-04-23,Field & Stream Sportsman 16 Gun Fire Safe,8
2016-04-23,Glove It Urban Brick Golf Towel,1
2016-04-23,Hirzl Women's Soffft Flex Golf Glove,4
2016-04-23,Nike Men's CJ Elite 2 TD Football Cleat,17
2016-04-23,Nike Men's Dri-FIT Victory Golf Polo,39
2016-04-23,Nike Men's Free 5.0+ Running Shoe,14
2016-04-23,O'Brien Men's Neoprene Life Vest,39
2016-04-23,Pelican Sunstream 100 Kayak,7
2016-04-23,Perfect Fitness Perfect Rip Deck,35
2016-04-23,Team Golf St. Louis Cardinals Putter Grip,4
2016-04-23,Under Armour Girls' Toddler Spine Surge Runni,18
2016-04-24,Diamondback Women's Serene Classic Comfort Bi,5
2016-04-24,ENO Atlas Hammock Straps,3
2016-04-24,Field & Stream Sportsman 16 Gun Fire Safe,11
2016-04-24,Hirzl Women's Soffft Flex Golf Glove,6
2016-04-24,Nike Men's CJ Elite 2 TD Football Cleat,13
2016-04-24,Nike Men's Dri-FIT Victory Golf Polo,23
2016-04-24,Nike Men's Free 5.0+ Running Shoe,17
2016-04-24,Nike Women's Legend V-Neck T-Shirt,1
2016-04-24,O'Brien Men's Neoprene Life Vest,29
2016-04-24,Pelican Sunstream 100 Kayak,8
2016-04-24,Perfect Fitness Perfect Rip Deck,38
2016-04-24,Team Golf New England Patriots Putter Grip,4
2016-04-24,Team Golf St. Louis Cardinals Putter Grip,9
2016-04-24,Titleist Pro V1 High Numbers Personalized Gol,5
2016-04-24,Titleist Pro V1x Golf Balls,1
2016-04-24,Under Armour Girls' Toddler Spine Surge Runni,22
2016-04-24,Under Armour Hustle Storm Medium Duffle Bag,4
2016-04-24,adidas Men's F10 Messi TRX FG Soccer Cleat,3
2016-04-24,adidas Men's Germany Black Crest Away Tee,6
2016-04-25,Bag Boy Beverage Holder,1
2016-04-25,Columbia Men's PFG Anchor Tough T-Shirt,4
2016-04-25,Diamondback Women's Serene Classic Comfort Bi,7
2016-04-25,Field & Stream Sportsman 16 Gun Fire Safe,5
2016-04-25,Glove It Urban Brick Golf Towel,5
2016-04-25,Glove It Women's Imperial Golf Glove,2
2016-04-25,Glove It Women's Mod Oval 3-Zip Carry All Gol,5
2016-04-25,Nike Men's CJ Elite 2 TD Football Cleat,8
2016-04-25,Nike Men's Dri-FIT Victory Golf Polo,24
2016-04-25,Nike Men's Free 5.0+ Running Shoe,25
2016-04-25,Nike Women's Legend V-Neck T-Shirt,3
2016-04-25,Nike Women's Tempo Shorts,3
2016-04-25,O'Brien Men's Neoprene Life Vest,11
2016-04-25,Pelican Sunstream 100 Kayak,5
2016-04-25,Perfect Fitness Perfect Rip Deck,24
2016-04-25,Team Golf St. Louis Cardinals Putter Grip,2
2016-04-25,Titleist Pro V1x High Numbers Golf Balls,5
2016-04-25,Under Armour Girls' Toddler Spine Surge Runni,22
2016-04-25,adidas Youth Germany Black/Red Away Match Soc,5
2016-04-26,Columbia Men's PFG Anchor Tough T-Shirt,4
2016-04-26,Diamondback Women's Serene Classic Comfort Bi,6
2016-04-26,Field & Stream Sportsman 16 Gun Fire Safe,4
2016-04-26,LIJA Women's Eyelet Sleeveless Golf Polo,1
2016-04-26,Nike Men's CJ Elite 2 TD Football Cleat,14
2016-04-26,Nike Men's Comfort 2 Slide,4
2016-04-26,Nike Men's Dri-FIT Victory Golf Polo,25
2016-04-26,Nike Men's Free 5.0+ Running Shoe,6
2016-04-26,O'Brien Men's Neoprene Life Vest,28
2016-04-26,Pelican Sunstream 100 Kayak,6
2016-04-26,Perfect Fitness Perfect Rip Deck,25
2016-04-26,Team Golf San Francisco Giants Putter Grip,5
2016-04-26,Under Armour Girls' Toddler Spine Surge Runni,12
2016-04-26,Under Armour Women's Ignite Slide,5
2016-04-26,adidas Men's Germany Black Crest Away Tee,4
2016-04-27,Columbia Men's PFG Anchor Tough T-Shirt,1
2016-04-27,Diamondback Women's Serene Classic Comfort Bi,6
2016-04-27,Field & Stream Sportsman 16 Gun Fire Safe,7
2016-04-27,Glove It Imperial Golf Towel,1
2016-04-27,Glove It Urban Brick Golf Towel,4
2016-04-27,Hirzl Women's Soffft Flex Golf Glove,5
2016-04-27,Nike Men's CJ Elite 2 TD Football Cleat,11
2016-04-27,Nike Men's Deutschland Weltmeister Winners Bl,3
2016-04-27,Nike Men's Dri-FIT Victory Golf Polo,22
2016-04-27,Nike Men's Free 5.0+ Running Shoe,33
2016-04-27,Nike Women's Legend V-Neck T-Shirt,1
2016-04-27,O'Brien Men's Neoprene Life Vest,11
2016-04-27,Pelican Sunstream 100 Kayak,7
2016-04-27,Perfect Fitness Perfect Rip Deck,38
2016-04-27,Titleist Pro V1 High Numbers Personalized Gol,1
2016-04-27,Under Armour Girls' Toddler Spine Surge Runni,7
2016-04-28,Clicgear Rovic Cooler Bag,2
2016-04-28,Columbia Men's PFG Anchor Tough T-Shirt,5
2016-04-28,Diamondback Women's Serene Classic Comfort Bi,4
2016-04-28,Field & Stream Sportsman 16 Gun Fire Safe,5
2016-04-28,Glove It Urban Brick Golf Towel,4
2016-04-28,Nike Men's CJ Elite 2 TD Football Cleat,7
2016-04-28,Nike Men's Dri-FIT Victory Golf Polo,14
2016-04-28,Nike Men's Free 5.0+ Running Shoe,21
2016-04-28,O'Brien Men's Neoprene Life Vest,23
2016-04-28,Pelican Sunstream 100 Kayak,1
2016-04-28,Perfect Fitness Perfect Rip Deck,29
2016-04-28,Titleist Pro V1 High Numbers Personalized Gol,4
2016-04-28,Under Armour Girls' Toddler Spine Surge Runni,4
2016-04-28,Under Armour Hustle Storm Medium Duffle Bag,2
2016-04-28,Under Armour Women's Ignite Slide,2
2016-04-28,adidas Men's F10 Messi TRX FG Soccer Cleat,2
2016-04-29,Bridgestone e6 Straight Distance NFL San Dieg,1
2016-04-29,Diamondback Women's Serene Classic Comfort Bi,6
2016-04-29,Field & Stream Sportsman 16 Gun Fire Safe,6
2016-04-29,LIJA Women's Eyelet Sleeveless Golf Polo,2
2016-04-29,Nike Men's CJ Elite 2 TD Football Cleat,6
2016-04-29,Nike Men's Dri-FIT Victory Golf Polo,40
2016-04-29,Nike Men's Free 5.0+ Running Shoe,20
2016-04-29,O'Brien Men's Neoprene Life Vest,15
2016-04-29,Pelican Sunstream 100 Kayak,7
2016-04-29,Perfect Fitness Perfect Rip Deck,39
2016-04-29,Team Golf Tennessee Volunteers Putter Grip,5
2016-04-29,Titleist Pro V1x Golf Balls,4
2016-04-29,Under Armour Girls' Toddler Spine Surge Runni,21
2016-04-29,Under Armour Women's Ignite Slide,5
2016-04-29,adidas Youth Germany Black/Red Away Match Soc,5
2016-04-30,Clicgear Rovic Cooler Bag,3
2016-04-30,Diamondback Women's Serene Classic Comfort Bi,3
2016-04-30,ENO Atlas Hammock Straps,4
2016-04-30,Field & Stream Sportsman 16 Gun Fire Safe,2
2016-04-30,Nike Men's CJ Elite 2 TD Football Cleat,7
2016-04-30,Nike Men's Dri-FIT Victory Golf Polo,32
2016-04-30,Nike Men's Free 5.0+ Running Shoe,4
2016-04-30,O'Brien Men's Neoprene Life Vest,15
2016-04-30,Pelican Sunstream 100 Kayak,5
2016-04-30,Perfect Fitness Perfect Rip Deck,29
2016-04-30,Team Golf New England Patriots Putter Grip,4
2016-04-30,Under Armour Girls' Toddler Spine Surge Runni,5
2016-04-30,Under Armour Men's Compression EV SL Slide,3
2016-05-01,Bag Boy Beverage Holder,10
2016-05-01,Clicgear 8.0 Shoe Brush,5
2016-05-01,Diamondback Women's Serene Classic Comfort Bi,4
2016-05-01,ENO Atlas Hammock Straps,2
2016-05-01,Field & Stream Sportsman 16 Gun Fire Safe,11
2016-05-01,Glove It Imperial Golf Towel,3
2016-05-01,Glove It Women's Mod Oval 3-Zip Carry All Gol,1
2016-05-01,Nike Men's CJ Elite 2 TD Football Cleat,10
2016-05-01,Nike Men's Dri-FIT Victory Golf Polo,26
2016-05-01,Nike Men's Free 5.0+ Running Shoe,15
2016-05-01,O'Brien Men's Neoprene Life Vest,39
2016-05-01,Pelican Sunstream 100 Kayak,7
2016-05-01,Perfect Fitness Perfect Rip Deck,60
2016-05-01,Team Golf Pittsburgh Steelers Putter Grip,4
2016-05-01,Team Golf San Francisco Giants Putter Grip,3
2016-05-01,Team Golf Tennessee Volunteers Putter Grip,2
2016-05-01,Titleist Pro V1x High Numbers Personalized Go,4
2016-05-01,Top Flite Women's 2014 XL Hybrid,4
2016-05-01,Under Armour Girls' Toddler Spine Surge Runni,18
2016-05-02,Bridgestone e6 Straight Distance NFL San Dieg,4
2016-05-02,Diamondback Women's Serene Classic Comfort Bi,7
2016-05-02,Field & Stream Sportsman 16 Gun Fire Safe,6
2016-05-02,Glove It Women's Mod Oval 3-Zip Carry All Gol,5
2016-05-02,Glove It Women's Mod Oval Golf Glove,1
2016-05-02,Hirzl Women's Soffft Flex Golf Glove,3
2016-05-02,Nike Dri-FIT Crew Sock 6 Pack,4
2016-05-02,Nike Men's CJ Elite 2 TD Football Cleat,7
2016-05-02,Nike Men's Dri-FIT Victory Golf Polo,17
2016-05-02,Nike Men's Free 5.0+ Running Shoe,11
2016-05-02,O'Brien Men's Neoprene Life Vest,27
2016-05-02,Pelican Sunstream 100 Kayak,6
2016-05-02,Perfect Fitness Perfect Rip Deck,32
2016-05-02,Team Golf St. Louis Cardinals Putter Grip,1
2016-05-02,Team Golf Tennessee Volunteers Putter Grip,1
2016-05-02,Titleist Pro V1x Golf Balls,5
2016-05-02,Under Armour Girls' Toddler Spine Surge Runni,17
2016-05-02,Under Armour Kids' Mercenary Slide,5
2016-05-03,Diamondback Women's Serene Classic Comfort Bi,2
2016-05-03,ENO Atlas Hammock Straps,1
2016-05-03,Field & Stream Sportsman 16 Gun Fire Safe,5
2016-05-03,Nike Men's CJ Elite 2 TD Football Cleat,7
2016-05-03,Nike Men's Dri-FIT Victory Golf Polo,11
2016-05-03,Nike Men's Free 5.0+ Running Shoe,29
2016-05-03,Nike Women's Legend V-Neck T-Shirt,2
2016-05-03,Nike Women's Tempo Shorts,5
2016-05-03,O'Brien Men's Neoprene Life Vest,35
2016-05-03,Pelican Sunstream 100 Kayak,5
2016-05-03,Perfect Fitness Perfect Rip Deck,47
2016-05-03,Top Flite Women's 2014 XL Hybrid,5
2016-05-03,Under Armour Girls' Toddler Spine Surge Runni,4
2016-05-04,Bridgestone e6 Straight Distance NFL San Dieg,2
2016-05-04,Clicgear Rovic Cooler Bag,4
2016-05-04,Diamondback Women's Serene Classic Comfort Bi,4
2016-05-04,Field & Stream Sportsman 16 Gun Fire Safe,6
2016-05-04,Glove It Women's Mod Oval Golf Glove,4
2016-05-04,Nike Men's CJ Elite 2 TD Football Cleat,11
2016-05-04,Nike Men's Dri-FIT Victory Golf Polo,23
2016-05-04,Nike Men's Free 5.0+ Running Shoe,6
2016-05-04,O'Brien Men's Neoprene Life Vest,9
2016-05-04,Pelican Sunstream 100 Kayak,9
2016-05-04,Perfect Fitness Perfect Rip Deck,30
2016-05-04,Team Golf New England Patriots Putter Grip,4
2016-05-04,Titleist Pro V1x High Numbers Personalized Go,4
2016-05-04,Under Armour Girls' Toddler Spine Surge Runni,11
2016-05-04,adidas Men's Germany Black Crest Away Tee,5
2016-05-05,Bag Boy Beverage Holder,4
2016-05-05,Clicgear 8.0 Shoe Brush,1
2016-05-05,Diamondback Women's Serene Classic Comfort Bi,8
2016-05-05,Field & Stream Sportsman 16 Gun Fire Safe,10
2016-05-05,Glove It Urban Brick Golf Towel,5
2016-05-05,Nike Men's CJ Elite 2 TD Football Cleat,9
2016-05-05,Nike Men's Dri-FIT Victory Golf Polo,36
2016-05-05,Nike Men's Free 5.0+ Running Shoe,10
2016-05-05,O'Brien Men's Neoprene Life Vest,34
2016-05-05,Pelican Sunstream 100 Kayak,5
2016-05-05,Perfect Fitness Perfect Rip Deck,33
2016-05-05,Under Armour Girls' Toddler Spine Surge Runni,6
2016-05-06,Bridgestone e6 Straight Distance NFL San Dieg,3
2016-05-06,Diamondback Women's Serene Classic Comfort Bi,5
2016-05-06,Field & Stream Sportsman 16 Gun Fire Safe,6
2016-05-06,Glove It Imperial Golf Towel,3
2016-05-06,Hirzl Women's Hybrid Golf Glove,2
2016-05-06,LIJA Women's Eyelet Sleeveless Golf Polo,3
2016-05-06,Nike Men's Dri-FIT Victory Golf Polo,39
2016-05-06,Nike Men's Free 5.0+ Running Shoe,13
2016-05-06,Nike Women's Tempo Shorts,2
2016-05-06,O'Brien Men's Neoprene Life Vest,9
2016-05-06,Pelican Sunstream 100 Kayak,8
2016-05-06,Perfect Fitness Perfect Rip Deck,37
2016-05-06,Team Golf New England Patriots Putter Grip,1
2016-05-06,Team Golf Pittsburgh Steelers Putter Grip,1
2016-05-06,Team Golf St. Louis Cardinals Putter Grip,5
2016-05-06,Under Armour Girls' Toddler Spine Surge Runni,12
2016-05-06,Under Armour Women's Ignite PIP VI Slide,3
2016-05-06,Under Armour Women's Micro G Skulpt Running S,5
2016-05-06,adidas Men's F10 Messi TRX FG Soccer Cleat,4
2016-05-07,Diamondback Women's Serene Classic Comfort Bi,4
2016-05-07,Field & Stream Sportsman 16 Gun Fire Safe,5
2016-05-07,Glove It Women's Mod Oval 3-Zip Carry All Gol,1
2016-05-07,Hirzl Men's Hybrid Golf Glove,2
2016-05-07,Hirzl Women's Hybrid Golf Glove,5
2016-05-07,Nike Men's CJ Elite 2 TD Football Cleat,8
2016-05-07,Nike Men's Dri-FIT Victory Golf Polo,29
2016-05-07,Nike Men's Free 5.0+ Running Shoe,20
2016-05-07,O'Brien Men's Neoprene Life Vest,27
2016-05-07,Pelican Sunstream 100 Kayak,11
2016-05-07,Perfect Fitness Perfect Rip Deck,26
2016-05-07,Top Flite Women's 2014 XL Hybrid,5
2016-05-07,Under Armour Girls' Toddler Spine Surge Runni,13
2016-05-07,Under Armour Women's Ignite Slide,2
2016-05-07,Under Armour Women's Micro G Skulpt Running S,2
2016-05-07,adidas Men's F10 Messi TRX FG Soccer Cleat,5
2016-05-08,Bag Boy Beverage Holder,3
2016-05-08,Diamondback Women's Serene Classic Comfort Bi,5
2016-05-08,Field & Stream Sportsman 16 Gun Fire Safe,9
2016-05-08,Glove It Urban Brick Golf Towel,7
2016-05-08,Nike Men's CJ Elite 2 TD Football Cleat,14
2016-05-08,Nike Men's Deutschland Weltmeister Winners Bl,5
2016-05-08,Nike Men's Dri-FIT Victory Golf Polo,26
2016-05-08,Nike Men's Free 5.0+ Running Shoe,16
2016-05-08,O'Brien Men's Neoprene Life Vest,37
2016-05-08,Pelican Sunstream 100 Kayak,12
2016-05-08,Perfect Fitness Perfect Rip Deck,42
2016-05-08,Team Golf New England Patriots Putter Grip,4
2016-05-08,Team Golf Pittsburgh Steelers Putter Grip,3
2016-05-08,Titleist Pro V1 High Numbers Personalized Gol,2
2016-05-08,Under Armour Girls' Toddler Spine Surge Runni,5
2016-05-08,Under Armour Kids' Mercenary Slide,5
2016-05-08,Under Armour Men's Compression EV SL Slide,4
2016-05-09,Columbia Men's PFG Anchor Tough T-Shirt,5
2016-05-09,Diamondback Women's Serene Classic Comfort Bi,3
2016-05-09,ENO Atlas Hammock Straps,2
2016-05-09,Field & Stream Sportsman 16 Gun Fire Safe,4
2016-05-09,Glove It Urban Brick Golf Towel,5
2016-05-09,Nike Men's CJ Elite 2 TD Football Cleat,5
2016-05-09,Nike Men's Dri-FIT Victory Golf Polo,9
2016-05-09,Nike Men's Free 5.0+ Running Shoe,18
2016-05-09,O'Brien Men's Neoprene Life Vest,35
2016-05-09,Pelican Sunstream 100 Kayak,13
2016-05-09,Perfect Fitness Perfect Rip Deck,42
2016-05-09,Team Golf Tennessee Volunteers Putter Grip,2
2016-05-09,Under Armour Girls' Toddler Spine Surge Runni,11
2016-05-09,Under Armour Men's Compression EV SL Slide,3
2016-05-10,Bridgestone e6 Straight Distance NFL Carolina,4
2016-05-10,Columbia Men's PFG Anchor Tough T-Shirt,4
2016-05-10,Diamondback Women's Serene Classic Comfort Bi,10
2016-05-10,Field & Stream Sportsman 16 Gun Fire Safe,8
2016-05-10,Nike Men's CJ Elite 2 TD Football Cleat,4
2016-05-10,Nike Men's Dri-FIT Victory Golf Polo,6
2016-05-10,Nike Men's Free 5.0+ Running Shoe,13
2016-05-10,Nike Women's Tempo Shorts,2
2016-05-10,O'Brien Men's Neoprene Life Vest,16
2016-05-10,Pelican Sunstream 100 Kayak,9
2016-05-10,Perfect Fitness Perfect Rip Deck,23
2016-05-10,Under Armour Girls' Toddler Spine Surge Runni,17
2016-05-10,Under Armour Women's Micro G Skulpt Running S,3
2016-05-10,adidas Men's F10 Messi TRX FG Soccer Cleat,3
2016-05-11,Bridgestone e6 Straight Distance NFL Carolina,1
2016-05-11,Diamondback Women's Serene Classic Comfort Bi,9
2016-05-11,Field & Stream Sportsman 16 Gun Fire Safe,6
2016-05-11,Nike Men's CJ Elite 2 TD Football Cleat,11
2016-05-11,Nike Men's Dri-FIT Victory Golf Polo,31
2016-05-11,Nike Men's Free 5.0+ Running Shoe,6
2016-05-11,Nike Women's Tempo Shorts,4
2016-05-11,O'Brien Men's Neoprene Life Vest,22
2016-05-11,Pelican Sunstream 100 Kayak,10
2016-05-11,Perfect Fitness Perfect Rip Deck,22
2016-05-11,Team Golf Pittsburgh Steelers Putter Grip,4
2016-05-11,Team Golf St. Louis Cardinals Putter Grip,1
2016-05-11,Under Armour Men's Tech II T-Shirt,4
2016-05-11,Under Armour Women's Ignite PIP VI Slide,4
2016-05-12,Clicgear 8.0 Shoe Brush,4
2016-05-12,Diamondback Women's Serene Classic Comfort Bi,8
2016-05-12,Field & Stream Sportsman 16 Gun Fire Safe,9
2016-05-12,Glove It Women's Mod Oval Golf Glove,5
2016-05-12,Hirzl Women's Hybrid Golf Glove,5
2016-05-12,Hirzl Women's Soffft Flex Golf Glove,3
2016-05-12,Nike Men's CJ Elite 2 TD Football Cleat,11
2016-05-12,Nike Men's Comfort 2 Slide,5
2016-05-12,Nike Men's Dri-FIT Victory Golf Polo,28
2016-05-12,Nike Men's Free 5.0+ Running Shoe,11
2016-05-12,O'Brien Men's Neoprene Life Vest,11
2016-05-12,Pelican Sunstream 100 Kayak,7
2016-05-12,Perfect Fitness Perfect Rip Deck,36
2016-05-12,Team Golf Pittsburgh Steelers Putter Grip,1
2016-05-12,Team Golf San Francisco Giants Putter Grip,1
2016-05-12,Titleist Pro V1 High Numbers Personalized Gol,4
2016-05-12,Under Armour Girls' Toddler Spine Surge Runni,19
2016-05-12,Under Armour Men's Tech II T-Shirt,3
2016-05-12,adidas Kids' F5 Messi FG Soccer Cleat,2
2016-05-13,Bridgestone e6 Straight Distance NFL Tennesse,4
2016-05-13,Diamondback Women's Serene Classic Comfort Bi,7
2016-05-13,Field & Stream Sportsman 16 Gun Fire Safe,8
2016-05-13,Glove It Women's Imperial Golf Glove,3
2016-05-13,Hirzl Men's Hybrid Golf Glove,4
2016-05-13,Hirzl Women's Hybrid Golf Glove,4
2016-05-13,Nike Men's CJ Elite 2 TD Football Cleat,14
2016-05-13,Nike Men's Comfort 2 Slide,5
2016-05-13,Nike Men's Dri-FIT Victory Golf Polo,40
2016-05-13,O'Brien Men's Neoprene Life Vest,22
2016-05-13,Pelican Sunstream 100 Kayak,7
2016-05-13,Perfect Fitness Perfect Rip Deck,36
2016-05-13,Team Golf San Francisco Giants Putter Grip,1
2016-05-13,Team Golf St. Louis Cardinals Putter Grip,3
2016-05-13,Titleist Pro V1 High Numbers Personalized Gol,3
2016-05-13,Under Armour Girls' Toddler Spine Surge Runni,16
2016-05-13,Under Armour Men's Compression EV SL Slide,3
2016-05-13,Under Armour Women's Ignite PIP VI Slide,4
2016-05-13,Under Armour Women's Ignite Slide,5
2016-05-13,adidas Men's Germany Black Crest Away Tee,4
2016-05-14,Diamondback Women's Serene Classic Comfort Bi,9
2016-05-14,Field & Stream Sportsman 16 Gun Fire Safe,8
2016-05-14,LIJA Women's Eyelet Sleeveless Golf Polo,2
2016-05-14,Nike Men's CJ Elite 2 TD Football Cleat,11
2016-05-14,Nike Men's Dri-FIT Victory Golf Polo,9
2016-05-14,Nike Men's Free 5.0+ Running Shoe,23
2016-05-14,O'Brien Men's Neoprene Life Vest,44
2016-05-14,Pelican Sunstream 100 Kayak,4
2016-05-14,Perfect Fitness Perfect Rip Deck,40
2016-05-14,Titleist Pro V1 High Numbers Personalized Gol,3
2016-05-14,Top Flite Women's 2014 XL Hybrid,2
2016-05-14,Under Armour Girls' Toddler Spine Surge Runni,17
2016-05-14,Under Armour Hustle Storm Medium Duffle Bag,1
2016-05-15,Diamondback Women's Serene Classic Comfort Bi,8
2016-05-15,Field & Stream Sportsman 16 Gun Fire Safe,10
2016-05-15,Glove It Urban Brick Golf Towel,2
2016-05-15,Glove It Women's Mod Oval 3-Zip Carry All Gol,5
2016-05-15,Hirzl Women's Hybrid Golf Glove,1
2016-05-15,LIJA Women's Eyelet Sleeveless Golf Polo,5
2016-05-15,Nike Men's CJ Elite 2 TD Football Cleat,15
2016-05-15,Nike Men's Dri-FIT Victory Golf Polo,24
2016-05-15,Nike Men's Free 5.0+ Running Shoe,17
2016-05-15,O'Brien Men's Neoprene Life Vest,29
2016-05-15,Pelican Sunstream 100 Kayak,10
2016-05-15,Perfect Fitness Perfect Rip Deck,30
2016-05-15,Titleist Pro V1x High Numbers Personalized Go,3
2016-05-15,Under Armour Girls' Toddler Spine Surge Runni,21
2016-05-15,Under Armour Hustle Storm Medium Duffle Bag,2
2016-05-15,Under Armour Kids' Mercenary Slide,4
2016-05-15,Under Armour Men's Compression EV SL Slide,1
2016-05-16,Diamondback Women's Serene Classic Comfort Bi,5
2016-05-16,Field & Stream Sportsman 16 Gun Fire Safe,11
2016-05-16,Glove It Imperial Golf Towel,3
2016-05-16,Glove It Women's Mod Oval Golf Glove,4
2016-05-16,Nike Men's CJ Elite 2 TD Football Cleat,13
2016-05-16,Nike Men's Dri-FIT Victory Golf Polo,28
2016-05-16,Nike Men's Free 5.0+ Running Shoe,19
2016-05-16,O'Brien Men's Neoprene Life Vest,41
2016-05-16,Pelican Sunstream 100 Kayak,9
2016-05-16,Perfect Fitness Perfect Rip Deck,18
2016-05-16,Under Armour Girls' Toddler Spine Surge Runni,20
2016-05-16,Under Armour Hustle Storm Medium Duffle Bag,4
2016-05-16,Under Armour Women's Ignite PIP VI Slide,5
2016-05-16,adidas Men's F10 Messi TRX FG Soccer Cleat,1
2016-05-17,Bridgestone e6 Straight Distance NFL San Dieg,4
2016-05-17,Columbia Men's PFG Anchor Tough T-Shirt,2
2016-05-17,Diamondback Women's Serene Classic Comfort Bi,6
2016-05-17,Field & Stream Sportsman 16 Gun Fire Safe,8
2016-05-17,Hirzl Men's Hybrid Golf Glove,5
2016-05-17,Nike Men's CJ Elite 2 TD Football Cleat,9
2016-05-17,Nike Men's Dri-FIT Victory Golf Polo,9
2016-05-17,Nike Men's Free 5.0+ Running Shoe,7
2016-05-17,Nike Women's Legend V-Neck T-Shirt,5
2016-05-17,Nike Women's Tempo Shorts,5
2016-05-17,O'Brien Men's Neoprene Life Vest,12
2016-05-17,Pelican Sunstream 100 Kayak,10
2016-05-17,Perfect Fitness Perfect Rip Deck,31
2016-05-17,TYR Boys' Team Digi Jammer,2
2016-05-17,Titleist Pro V1 High Numbers Personalized Gol,5
2016-05-17,Under Armour Girls' Toddler Spine Surge Runni,10
2016-05-17,adidas Men's Germany Black Crest Away Tee,4
2016-05-18,Columbia Men's PFG Anchor Tough T-Shirt,5
2016-05-18,Diamondback Women's Serene Classic Comfort Bi,4
2016-05-18,Field & Stream Sportsman 16 Gun Fire Safe,9
2016-05-18,Glove It Women's Mod Oval Golf Glove,5
2016-05-18,Hirzl Women's Soffft Flex Golf Glove,3
2016-05-18,Nike Men's CJ Elite 2 TD Football Cleat,6
2016-05-18,Nike Men's Dri-FIT Victory Golf Polo,20
2016-05-18,Nike Men's Free 5.0+ Running Shoe,28
2016-05-18,O'Brien Men's Neoprene Life Vest,17
2016-05-18,Pelican Sunstream 100 Kayak,9
2016-05-18,Perfect Fitness Perfect Rip Deck,30
2016-05-18,Team Golf Tennessee Volunteers Putter Grip,3
2016-05-18,Top Flite Women's 2014 XL Hybrid,4
2016-05-18,Under Armour Girls' Toddler Spine Surge Runni,11
2016-05-18,adidas Men's F10 Messi TRX FG Soccer Cleat,1
2016-05-18,adidas Men's Germany Black Crest Away Tee,5
2016-05-19,Diamondback Women's Serene Classic Comfort Bi,6
2016-05-19,Field & Stream Sportsman 16 Gun Fire Safe,1
2016-05-19,Nike Men's CJ Elite 2 TD Football Cleat,6
2016-05-19,Nike Men's Dri-FIT Victory Golf Polo,31
2016-05-19,Nike Men's Free 5.0+ Running Shoe,6
2016-05-19,O'Brien Men's Neoprene Life Vest,9
2016-05-19,Pelican Sunstream 100 Kayak,5
2016-05-19,Perfect Fitness Perfect Rip Deck,28
2016-05-19,Team Golf San Francisco Giants Putter Grip,5
2016-05-19,Team Golf Tennessee Volunteers Putter Grip,5
2016-05-19,Under Armour Girls' Toddler Spine Surge Runni,14
2016-05-20,Bridgestone e6 Straight Distance NFL Carolina,3
2016-05-20,Columbia Men's PFG Anchor Tough T-Shirt,1
2016-05-20,Diamondback Women's Serene Classic Comfort Bi,3
2016-05-20,Field & Stream Sportsman 16 Gun Fire Safe,5
2016-05-20,Nike Men's CJ Elite 2 TD Football Cleat,13
2016-05-20,Nike Men's Deutschland Weltmeister Winners Bl,1
2016-05-20,Nike Men's Dri-FIT Victory Golf Polo,23
2016-05-20,Nike Men's Free 5.0+ Running Shoe,12
2016-05-20,O'Brien Men's Neoprene Life Vest,17
2016-05-20,Pelican Sunstream 100 Kayak,8
2016-05-20,Perfect Fitness Perfect Rip Deck,14
2016-05-20,Team Golf Tennessee Volunteers Putter Grip,5
2016-05-20,Titleist Pro V1x High Numbers Personalized Go,1
2016-05-20,Under Armour Girls' Toddler Spine Surge Runni,21
2016-05-20,adidas Men's Germany Black Crest Away Tee,4
2016-05-21,Diamondback Women's Serene Classic Comfort Bi,3
2016-05-21,Field & Stream Sportsman 16 Gun Fire Safe,9
2016-05-21,Nike Men's CJ Elite 2 TD Football Cleat,10
2016-05-21,Nike Men's Dri-FIT Victory Golf Polo,34
2016-05-21,Nike Men's Free 5.0+ Running Shoe,15
2016-05-21,O'Brien Men's Neoprene Life Vest,16
2016-05-21,Pelican Sunstream 100 Kayak,4
2016-05-21,Perfect Fitness Perfect Rip Deck,26
2016-05-21,TYR Boys' Team Digi Jammer,9
2016-05-21,Team Golf Texas Longhorns Putter Grip,5
2016-05-21,Under Armour Girls' Toddler Spine Surge Runni,5
2016-05-22,Bridgestone e6 Straight Distance NFL San Dieg,5
2016-05-22,Clicgear Rovic Cooler Bag,1
2016-05-22,Diamondback Women's Serene Classic Comfort Bi,5
2016-05-22,Field & Stream Sportsman 16 Gun Fire Safe,13
2016-05-22,Glove It Imperial Golf Towel,4
2016-05-22,Glove It Women's Mod Oval Golf Glove,4
2016-05-22,Hirzl Women's Hybrid Golf Glove,3
2016-05-22,Hirzl Women's Soffft Flex Golf Glove,4
2016-05-22,Nike Men's CJ Elite 2 TD Football Cleat,3
2016-05-22,Nike Men's Dri-FIT Victory Golf Polo,30
2016-05-22,Nike Men's Free 5.0+ Running Shoe,11
2016-05-22,O'Brien Men's Neoprene Life Vest,31
2016-05-22,Pelican Sunstream 100 Kayak,3
2016-05-22,Perfect Fitness Perfect Rip Deck,30
2016-05-22,Team Golf New England Patriots Putter Grip,1
2016-05-22,Team Golf Texas Longhorns Putter Grip,4
2016-05-22,Under Armour Girls' Toddler Spine Surge Runni,20
2016-05-23,Diamondback Women's Serene Classic Comfort Bi,6
2016-05-23,Field & Stream Sportsman 16 Gun Fire Safe,6
2016-05-23,Glove It Urban Brick Golf Towel,5
2016-05-23,Glove It Women's Imperial Golf Glove,1
2016-05-23,Nike Men's CJ Elite 2 TD Football Cleat,10
2016-05-23,Nike Men's Dri-FIT Victory Golf Polo,9
2016-05-23,Nike Men's Free 5.0+ Running Shoe,3
2016-05-23,Nike Women's Tempo Shorts,1
2016-05-23,O'Brien Men's Neoprene Life Vest,17
2016-05-23,Pelican Sunstream 100 Kayak,11
2016-05-23,Perfect Fitness Perfect Rip Deck,42
2016-05-23,Team Golf New England Patriots Putter Grip,2
2016-05-23,Team Golf Texas Longhorns Putter Grip,3
2016-05-23,Top Flite Women's 2014 XL Hybrid,6
2016-05-23,Under Armour Girls' Toddler Spine Surge Runni,3
2016-05-23,adidas Kids' F5 Messi FG Soccer Cleat,5
2016-05-24,Diamondback Women's Serene Classic Comfort Bi,11
2016-05-24,Field & Stream Sportsman 16 Gun Fire Safe,5
2016-05-24,Nike Men's CJ Elite 2 TD Football Cleat,14
2016-05-24,Nike Men's Dri-FIT Victory Golf Polo,40
2016-05-24,Nike Men's Free 5.0+ Running Shoe,12
2016-05-24,O'Brien Men's Neoprene Life Vest,48
2016-05-24,Pelican Sunstream 100 Kayak,10
2016-05-24,Perfect Fitness Perfect Rip Deck,31
2016-05-24,Team Golf San Francisco Giants Putter Grip,4
2016-05-24,Team Golf Tennessee Volunteers Putter Grip,3
2016-05-24,Team Golf Texas Longhorns Putter Grip,3
2016-05-24,Under Armour Girls' Toddler Spine Surge Runni,11
2016-05-24,adidas Kids' F5 Messi FG Soccer Cleat,5
2016-05-24,adidas Men's Germany Black Crest Away Tee,1
2016-05-25,Diamondback Women's Serene Classic Comfort Bi,5
2016-05-25,Field & Stream Sportsman 16 Gun Fire Safe,10
2016-05-25,Glove It Urban Brick Golf Towel,3
2016-05-25,Glove It Women's Mod Oval Golf Glove,2
2016-05-25,Nike Men's CJ Elite 2 TD Football Cleat,7
2016-05-25,Nike Men's Deutschland Weltmeister Winners Bl,3
2016-05-25,Nike Men's Dri-FIT Victory Golf Polo,42
2016-05-25,Nike Men's Free 5.0+ Running Shoe,18
2016-05-25,O'Brien Men's Neoprene Life Vest,18
2016-05-25,Pelican Sunstream 100 Kayak,8
2016-05-25,Perfect Fitness Perfect Rip Deck,16
2016-05-25,Top Flite Women's 2014 XL Hybrid,4
2016-05-25,Under Armour Girls' Toddler Spine Surge Runni,2
2016-05-26,Diamondback Women's Serene Classic Comfort Bi,4
2016-05-26,Field & Stream Sportsman 16 Gun Fire Safe,3
2016-05-26,LIJA Women's Eyelet Sleeveless Golf Polo,4
2016-05-26,Nike Men's CJ Elite 2 TD Football Cleat,12
2016-05-26,Nike Men's Dri-FIT Victory Golf Polo,19
2016-05-26,Nike Men's Free 5.0+ Running Shoe,17
2016-05-26,O'Brien Men's Neoprene Life Vest,3
2016-05-26,Pelican Sunstream 100 Kayak,5
2016-05-26,Perfect Fitness Perfect Rip Deck,27
2016-05-26,Team Golf New England Patriots Putter Grip,1
2016-05-26,Under Armour Girls' Toddler Spine Surge Runni,6
2016-05-26,Under Armour Kids' Mercenary Slide,4
2016-05-27,Bag Boy Beverage Holder,5
2016-05-27,Diamondback Women's Serene Classic Comfort Bi,6
2016-05-27,Field & Stream Sportsman 16 Gun Fire Safe,6
2016-05-27,Nike Men's CJ Elite 2 TD Football Cleat,11
2016-05-27,Nike Men's Dri-FIT Victory Golf Polo,20
2016-05-27,Nike Men's Free 5.0+ Running Shoe,16
2016-05-27,O'Brien Men's Neoprene Life Vest,30
2016-05-27,Pelican Sunstream 100 Kayak,7
2016-05-27,Perfect Fitness Perfect Rip Deck,64
2016-05-27,TYR Boys' Team Digi Jammer,5
2016-05-27,Team Golf Tennessee Volunteers Putter Grip,1
2016-05-27,Titleist Pro V1x Golf Balls,2
2016-05-27,Under Armour Girls' Toddler Spine Surge Runni,24
2016-05-27,Under Armour Women's Ignite PIP VI Slide,1
2016-05-27,adidas Men's F10 Messi TRX FG Soccer Cleat,2
2016-05-27,adidas Men's Germany Black Crest Away Tee,3
2016-05-28,Bridgestone e6 Straight Distance NFL Carolina,1
2016-05-28,Columbia Men's PFG Anchor Tough T-Shirt,4
2016-05-28,Diamondback Women's Serene Classic Comfort Bi,7
2016-05-28,Field & Stream Sportsman 16 Gun Fire Safe,4
2016-05-28,Nike Men's CJ Elite 2 TD Football Cleat,9
2016-05-28,Nike Men's Dri-FIT Victory Golf Polo,29
2016-05-28,Nike Men's Free 5.0+ Running Shoe,6
2016-05-28,O'Brien Men's Neoprene Life Vest,18
2016-05-28,Pelican Sunstream 100 Kayak,7
2016-05-28,Perfect Fitness Perfect Rip Deck,47
2016-05-28,TYR Boys' Team Digi Jammer,1
2016-05-28,Team Golf Pittsburgh Steelers Putter Grip,4
2016-05-28,Under Armour Girls' Toddler Spine Surge Runni,14
2016-05-28,Under Armour Hustle Storm Medium Duffle Bag,4
2016-05-28,Under Armour Kids' Mercenary Slide,1
2016-05-28,adidas Men's F10 Messi TRX FG Soccer Cleat,3
2016-05-28,adidas Men's Germany Black Crest Away Tee,3
2016-05-29,Bridgestone e6 Straight Distance NFL Carolina,5
2016-05-29,Diamondback Women's Serene Classic Comfort Bi,7
2016-05-29,Field & Stream Sportsman 16 Gun Fire Safe,4
2016-05-29,Glove It Imperial Golf Towel,5
2016-05-29,Glove It Urban Brick Golf Towel,1
2016-05-29,Hirzl Women's Soffft Flex Golf Glove,1
2016-05-29,Nike Men's CJ Elite 2 TD Football Cleat,10
2016-05-29,Nike Men's Deutschland Weltmeister Winners Bl,1
2016-05-29,Nike Men's Dri-FIT Victory Golf Polo,19
2016-05-29,Nike Men's Free 5.0+ Running Shoe,28
2016-05-29,O'Brien Men's Neoprene Life Vest,31
2016-05-29,Pelican Sunstream 100 Kayak,5
2016-05-29,Perfect Fitness Perfect Rip Deck,26
2016-05-29,Team Golf Texas Longhorns Putter Grip,3
2016-05-29,Under Armour Girls' Toddler Spine Surge Runni,10
2016-05-29,Under Armour Men's Tech II T-Shirt,5
2016-05-30,Bridgestone e6 Straight Distance NFL San Dieg,4
2016-05-30,Columbia Men's PFG Anchor Tough T-Shirt,5
2016-05-30,Diamondback Women's Serene Classic Comfort Bi,8
2016-05-30,Field & Stream Sportsman 16 Gun Fire Safe,11
2016-05-30,Glove It Urban Brick Golf Towel,3
2016-05-30,Glove It Women's Mod Oval Golf Glove,2
2016-05-30,Nike Dri-FIT Crew Sock 6 Pack,3
2016-05-30,Nike Men's CJ Elite 2 TD Football Cleat,14
2016-05-30,Nike Men's Dri-FIT Victory Golf Polo,55
2016-05-30,Nike Men's Free 5.0+ Running Shoe,15
2016-05-30,O'Brien Men's Neoprene Life Vest,15
2016-05-30,Pelican Sunstream 100 Kayak,10
2016-05-30,Perfect Fitness Perfect Rip Deck,50
2016-05-30,Under Armour Girls' Toddler Spine Surge Runni,31
2016-05-30,adidas Men's Germany Black Crest Away Tee,3
2016-05-31,Bridgestone e6 Straight Distance NFL Carolina,5
2016-05-31,Clicgear 8.0 Shoe Brush,5
2016-05-31,Diamondback Women's Serene Classic Comfort Bi,8
2016-05-31,Field & Stream Sportsman 16 Gun Fire Safe,8
2016-05-31,Glove It Imperial Golf Towel,2
2016-05-31,Nike Dri-FIT Crew Sock 6 Pack,4
2016-05-31,Nike Men's CJ Elite 2 TD Football Cleat,14
2016-05-31,Nike Men's Dri-FIT Victory Golf Polo,37
2016-05-31,Nike Men's Free 5.0+ Running Shoe,10
2016-05-31,Nike Women's Legend V-Neck T-Shirt,1
2016-05-31,O'Brien Men's Neoprene Life Vest,25
2016-05-31,Pelican Sunstream 100 Kayak,9
2016-05-31,Perfect Fitness Perfect Rip Deck,48
2016-05-31,Team Golf San Francisco Giants Putter Grip,5
2016-05-31,Team Golf Texas Longhorns Putter Grip,5
2016-05-31,Titleist Pro V1 High Numbers Personalized Gol,2
2016-05-31,Under Armour Girls' Toddler Spine Surge Runni,20
2016-05-31,Under Armour Kids' Mercenary Slide,4
2016-05-31,Under Armour Women's Ignite Slide,1
2016-05-31,adidas Men's F10 Messi TRX FG Soccer Cleat,7
2016-05-31,adidas Men's Germany Black Crest Away Tee,2
2016-06-01,Bridgestone e6 Straight Distance NFL Tennesse,2
2016-06-01,Diamondback Women's Serene Classic Comfort Bi,7
2016-06-01,Field & Stream Sportsman 16 Gun Fire Safe,12
2016-06-01,Glove It Urban Brick Golf Towel,4
2016-06-01,Hirzl Women's Hybrid Golf Glove,3
2016-06-01,Hirzl Women's Soffft Flex Golf Glove,4
2016-06-01,Nike Men's CJ Elite 2 TD Football Cleat,11
2016-06-01,Nike Men's Dri-FIT Victory Golf Polo,43
2016-06-01,Nike Men's Free 5.0+ Running Shoe,21
2016-06-01,Nike Women's Tempo Shorts,1
2016-06-01,O'Brien Men's Neoprene Life Vest,28
2016-06-01,Pelican Sunstream 100 Kayak,8
2016-06-01,Perfect Fitness Perfect Rip Deck,26
2016-06-01,Titleist Pro V1 High Numbers Personalized Gol,1
2016-06-01,Under Armour Girls' Toddler Spine Surge Runni,18
2016-06-01,Under Armour Men's Compression EV SL Slide,4
2016-06-02,Clicgear Rovic Cooler Bag,5
2016-06-02,Diamondback Women's Serene Classic Comfort Bi,4
2016-06-02,Field & Stream Sportsman 16 Gun Fire Safe,7
2016-06-02,Hirzl Women's Soffft Flex Golf Glove,7
2016-06-02,Nike Men's CJ Elite 2 TD Football Cleat,12
2016-06-02,Nike Men's Dri-FIT Victory Golf Polo,17
2016-06-02,Nike Men's Free 5.0+ Running Shoe,8
2016-06-02,O'Brien Men's Neoprene Life Vest,25
2016-06-02,Pelican Sunstream 100 Kayak,6
2016-06-02,Perfect Fitness Perfect Rip Deck,21
2016-06-02,Titleist Pro V1x Golf Balls,2
2016-06-02,Titleist Pro V1x High Numbers Golf Balls,1
2016-06-02,Under Armour Girls' Toddler Spine Surge Runni,14
2016-06-02,Under Armour Men's Tech II T-Shirt,4
2016-06-03,Bridgestone e6 Straight Distance NFL San Dieg,4
2016-06-03,Diamondback Women's Serene Classic Comfort Bi,7
2016-06-03,Field & Stream Sportsman 16 Gun Fire Safe,9
2016-06-03,Nike Men's CJ Elite 2 TD Football Cleat,13
2016-06-03,Nike Men's Dri-FIT Victory Golf Polo,18
2016-06-03,Nike Men's Free 5.0+ Running Shoe,6
2016-06-03,O'Brien Men's Neoprene Life Vest,32
2016-06-03,Pelican Sunstream 100 Kayak,11
2016-06-03,Perfect Fitness Perfect Rip Deck,38
2016-06-03,Team Golf Tennessee Volunteers Putter Grip,3
2016-06-03,Under Armour Girls' Toddler Spine Surge Runni,8
2016-06-03,Under Armour Men's Compression EV SL Slide,2
2016-06-03,adidas Kids' F5 Messi FG Soccer Cleat,1
2016-06-04,Diamondback Women's Serene Classic Comfort Bi,12
2016-06-04,Field & Stream Sportsman 16 Gun Fire Safe,8
2016-06-04,Glove It Women's Imperial Golf Glove,2
2016-06-04,Nike Men's CJ Elite 2 TD Football Cleat,11
2016-06-04,Nike Men's Comfort 2 Slide,5
2016-06-04,Nike Men's Dri-FIT Victory Golf Polo,51
2016-06-04,Nike Men's Free 5.0+ Running Shoe,15
2016-06-04,O'Brien Men's Neoprene Life Vest,38
2016-06-04,Pelican Sunstream 100 Kayak,11
2016-06-04,Perfect Fitness Perfect Rip Deck,59
2016-06-04,Titleist Pro V1x Golf Balls,1
2016-06-04,Under Armour Girls' Toddler Spine Surge Runni,19
2016-06-04,Under Armour Women's Ignite PIP VI Slide,4
2016-06-04,adidas Men's Germany Black Crest Away Tee,3
2016-06-05,Diamondback Women's Serene Classic Comfort Bi,1
2016-06-05,Field & Stream Sportsman 16 Gun Fire Safe,5
2016-06-05,Nike Men's CJ Elite 2 TD Football Cleat,8
2016-06-05,Nike Men's Dri-FIT Victory Golf Polo,20
2016-06-05,Nike Men's Free 5.0+ Running Shoe,14
2016-06-05,O'Brien Men's Neoprene Life Vest,26
2016-06-05,Pelican Sunstream 100 Kayak,4
2016-06-05,Perfect Fitness Perfect Rip Deck,21
2016-06-05,Team Golf Pittsburgh Steelers Putter Grip,5
2016-06-05,Titleist Pro V1 High Numbers Personalized Gol,1
2016-06-05,Under Armour Girls' Toddler Spine Surge Runni,6
2016-06-05,Under Armour Women's Ignite PIP VI Slide,3
2016-06-06,Diamondback Women's Serene Classic Comfort Bi,7
2016-06-06,Field & Stream Sportsman 16 Gun Fire Safe,7
2016-06-06,Nike Men's CJ Elite 2 TD Football Cleat,12
2016-06-06,Nike Men's Dri-FIT Victory Golf Polo,34
2016-06-06,Nike Men's Free 5.0+ Running Shoe,7
2016-06-06,Nike Women's Tempo Shorts,5
2016-06-06,O'Brien Men's Neoprene Life Vest,14
2016-06-06,Pelican Sunstream 100 Kayak,9
2016-06-06,Perfect Fitness Perfect Rip Deck,43
2016-06-06,Team Golf Tennessee Volunteers Putter Grip,2
2016-06-06,Top Flite Women's 2014 XL Hybrid,5
2016-06-06,Under Armour Girls' Toddler Spine Surge Runni,6
2016-06-06,Under Armour Men's Tech II T-Shirt,3
2016-06-07,Bag Boy Beverage Holder,1
2016-06-07,Clicgear Rovic Cooler Bag,3
2016-06-07,Diamondback Women's Serene Classic Comfort Bi,4
2016-06-07,Field & Stream Sportsman 16 Gun Fire Safe,6
2016-06-07,Glove It Urban Brick Golf Towel,5
2016-06-07,Hirzl Men's Hybrid Golf Glove,4
2016-06-07,Nike Men's CJ Elite 2 TD Football Cleat,9
2016-06-07,Nike Men's Dri-FIT Victory Golf Polo,18
2016-06-07,Nike Men's Free 5.0+ Running Shoe,13
2016-06-07,O'Brien Men's Neoprene Life Vest,19
2016-06-07,Pelican Sunstream 100 Kayak,7
2016-06-07,Perfect Fitness Perfect Rip Deck,27
2016-06-07,TYR Boys' Team Digi Jammer,4
2016-06-07,Under Armour Girls' Toddler Spine Surge Runni,6
2016-06-07,Under Armour Women's Micro G Skulpt Running S,3
2016-06-08,Bridgestone e6 Straight Distance NFL Tennesse,9
2016-06-08,Columbia Men's PFG Anchor Tough T-Shirt,4
2016-06-08,Diamondback Women's Serene Classic Comfort Bi,8
2016-06-08,ENO Atlas Hammock Straps,7
2016-06-08,Field & Stream Sportsman 16 Gun Fire Safe,5
2016-06-08,Hirzl Men's Hybrid Golf Glove,2
2016-06-08,Nike Men's CJ Elite 2 TD Football Cleat,5
2016-06-08,Nike Men's Dri-FIT Victory Golf Polo,36
2016-06-08,Nike Men's Free 5.0+ Running Shoe,14
2016-06-08,O'Brien Men's Neoprene Life Vest,13
2016-06-08,Pelican Sunstream 100 Kayak,7
2016-06-08,Perfect Fitness Perfect Rip Deck,40
2016-06-08,TYR Boys' Team Digi Jammer,1
2016-06-08,Under Armour Girls' Toddler Spine Surge Runni,12
2016-06-08,adidas Men's F10 Messi TRX FG Soccer Cleat,5
2016-06-08,adidas Youth Germany Black/Red Away Match Soc,3
2016-06-09,Diamondback Women's Serene Classic Comfort Bi,1
2016-06-09,Field & Stream Sportsman 16 Gun Fire Safe,5
2016-06-09,Nike Men's CJ Elite 2 TD Football Cleat,6
2016-06-09,Nike Men's Dri-FIT Victory Golf Polo,42
2016-06-09,Nike Men's Free 5.0+ Running Shoe,10
2016-06-09,Nike Women's Legend V-Neck T-Shirt,5
2016-06-09,O'Brien Men's Neoprene Life Vest,21
2016-06-09,Pelican Sunstream 100 Kayak,5
2016-06-09,Perfect Fitness Perfect Rip Deck,33
2016-06-09,Under Armour Girls' Toddler Spine Surge Runni,17
2016-06-09,Under Armour Women's Ignite PIP VI Slide,2
2016-06-10,Diamondback Women's Serene Classic Comfort Bi,7
2016-06-10,Field & Stream Sportsman 16 Gun Fire Safe,11
2016-06-10,LIJA Women's Eyelet Sleeveless Golf Polo,4
2016-06-10,Nike Men's CJ Elite 2 TD Football Cleat,16
2016-06-10,Nike Men's Comfort 2 Slide,1
2016-06-10,Nike Men's Dri-FIT Victory Golf Polo,39
2016-06-10,Nike Men's Free 5.0+ Running Shoe,11
2016-06-10,O'Brien Men's Neoprene Life Vest,22
2016-06-10,Pelican Sunstream 100 Kayak,5
2016-06-10,Perfect Fitness Perfect Rip Deck,41
2016-06-10,Team Golf Texas Longhorns Putter Grip,4
2016-06-10,Titleist Pro V1x High Numbers Golf Balls,3
2016-06-10,Under Armour Girls' Toddler Spine Surge Runni,19
2016-06-10,Under Armour Hustle Storm Medium Duffle Bag,3
2016-06-11,Diamondback Women's Serene Classic Comfort Bi,10
2016-06-11,Field & Stream Sportsman 16 Gun Fire Safe,15
2016-06-11,Hirzl Men's Hybrid Golf Glove,3
2016-06-11,Nike Dri-FIT Crew Sock 6 Pack,4
2016-06-11,Nike Men's CJ Elite 2 TD Football Cleat,13
2016-06-11,Nike Men's Dri-FIT Victory Golf Polo,40
2016-06-11,Nike Men's Free 5.0+ Running Shoe,9
2016-06-11,Nike Women's Legend V-Neck T-Shirt,2
2016-06-11,O'Brien Men's Neoprene Life Vest,26
2016-06-11,Pelican Sunstream 100 Kayak,8
2016-06-11,Perfect Fitness Perfect Rip Deck,29
2016-06-11,TYR Boys' Team Digi Jammer,3
2016-06-11,Team Golf St. Louis Cardinals Putter Grip,4
2016-06-11,Under Armour Girls' Toddler Spine Surge Runni,8
2016-06-12,Bridgestone e6 Straight Distance NFL Carolina,2
2016-06-12,Bridgestone e6 Straight Distance NFL San Dieg,3
2016-06-12,Diamondback Women's Serene Classic Comfort Bi,9
2016-06-12,Field & Stream Sportsman 16 Gun Fire Safe,7
2016-06-12,LIJA Women's Eyelet Sleeveless Golf Polo,2
2016-06-12,Nike Dri-FIT Crew Sock 6 Pack,5
2016-06-12,Nike Men's CJ Elite 2 TD Football Cleat,13
2016-06-12,Nike Men's Dri-FIT Victory Golf Polo,29
2016-06-12,Nike Men's Free 5.0+ Running Shoe,18
2016-06-12,O'Brien Men's Neoprene Life Vest,21
2016-06-12,Pelican Sunstream 100 Kayak,8
2016-06-12,Perfect Fitness Perfect Rip Deck,42
2016-06-12,Under Armour Girls' Toddler Spine Surge Runni,9
2016-06-12,adidas Kids' F5 Messi FG Soccer Cleat,3
2016-06-12,adidas Youth Germany Black/Red Away Match Soc,4
2016-06-13,Bridgestone e6 Straight Distance NFL San Dieg,5
2016-06-13,Diamondback Women's Serene Classic Comfort Bi,5
2016-06-13,Field & Stream Sportsman 16 Gun Fire Safe,10
2016-06-13,Glove It Women's Mod Oval Golf Glove,5
2016-06-13,Hirzl Men's Hybrid Golf Glove,4
2016-06-13,Nike Men's CJ Elite 2 TD Football Cleat,8
2016-06-13,Nike Men's Dri-FIT Victory Golf Polo,37
2016-06-13,Nike Men's Free 5.0+ Running Shoe,6
2016-06-13,O'Brien Men's Neoprene Life Vest,25
2016-06-13,Pelican Sunstream 100 Kayak,10
2016-06-13,Perfect Fitness Perfect Rip Deck,20
2016-06-13,Team Golf Texas Longhorns Putter Grip,5
2016-06-13,Titleist Pro V1 High Numbers Personalized Gol,2
2016-06-13,Under Armour Girls' Toddler Spine Surge Runni,17
2016-06-13,Under Armour Women's Ignite PIP VI Slide,1
2016-06-14,Bag Boy Beverage Holder,2
2016-06-14,Diamondback Women's Serene Classic Comfort Bi,5
2016-06-14,Field & Stream Sportsman 16 Gun Fire Safe,13
2016-06-14,Glove It Imperial Golf Towel,1
2016-06-14,Nike Men's CJ Elite 2 TD Football Cleat,12
2016-06-14,Nike Men's Dri-FIT Victory Golf Polo,21
2016-06-14,Nike Men's Free 5.0+ Running Shoe,10
2016-06-14,O'Brien Men's Neoprene Life Vest,40
2016-06-14,Perfect Fitness Perfect Rip Deck,30
2016-06-14,Team Golf Tennessee Volunteers Putter Grip,2
2016-06-14,Titleist Pro V1x Golf Balls,5
2016-06-14,Under Armour Girls' Toddler Spine Surge Runni,13
2016-06-15,Clicgear Rovic Cooler Bag,2
2016-06-15,Columbia Men's PFG Anchor Tough T-Shirt,4
2016-06-15,Diamondback Women's Serene Classic Comfort Bi,5
2016-06-15,Field & Stream Sportsman 16 Gun Fire Safe,8
2016-06-15,Nike Men's CJ Elite 2 TD Football Cleat,11
2016-06-15,Nike Men's Dri-FIT Victory Golf Polo,20
2016-06-15,Nike Men's Free 5.0+ Running Shoe,24
2016-06-15,Nike Women's Legend V-Neck T-Shirt,4
2016-06-15,O'Brien Men's Neoprene Life Vest,7
2016-06-15,Pelican Sunstream 100 Kayak,5
2016-06-15,Perfect Fitness Perfect Rip Deck,30
2016-06-15,Under Armour Girls' Toddler Spine Surge Runni,18
2016-06-15,Under Armour Women's Micro G Skulpt Running S,1
2016-06-16,Bag Boy Beverage Holder,5
2016-06-16,Bridgestone e6 Straight Distance NFL Carolina,3
2016-06-16,Columbia Men's PFG Anchor Tough T-Shirt,6
2016-06-16,Diamondback Women's Serene Classic Comfort Bi,5
2016-06-16,Field & Stream Sportsman 16 Gun Fire Safe,12
2016-06-16,Nike Men's CJ Elite 2 TD Football Cleat,6
2016-06-16,Nike Men's Comfort 2 Slide,2
2016-06-16,Nike Men's Dri-FIT Victory Golf Polo,33
2016-06-16,Nike Men's Free 5.0+ Running Shoe,21
2016-06-16,Nike Women's Tempo Shorts,1
2016-06-16,O'Brien Men's Neoprene Life Vest,35
2016-06-16,Pelican Sunstream 100 Kayak,8
2016-06-16,Perfect Fitness Perfect Rip Deck,23
2016-06-16,TYR Boys' Team Digi Jammer,2
2016-06-16,Under Armour Girls' Toddler Spine Surge Runni,18
2016-06-16,Under Armour Women's Ignite PIP VI Slide,3
2016-06-16,adidas Men's Germany Black Crest Away Tee,1
2016-06-17,Bridgestone e6 Straight Distance NFL San Dieg,2
2016-06-17,Clicgear Rovic Cooler Bag,3
2016-06-17,Diamondback Women's Serene Classic Comfort Bi,5
2016-06-17,Field & Stream Sportsman 16 Gun Fire Safe,6
2016-06-17,Glove It Women's Imperial Golf Glove,4
2016-06-17,Nike Men's CJ Elite 2 TD Football Cleat,5
2016-06-17,Nike Men's Dri-FIT Victory Golf Polo,30
2016-06-17,Nike Men's Free 5.0+ Running Shoe,11
2016-06-17,O'Brien Men's Neoprene Life Vest,28
2016-06-17,Pelican Sunstream 100 Kayak,6
2016-06-17,Perfect Fitness Perfect Rip Deck,21
2016-06-17,Titleist Pro V1 High Numbers Personalized Gol,2
2016-06-17,Titleist Pro V1x Golf Balls,5
2016-06-17,Under Armour Girls' Toddler Spine Surge Runni,6
2016-06-17,Under Armour Women's Ignite PIP VI Slide,1
2016-06-17,adidas Men's Germany Black Crest Away Tee,2
2016-06-17,adidas Youth Germany Black/Red Away Match Soc,1
2016-06-18,Bridgestone e6 Straight Distance NFL San Dieg,5
2016-06-18,Diamondback Women's Serene Classic Comfort Bi,1
2016-06-18,Field & Stream Sportsman 16 Gun Fire Safe,7
2016-06-18,Glove It Women's Mod Oval 3-Zip Carry All Gol,4
2016-06-18,Glove It Women's Mod Oval Golf Glove,6
2016-06-18,Hirzl Men's Hybrid Golf Glove,2
2016-06-18,Nike Men's CJ Elite 2 TD Football Cleat,10
2016-06-18,Nike Men's Dri-FIT Victory Golf Polo,17
2016-06-18,Nike Men's Free 5.0+ Running Shoe,28
2016-06-18,O'Brien Men's Neoprene Life Vest,6
2016-06-18,Pelican Sunstream 100 Kayak,4
2016-06-18,Perfect Fitness Perfect Rip Deck,29
2016-06-18,Titleist Pro V1x High Numbers Golf Balls,1
2016-06-18,Titleist Pro V1x High Numbers Personalized Go,5
2016-06-18,Under Armour Girls' Toddler Spine Surge Runni,7
2016-06-18,Under Armour Men's Tech II T-Shirt,1
2016-06-18,adidas Kids' F5 Messi FG Soccer Cleat,1
2016-06-19,Clicgear Rovic Cooler Bag,3
2016-06-19,Diamondback Women's Serene Classic Comfort Bi,8
2016-06-19,Field & Stream Sportsman 16 Gun Fire Safe,14
2016-06-19,Nike Men's CJ Elite 2 TD Football Cleat,8
2016-06-19,Nike Men's Dri-FIT Victory Golf Polo,19
2016-06-19,Nike Men's Free 5.0+ Running Shoe,18
2016-06-19,O'Brien Men's Neoprene Life Vest,15
2016-06-19,Pelican Sunstream 100 Kayak,4
2016-06-19,Perfect Fitness Perfect Rip Deck,37
2016-06-19,Team Golf Pittsburgh Steelers Putter Grip,2
2016-06-19,Team Golf Tennessee Volunteers Putter Grip,2
2016-06-19,Under Armour Girls' Toddler Spine Surge Runni,19
2016-06-19,Under Armour Women's Ignite PIP VI Slide,5
2016-06-20,Bridgestone e6 Straight Distance NFL Carolina,3
2016-06-20,Clicgear Rovic Cooler Bag,3
2016-06-20,Diamondback Women's Serene Classic Comfort Bi,9
2016-06-20,Field & Stream Sportsman 16 Gun Fire Safe,5
2016-06-20,Hirzl Men's Hybrid Golf Glove,5
2016-06-20,Nike Men's CJ Elite 2 TD Football Cleat,7
2016-06-20,Nike Men's Deutschland Weltmeister Winners Bl,3
2016-06-20,Nike Men's Dri-FIT Victory Golf Polo,18
2016-06-20,Nike Men's Free 5.0+ Running Shoe,18
2016-06-20,O'Brien Men's Neoprene Life Vest,32
2016-06-20,Pelican Sunstream 100 Kayak,7
2016-06-20,Perfect Fitness Perfect Rip Deck,51
2016-06-20,Team Golf St. Louis Cardinals Putter Grip,1
2016-06-20,Top Flite Women's 2014 XL Hybrid,5
2016-06-20,Under Armour Girls' Toddler Spine Surge Runni,5
2016-06-20,Under Armour Women's Ignite PIP VI Slide,6
2016-06-21,Columbia Men's PFG Anchor Tough T-Shirt,5
2016-06-21,Diamondback Women's Serene Classic Comfort Bi,4
2016-06-21,Field & Stream Sportsman 16 Gun Fire Safe,14
2016-06-21,Nike Men's CJ Elite 2 TD Football Cleat,9
2016-06-21,Nike Men's Dri-FIT Victory Golf Polo,36
2016-06-21,Nike Men's Free 5.0+ Running Shoe,9
2016-06-21,O'Brien Men's Neoprene Life Vest,34
2016-06-21,Pelican Sunstream 100 Kayak,6
2016-06-21,Perfect Fitness Perfect Rip Deck,31
2016-06-21,TYR Boys' Team Digi Jammer,3
2016-06-21,Team Golf San Francisco Giants Putter Grip,4
2016-06-21,Team Golf Tennessee Volunteers Putter Grip,5
2016-06-21,Titleist Pro V1x High Numbers Personalized Go,5
2016-06-21,Under Armour Girls' Toddler Spine Surge Runni,13
2016-06-22,Bridgestone e6 Straight Distance NFL Tennesse,5
2016-06-22,Diamondback Women's Serene Classic Comfort Bi,9
2016-06-22,Field & Stream Sportsman 16 Gun Fire Safe,14
2016-06-22,Hirzl Men's Hybrid Golf Glove,5
2016-06-22,Nike Men's CJ Elite 2 TD Football Cleat,12
2016-06-22,Nike Men's Deutschland Weltmeister Winners Bl,11
2016-06-22,Nike Men's Dri-FIT Victory Golf Polo,40
2016-06-22,Nike Men's Free 5.0+ Running Shoe,25
2016-06-22,Nike Women's Legend V-Neck T-Shirt,4
2016-06-22,O'Brien Men's Neoprene Life Vest,12
2016-06-22,Pelican Sunstream 100 Kayak,4
2016-06-22,Perfect Fitness Perfect Rip Deck,33
2016-06-22,Team Golf Pittsburgh Steelers Putter Grip,2
2016-06-22,Titleist Pro V1x Golf Balls,4
2016-06-22,Under Armour Girls' Toddler Spine Surge Runni,17
2016-06-22,adidas Men's Germany Black Crest Away Tee,2
2016-06-23,Diamondback Women's Serene Classic Comfort Bi,4
2016-06-23,Field & Stream Sportsman 16 Gun Fire Safe,5
2016-06-23,Glove It Women's Mod Oval Golf Glove,5
2016-06-23,Hirzl Women's Hybrid Golf Glove,2
2016-06-23,Nike Men's CJ Elite 2 TD Football Cleat,12
2016-06-23,Nike Men's Comfort 2 Slide,4
2016-06-23,Nike Men's Dri-FIT Victory Golf Polo,20
2016-06-23,Nike Men's Free 5.0+ Running Shoe,19
2016-06-23,O'Brien Men's Neoprene Life Vest,34
2016-06-23,Pelican Sunstream 100 Kayak,4
2016-06-23,Perfect Fitness Perfect Rip Deck,19
2016-06-23,Team Golf St. Louis Cardinals Putter Grip,2
2016-06-23,Titleist Pro V1x High Numbers Personalized Go,5
2016-06-23,Under Armour Girls' Toddler Spine Surge Runni,23
2016-06-24,Diamondback Women's Serene Classic Comfort Bi,3
2016-06-24,Field & Stream Sportsman 16 Gun Fire Safe,6
2016-06-24,Glove It Women's Imperial Golf Glove,2
2016-06-24,Glove It Women's Mod Oval 3-Zip Carry All Gol,5
2016-06-24,Nike Men's CJ Elite 2 TD Football Cleat,12
2016-06-24,Nike Men's Dri-FIT Victory Golf Polo,27
2016-06-24,Nike Men's Free 5.0+ Running Shoe,2
2016-06-24,Nike Women's Legend V-Neck T-Shirt,1
2016-06-24,O'Brien Men's Neoprene Life Vest,34
2016-06-24,Pelican Sunstream 100 Kayak,4
2016-06-24,Perfect Fitness Perfect Rip Deck,41
2016-06-24,Titleist Pro V1 High Numbers Personalized Gol,2
2016-06-24,Under Armour Girls' Toddler Spine Surge Runni,11
2016-06-24,adidas Men's F10 Messi TRX FG Soccer Cleat,5
2016-06-24,adidas Youth Germany Black/Red Away Match Soc,1
2016-06-25,Bridgestone e6 Straight Distance NFL San Dieg,5
2016-06-25,Diamondback Women's Serene Classic Comfort Bi,6
2016-06-25,Field & Stream Sportsman 16 Gun Fire Safe,5
2016-06-25,Glove It Women's Imperial Golf Glove,5
2016-06-25,Hirzl Women's Soffft Flex Golf Glove,5
2016-06-25,Nike Men's CJ Elite 2 TD Football Cleat,7
2016-06-25,Nike Men's Deutschland Weltmeister Winners Bl,2
2016-06-25,Nike Men's Dri-FIT Victory Golf Polo,37
2016-06-25,Nike Men's Free 5.0+ Running Shoe,31
2016-06-25,Nike Women's Tempo Shorts,4
2016-06-25,O'Brien Men's Neoprene Life Vest,22
2016-06-25,Pelican Sunstream 100 Kayak,6
2016-06-25,Perfect Fitness Perfect Rip Deck,45
2016-06-25,Team Golf Tennessee Volunteers Putter Grip,1
2016-06-25,Titleist Pro V1 High Numbers Personalized Gol,2
2016-06-25,Under Armour Girls' Toddler Spine Surge Runni,9
2016-06-25,Under Armour Hustle Storm Medium Duffle Bag,2
2016-06-25,Under Armour Men's Compression EV SL Slide,3
2016-06-25,Under Armour Men's Tech II T-Shirt,5
2016-06-26,Bag Boy Beverage Holder,5
2016-06-26,Bridgestone e6 Straight Distance NFL San Dieg,1
2016-06-26,Columbia Men's PFG Anchor Tough T-Shirt,2
2016-06-26,Diamondback Women's Serene Classic Comfort Bi,4
2016-06-26,ENO Atlas Hammock Straps,1
2016-06-26,Field & Stream Sportsman 16 Gun Fire Safe,9
2016-06-26,Hirzl Men's Hybrid Golf Glove,5
2016-06-26,Nike Dri-FIT Crew Sock 6 Pack,6
2016-06-26,Nike Men's CJ Elite 2 TD Football Cleat,16
2016-06-26,Nike Men's Dri-FIT Victory Golf Polo,51
2016-06-26,Nike Men's Free 5.0+ Running Shoe,23
2016-06-26,O'Brien Men's Neoprene Life Vest,30
2016-06-26,Pelican Sunstream 100 Kayak,10
2016-06-26,Perfect Fitness Perfect Rip Deck,43
2016-06-26,Team Golf St. Louis Cardinals Putter Grip,4
2016-06-26,Titleist Pro V1 High Numbers Personalized Gol,2
2016-06-26,Titleist Pro V1x High Numbers Personalized Go,3
2016-06-26,Top Flite Women's 2014 XL Hybrid,4
2016-06-26,Under Armour Girls' Toddler Spine Surge Runni,17
2016-06-26,Under Armour Men's Tech II T-Shirt,1
2016-06-26,Under Armour Women's Ignite PIP VI Slide,5
2016-06-26,Under Armour Women's Micro G Skulpt Running S,2
2016-06-26,adidas Kids' F5 Messi FG Soccer Cleat,4
2016-06-26,adidas Men's F10 Messi TRX FG Soccer Cleat,1
2016-06-26,adidas Youth Germany Black/Red Away Match Soc,3
2016-06-27,Diamondback Women's Serene Classic Comfort Bi,2
2016-06-27,Field & Stream Sportsman 16 Gun Fire Safe,6
2016-06-27,Glove It Urban Brick Golf Towel,2
2016-06-27,Hirzl Men's Hybrid Golf Glove,1
2016-06-27,Hirzl Women's Hybrid Golf Glove,4
2016-06-27,Nike Men's CJ Elite 2 TD Football Cleat,16
2016-06-27,Nike Men's Comfort 2 Slide,1
2016-06-27,Nike Men's Dri-FIT Victory Golf Polo,30
2016-06-27,Nike Men's Free 5.0+ Running Shoe,34
2016-06-27,Nike Women's Tempo Shorts,4
2016-06-27,O'Brien Men's Neoprene Life Vest,26
2016-06-27,Pelican Sunstream 100 Kayak,11
2016-06-27,Perfect Fitness Perfect Rip Deck,42
2016-06-27,Titleist Pro V1x High Numbers Golf Balls,6
2016-06-27,Under Armour Girls' Toddler Spine Surge Runni,8
2016-06-27,Under Armour Women's Ignite PIP VI Slide,1
2016-06-27,Under Armour Women's Ignite Slide,1
2016-06-28,Bag Boy Beverage Holder,5
2016-06-28,Bridgestone e6 Straight Distance NFL Carolina,5
2016-06-28,Diamondback Women's Serene Classic Comfort Bi,9
2016-06-28,Field & Stream Sportsman 16 Gun Fire Safe,10
2016-06-28,Glove It Imperial Golf Towel,2
2016-06-28,Glove It Women's Mod Oval 3-Zip Carry All Gol,4
2016-06-28,Hirzl Men's Hybrid Golf Glove,1
2016-06-28,Nike Men's CJ Elite 2 TD Football Cleat,18
2016-06-28,Nike Men's Deutschland Weltmeister Winners Bl,3
2016-06-28,Nike Men's Dri-FIT Victory Golf Polo,45
2016-06-28,Nike Men's Free 5.0+ Running Shoe,23
2016-06-28,O'Brien Men's Neoprene Life Vest,29
2016-06-28,Pelican Sunstream 100 Kayak,6
2016-06-28,Perfect Fitness Perfect Rip Deck,29
2016-06-28,Team Golf New England Patriots Putter Grip,4
2016-06-28,Team Golf St. Louis Cardinals Putter Grip,1
2016-06-28,Titleist Pro V1x High Numbers Golf Balls,3
2016-06-28,Top Flite Women's 2014 XL Hybrid,1
2016-06-28,Under Armour Girls' Toddler Spine Surge Runni,14
2016-06-28,Under Armour Kids' Mercenary Slide,5
2016-06-28,Under Armour Women's Ignite PIP VI Slide,2
2016-06-28,adidas Men's Germany Black Crest Away Tee,2
2016-06-29,Diamondback Women's Serene Classic Comfort Bi,10
2016-06-29,Field & Stream Sportsman 16 Gun Fire Safe,9
2016-06-29,Nike Men's CJ Elite 2 TD Football Cleat,10
2016-06-29,Nike Men's Deutschland Weltmeister Winners Bl,4
2016-06-29,Nike Men's Dri-FIT Victory Golf Polo,9
2016-06-29,Nike Men's Free 5.0+ Running Shoe,9
2016-06-29,O'Brien Men's Neoprene Life Vest,31
2016-06-29,Pelican Sunstream 100 Kayak,7
2016-06-29,Perfect Fitness Perfect Rip Deck,47
2016-06-29,TYR Boys' Team Digi Jammer,1
2016-06-29,Under Armour Girls' Toddler Spine Surge Runni,12
2016-06-29,Under Armour Women's Ignite Slide,3
2016-06-29,adidas Men's Germany Black Crest Away Tee,2
2016-06-30,Clicgear 8.0 Shoe Brush,4
2016-06-30,Diamondback Women's Serene Classic Comfort Bi,7
2016-06-30,Field & Stream Sportsman 16 Gun Fire Safe,5
2016-06-30,Hirzl Women's Hybrid Golf Glove,1
2016-06-30,Nike Men's CJ Elite 2 TD Football Cleat,9
2016-06-30,Nike Men's Dri-FIT Victory Golf Polo,55
2016-06-30,Nike Men's Free 5.0+ Running Shoe,30
2016-06-30,O'Brien Men's Neoprene Life Vest,21
2016-06-30,Pelican Sunstream 100 Kayak,2
2016-06-30,Perfect Fitness Perfect Rip Deck,29
2016-06-30,Under Armour Girls' Toddler Spine Surge Runni,31
2016-07-01,Bridgestone e6 Straight Distance NFL Carolina,5
2016-07-01,Diamondback Women's Serene Classic Comfort Bi,3
2016-07-01,Field & Stream Sportsman 16 Gun Fire Safe,1
2016-07-01,Glove It Urban Brick Golf Towel,3
2016-07-01,Nike Men's CJ Elite 2 TD Football Cleat,5
2016-07-01,Nike Men's Comfort 2 Slide,1
2016-07-01,Nike Men's Dri-FIT Victory Golf Polo,20
2016-07-01,Nike Men's Free 5.0+ Running Shoe,26
2016-07-01,O'Brien Men's Neoprene Life Vest,22
2016-07-01,Pelican Sunstream 100 Kayak,10
2016-07-01,Perfect Fitness Perfect Rip Deck,37
2016-07-01,Team Golf St. Louis Cardinals Putter Grip,3
2016-07-01,Titleist Pro V1 High Numbers Personalized Gol,1
2016-07-01,Under Armour Girls' Toddler Spine Surge Runni,12
2016-07-01,adidas Kids' F5 Messi FG Soccer Cleat,4
2016-07-02,Clicgear Rovic Cooler Bag,3
2016-07-02,Diamondback Women's Serene Classic Comfort Bi,3
2016-07-02,Field & Stream Sportsman 16 Gun Fire Safe,8
2016-07-02,LIJA Women's Eyelet Sleeveless Golf Polo,3
2016-07-02,Nike Men's CJ Elite 2 TD Football Cleat,13
2016-07-02,Nike Men's Dri-FIT Victory Golf Polo,13
2016-07-02,Nike Men's Free 5.0+ Running Shoe,9
2016-07-02,Nike Women's Legend V-Neck T-Shirt,5
2016-07-02,O'Brien Men's Neoprene Life Vest,29
2016-07-02,Pelican Sunstream 100 Kayak,7
2016-07-02,Perfect Fitness Perfect Rip Deck,13
2016-07-02,Titleist Pro V1x High Numbers Golf Balls,5
2016-07-02,Under Armour Girls' Toddler Spine Surge Runni,1
2016-07-02,adidas Kids' F5 Messi FG Soccer Cleat,1
2016-07-03,Bridgestone e6 Straight Distance NFL Carolina,4
2016-07-03,Diamondback Women's Serene Classic Comfort Bi,4
2016-07-03,Field & Stream Sportsman 16 Gun Fire Safe,5
2016-07-03,Hirzl Women's Soffft Flex Golf Glove,8
2016-07-03,Nike Men's CJ Elite 2 TD Football Cleat,6
2016-07-03,Nike Men's Dri-FIT Victory Golf Polo,31
2016-07-03,Nike Men's Free 5.0+ Running Shoe,18
2016-07-03,O'Brien Men's Neoprene Life Vest,37
2016-07-03,Pelican Sunstream 100 Kayak,5
2016-07-03,Perfect Fitness Perfect Rip Deck,9
2016-07-03,Team Golf New England Patriots Putter Grip,7
2016-07-03,Under Armour Girls' Toddler Spine Surge Runni,9
2016-07-03,Under Armour Women's Ignite PIP VI Slide,1
2016-07-04,Diamondback Women's Serene Classic Comfort Bi,3
2016-07-04,Field & Stream Sportsman 16 Gun Fire Safe,5
2016-07-04,Glove It Imperial Golf Towel,3
2016-07-04,Nike Men's CJ Elite 2 TD Football Cleat,8
2016-07-04,Nike Men's Dri-FIT Victory Golf Polo,23
2016-07-04,Nike Men's Free 5.0+ Running Shoe,20
2016-07-04,O'Brien Men's Neoprene Life Vest,4
2016-07-04,Pelican Sunstream 100 Kayak,9
2016-07-04,Perfect Fitness Perfect Rip Deck,31
2016-07-04,Under Armour Girls' Toddler Spine Surge Runni,6
2016-07-04,Under Armour Women's Ignite PIP VI Slide,3
2016-07-05,Clicgear Rovic Cooler Bag,3
2016-07-05,Diamondback Women's Serene Classic Comfort Bi,3
2016-07-05,ENO Atlas Hammock Straps,1
2016-07-05,Field & Stream Sportsman 16 Gun Fire Safe,10
2016-07-05,Glove It Imperial Golf Towel,8
2016-07-05,Nike Men's CJ Elite 2 TD Football Cleat,10
2016-07-05,Nike Men's Dri-FIT Victory Golf Polo,40
2016-07-05,Nike Men's Free 5.0+ Running Shoe,33
2016-07-05,Nike Women's Tempo Shorts,5
2016-07-05,O'Brien Men's Neoprene Life Vest,48
2016-07-05,Pelican Sunstream 100 Kayak,11
2016-07-05,Perfect Fitness Perfect Rip Deck,46
2016-07-05,Titleist Pro V1x Golf Balls,5
2016-07-05,Titleist Pro V1x High Numbers Golf Balls,1
2016-07-05,Titleist Pro V1x High Numbers Personalized Go,3
2016-07-05,Under Armour Girls' Toddler Spine Surge Runni,4
2016-07-05,Under Armour Women's Ignite Slide,4
2016-07-06,Diamondback Women's Serene Classic Comfort Bi,5
2016-07-06,Field & Stream Sportsman 16 Gun Fire Safe,5
2016-07-06,Glove It Imperial Golf Towel,5
2016-07-06,Hirzl Women's Hybrid Golf Glove,4
2016-07-06,Nike Men's CJ Elite 2 TD Football Cleat,9
2016-07-06,Nike Men's Dri-FIT Victory Golf Polo,37
2016-07-06,Nike Men's Free 5.0+ Running Shoe,3
2016-07-06,O'Brien Men's Neoprene Life Vest,19
2016-07-06,Pelican Sunstream 100 Kayak,12
2016-07-06,Perfect Fitness Perfect Rip Deck,25
2016-07-06,Team Golf New England Patriots Putter Grip,4
2016-07-06,Team Golf St. Louis Cardinals Putter Grip,7
2016-07-06,Titleist Pro V1x Golf Balls,5
2016-07-06,Under Armour Girls' Toddler Spine Surge Runni,19
2016-07-06,Under Armour Women's Ignite PIP VI Slide,9
2016-07-06,adidas Men's F10 Messi TRX FG Soccer Cleat,5
2016-07-07,Bag Boy Beverage Holder,4
2016-07-07,Columbia Men's PFG Anchor Tough T-Shirt,1
2016-07-07,Diamondback Women's Serene Classic Comfort Bi,7
2016-07-07,ENO Atlas Hammock Straps,7
2016-07-07,Field & Stream Sportsman 16 Gun Fire Safe,10
2016-07-07,Glove It Urban Brick Golf Towel,3
2016-07-07,Glove It Women's Mod Oval 3-Zip Carry All Gol,5
2016-07-07,Glove It Women's Mod Oval Golf Glove,3
2016-07-07,Nike Men's CJ Elite 2 TD Football Cleat,12
2016-07-07,Nike Men's Dri-FIT Victory Golf Polo,39
2016-07-07,Nike Men's Free 5.0+ Running Shoe,29
2016-07-07,O'Brien Men's Neoprene Life Vest,19
2016-07-07,Pelican Sunstream 100 Kayak,8
2016-07-07,Perfect Fitness Perfect Rip Deck,45
2016-07-07,Team Golf Pittsburgh Steelers Putter Grip,6
2016-07-07,Team Golf San Francisco Giants Putter Grip,5
2016-07-07,Titleist Pro V1x High Numbers Personalized Go,3
2016-07-07,Top Flite Women's 2014 XL Hybrid,5
2016-07-07,Under Armour Girls' Toddler Spine Surge Runni,33
2016-07-07,Under Armour Women's Ignite PIP VI Slide,5
2016-07-07,adidas Kids' F5 Messi FG Soccer Cleat,2
2016-07-08,Diamondback Women's Serene Classic Comfort Bi,4
2016-07-08,Field & Stream Sportsman 16 Gun Fire Safe,11
2016-07-08,Glove It Imperial Golf Towel,1
2016-07-08,Glove It Women's Imperial Golf Glove,4
2016-07-08,Nike Men's CJ Elite 2 TD Football Cleat,11
2016-07-08,Nike Men's Dri-FIT Victory Golf Polo,39
2016-07-08,Nike Men's Free 5.0+ Running Shoe,20
2016-07-08,O'Brien Men's Neoprene Life Vest,20
2016-07-08,Pelican Sunstream 100 Kayak,7
2016-07-08,Perfect Fitness Perfect Rip Deck,42
2016-07-08,Team Golf New England Patriots Putter Grip,1
2016-07-08,Team Golf Pittsburgh Steelers Putter Grip,5
2016-07-08,Titleist Pro V1x Golf Balls,7
2016-07-08,Under Armour Girls' Toddler Spine Surge Runni,10
2016-07-08,Under Armour Men's Tech II T-Shirt,9
2016-07-08,Under Armour Women's Ignite Slide,3
2016-07-08,adidas Kids' F5 Messi FG Soccer Cleat,5
2016-07-08,adidas Men's F10 Messi TRX FG Soccer Cleat,2
2016-07-09,Bridgestone e6 Straight Distance NFL Tennesse,5
2016-07-09,Diamondback Women's Serene Classic Comfort Bi,7
2016-07-09,Field & Stream Sportsman 16 Gun Fire Safe,8
2016-07-09,Nike Men's CJ Elite 2 TD Football Cleat,7
2016-07-09,Nike Men's Dri-FIT Victory Golf Polo,9
2016-07-09,Nike Men's Free 5.0+ Running Shoe,21
2016-07-09,Nike Women's Legend V-Neck T-Shirt,5
2016-07-09,O'Brien Men's Neoprene Life Vest,23
2016-07-09,Pelican Sunstream 100 Kayak,5
2016-07-09,Perfect Fitness Perfect Rip Deck,38
2016-07-09,Top Flite Women's 2014 XL Hybrid,2
2016-07-09,Under Armour Girls' Toddler Spine Surge Runni,20
2016-07-09,adidas Kids' F5 Messi FG Soccer Cleat,4
2016-07-10,Diamondback Women's Serene Classic Comfort Bi,7
2016-07-10,Field & Stream Sportsman 16 Gun Fire Safe,6
2016-07-10,Nike Men's CJ Elite 2 TD Football Cleat,11
2016-07-10,Nike Men's Dri-FIT Victory Golf Polo,11
2016-07-10,Nike Men's Free 5.0+ Running Shoe,6
2016-07-10,O'Brien Men's Neoprene Life Vest,29
2016-07-10,Pelican Sunstream 100 Kayak,9
2016-07-10,Perfect Fitness Perfect Rip Deck,30
2016-07-10,TYR Boys' Team Digi Jammer,3
2016-07-10,Under Armour Girls' Toddler Spine Surge Runni,9
2016-07-10,Under Armour Women's Ignite PIP VI Slide,3
2016-07-10,Under Armour Women's Micro G Skulpt Running S,5
2016-07-10,adidas Youth Germany Black/Red Away Match Soc,4
2016-07-11,Diamondback Women's Serene Classic Comfort Bi,5
2016-07-11,Field & Stream Sportsman 16 Gun Fire Safe,13
2016-07-11,Glove It Women's Mod Oval 3-Zip Carry All Gol,5
2016-07-11,Glove It Women's Mod Oval Golf Glove,4
2016-07-11,Hirzl Men's Hybrid Golf Glove,4
2016-07-11,Hirzl Women's Soffft Flex Golf Glove,1
2016-07-11,Nike Men's CJ Elite 2 TD Football Cleat,13
2016-07-11,Nike Men's Deutschland Weltmeister Winners Bl,5
2016-07-11,Nike Men's Dri-FIT Victory Golf Polo,44
2016-07-11,Nike Men's Free 5.0+ Running Shoe,15
2016-07-11,Nike Women's Tempo Shorts,1
2016-07-11,O'Brien Men's Neoprene Life Vest,33
2016-07-11,Pelican Sunstream 100 Kayak,7
2016-07-11,Perfect Fitness Perfect Rip Deck,36
2016-07-11,Team Golf New England Patriots Putter Grip,3
2016-07-11,Team Golf Pittsburgh Steelers Putter Grip,3
2016-07-11,Team Golf San Francisco Giants Putter Grip,3
2016-07-11,Team Golf Tennessee Volunteers Putter Grip,4
2016-07-11,Titleist Pro V1 High Numbers Personalized Gol,5
2016-07-11,Under Armour Girls' Toddler Spine Surge Runni,21
2016-07-11,adidas Kids' F5 Messi FG Soccer Cleat,2
2016-07-11,adidas Men's Germany Black Crest Away Tee,3
2016-07-11,adidas Youth Germany Black/Red Away Match Soc,4
2016-07-12,Diamondback Women's Serene Classic Comfort Bi,6
2016-07-12,Field & Stream Sportsman 16 Gun Fire Safe,9
2016-07-12,Glove It Imperial Golf Towel,4
2016-07-12,LIJA Women's Eyelet Sleeveless Golf Polo,2
2016-07-12,Nike Men's CJ Elite 2 TD Football Cleat,12
2016-07-12,Nike Men's Dri-FIT Victory Golf Polo,28
2016-07-12,Nike Men's Free 5.0+ Running Shoe,7
2016-07-12,O'Brien Men's Neoprene Life Vest,30
2016-07-12,Pelican Sunstream 100 Kayak,10
2016-07-12,Perfect Fitness Perfect Rip Deck,42
2016-07-12,Titleist Pro V1x Golf Balls,1
2016-07-12,Under Armour Girls' Toddler Spine Surge Runni,25
2016-07-12,Under Armour Women's Micro G Skulpt Running S,2
2016-07-12,adidas Men's Germany Black Crest Away Tee,2
2016-07-13,Bridgestone e6 Straight Distance NFL Carolina,1
2016-07-13,Diamondback Women's Serene Classic Comfort Bi,1
2016-07-13,Field & Stream Sportsman 16 Gun Fire Safe,4
2016-07-13,LIJA Women's Eyelet Sleeveless Golf Polo,4
2016-07-13,Nike Men's CJ Elite 2 TD Football Cleat,10
2016-07-13,Nike Men's Comfort 2 Slide,1
2016-07-13,Nike Men's Dri-FIT Victory Golf Polo,26
2016-07-13,Nike Men's Free 5.0+ Running Shoe,9
2016-07-13,O'Brien Men's Neoprene Life Vest,22
2016-07-13,Pelican Sunstream 100 Kayak,7
2016-07-13,Perfect Fitness Perfect Rip Deck,20
2016-07-13,Under Armour Girls' Toddler Spine Surge Runni,19
2016-07-13,Under Armour Men's Compression EV SL Slide,4
2016-07-13,Under Armour Women's Micro G Skulpt Running S,5
2016-07-13,adidas Men's Germany Black Crest Away Tee,1
2016-07-14,Diamondback Women's Serene Classic Comfort Bi,4
2016-07-14,ENO Atlas Hammock Straps,5
2016-07-14,Field & Stream Sportsman 16 Gun Fire Safe,2
2016-07-14,Hirzl Men's Hybrid Golf Glove,1
2016-07-14,Nike Dri-FIT Crew Sock 6 Pack,1
2016-07-14,Nike Men's CJ Elite 2 TD Football Cleat,12
2016-07-14,Nike Men's Comfort 2 Slide,1
2016-07-14,Nike Men's Dri-FIT Victory Golf Polo,6
2016-07-14,Nike Men's Free 5.0+ Running Shoe,16
2016-07-14,Nike Women's Legend V-Neck T-Shirt,1
2016-07-14,Nike Women's Tempo Shorts,2
2016-07-14,O'Brien Men's Neoprene Life Vest,25
2016-07-14,Pelican Sunstream 100 Kayak,5
2016-07-14,Perfect Fitness Perfect Rip Deck,20
2016-07-14,Under Armour Girls' Toddler Spine Surge Runni,9
2016-07-14,Under Armour Women's Micro G Skulpt Running S,3
2016-07-15,Bag Boy Beverage Holder,2
2016-07-15,Clicgear Rovic Cooler Bag,3
2016-07-15,Diamondback Women's Serene Classic Comfort Bi,5
2016-07-15,Field & Stream Sportsman 16 Gun Fire Safe,3
2016-07-15,Hirzl Women's Hybrid Golf Glove,7
2016-07-15,Nike Dri-FIT Crew Sock 6 Pack,5
2016-07-15,Nike Men's CJ Elite 2 TD Football Cleat,5
2016-07-15,Nike Men's Dri-FIT Victory Golf Polo,31
2016-07-15,Nike Men's Free 5.0+ Running Shoe,9
2016-07-15,O'Brien Men's Neoprene Life Vest,8
2016-07-15,Pelican Sunstream 100 Kayak,4
2016-07-15,Perfect Fitness Perfect Rip Deck,19
2016-07-15,Team Golf St. Louis Cardinals Putter Grip,5
2016-07-15,Under Armour Girls' Toddler Spine Surge Runni,7
2016-07-15,adidas Kids' F5 Messi FG Soccer Cleat,8
2016-07-15,adidas Men's F10 Messi TRX FG Soccer Cleat,10
2016-07-16,Bridgestone e6 Straight Distance NFL Tennesse,3
2016-07-16,Clicgear 8.0 Shoe Brush,4
2016-07-16,Columbia Men's PFG Anchor Tough T-Shirt,1
2016-07-16,Diamondback Women's Serene Classic Comfort Bi,6
2016-07-16,Field & Stream Sportsman 16 Gun Fire Safe,3
2016-07-16,Glove It Imperial Golf Towel,5
2016-07-16,Glove It Women's Mod Oval 3-Zip Carry All Gol,5
2016-07-16,Nike Men's CJ Elite 2 TD Football Cleat,9
2016-07-16,Nike Men's Dri-FIT Victory Golf Polo,38
2016-07-16,Nike Men's Free 5.0+ Running Shoe,20
2016-07-16,O'Brien Men's Neoprene Life Vest,52
2016-07-16,Pelican Sunstream 100 Kayak,6
2016-07-16,Perfect Fitness Perfect Rip Deck,66
2016-07-16,Team Golf St. Louis Cardinals Putter Grip,2
2016-07-16,Titleist Pro V1x High Numbers Personalized Go,3
2016-07-16,Under Armour Girls' Toddler Spine Surge Runni,7
2016-07-16,Under Armour Men's Tech II T-Shirt,3
2016-07-16,adidas Men's Germany Black Crest Away Tee,4
2016-07-16,adidas Youth Germany Black/Red Away Match Soc,2
2016-07-17,Clicgear 8.0 Shoe Brush,4
2016-07-17,Diamondback Women's Serene Classic Comfort Bi,13
2016-07-17,Field & Stream Sportsman 16 Gun Fire Safe,12
2016-07-17,Hirzl Women's Hybrid Golf Glove,12
2016-07-17,Nike Men's CJ Elite 2 TD Football Cleat,8
2016-07-17,Nike Men's Dri-FIT Victory Golf Polo,32
2016-07-17,Nike Men's Free 5.0+ Running Shoe,24
2016-07-17,O'Brien Men's Neoprene Life Vest,27
2016-07-17,Pelican Sunstream 100 Kayak,8
2016-07-17,Perfect Fitness Perfect Rip Deck,31
2016-07-17,Titleist Pro V1 High Numbers Personalized Gol,1
2016-07-17,Under Armour Girls' Toddler Spine Surge Runni,8
2016-07-17,Under Armour Men's Tech II T-Shirt,2
2016-07-17,Under Armour Women's Ignite PIP VI Slide,4
2016-07-17,adidas Kids' F5 Messi FG Soccer Cleat,3
2016-07-18,Columbia Men's PFG Anchor Tough T-Shirt,3
2016-07-18,Diamondback Women's Serene Classic Comfort Bi,10
2016-07-18,Field & Stream Sportsman 16 Gun Fire Safe,7
2016-07-18,Glove It Women's Mod Oval 3-Zip Carry All Gol,5
2016-07-18,Nike Men's CJ Elite 2 TD Football Cleat,7
2016-07-18,Nike Men's Comfort 2 Slide,5
2016-07-18,Nike Men's Dri-FIT Victory Golf Polo,46
2016-07-18,Nike Men's Free 5.0+ Running Shoe,21
2016-07-18,O'Brien Men's Neoprene Life Vest,27
2016-07-18,Pelican Sunstream 100 Kayak,7
2016-07-18,Perfect Fitness Perfect Rip Deck,49
2016-07-18,Team Golf Texas Longhorns Putter Grip,1
2016-07-18,Under Armour Girls' Toddler Spine Surge Runni,23
2016-07-18,adidas Men's Germany Black Crest Away Tee,1
2016-07-19,Bag Boy Beverage Holder,1
2016-07-19,Diamondback Women's Serene Classic Comfort Bi,3
2016-07-19,Field & Stream Sportsman 16 Gun Fire Safe,8
2016-07-19,Nike Men's CJ Elite 2 TD Football Cleat,6
2016-07-19,Nike Men's Dri-FIT Victory Golf Polo,11
2016-07-19,Nike Men's Free 5.0+ Running Shoe,5
2016-07-19,Nike Women's Legend V-Neck T-Shirt,5
2016-07-19,O'Brien Men's Neoprene Life Vest,31
2016-07-19,Pelican Sunstream 100 Kayak,6
2016-07-19,Perfect Fitness Perfect Rip Deck,15
2016-07-19,Team Golf Tennessee Volunteers Putter Grip,2
2016-07-19,Under Armour Girls' Toddler Spine Surge Runni,10
2016-07-20,Bag Boy Beverage Holder,2
2016-07-20,Diamondback Women's Serene Classic Comfort Bi,10
2016-07-20,Field & Stream Sportsman 16 Gun Fire Safe,9
2016-07-20,LIJA Women's Eyelet Sleeveless Golf Polo,5
2016-07-20,Nike Men's CJ Elite 2 TD Football Cleat,13
2016-07-20,Nike Men's Dri-FIT Victory Golf Polo,27
2016-07-20,Nike Men's Free 5.0+ Running Shoe,23
2016-07-20,Nike Women's Legend V-Neck T-Shirt,5
2016-07-20,Nike Women's Tempo Shorts,2
2016-07-20,O'Brien Men's Neoprene Life Vest,16
2016-07-20,Pelican Sunstream 100 Kayak,4
2016-07-20,Perfect Fitness Perfect Rip Deck,29
2016-07-20,TYR Boys' Team Digi Jammer,4
2016-07-20,Team Golf New England Patriots Putter Grip,3
2016-07-20,Team Golf San Francisco Giants Putter Grip,1
2016-07-20,Titleist Pro V1 High Numbers Personalized Gol,3
2016-07-20,Under Armour Girls' Toddler Spine Surge Runni,14
2016-07-21,Diamondback Women's Serene Classic Comfort Bi,10
2016-07-21,Field & Stream Sportsman 16 Gun Fire Safe,6
2016-07-21,LIJA Women's Eyelet Sleeveless Golf Polo,4
2016-07-21,Nike Men's CJ Elite 2 TD Football Cleat,14
2016-07-21,Nike Men's Deutschland Weltmeister Winners Bl,4
2016-07-21,Nike Men's Dri-FIT Victory Golf Polo,26
2016-07-21,Nike Men's Free 5.0+ Running Shoe,19
2016-07-21,Nike Women's Legend V-Neck T-Shirt,2
2016-07-21,Nike Women's Tempo Shorts,2
2016-07-21,O'Brien Men's Neoprene Life Vest,27
2016-07-21,Pelican Sunstream 100 Kayak,5
2016-07-21,Perfect Fitness Perfect Rip Deck,26
2016-07-21,Under Armour Girls' Toddler Spine Surge Runni,19
2016-07-21,Under Armour Hustle Storm Medium Duffle Bag,3
2016-07-21,Under Armour Women's Micro G Skulpt Running S,2
2016-07-21,adidas Youth Germany Black/Red Away Match Soc,2
2016-07-22,Diamondback Women's Serene Classic Comfort Bi,5
2016-07-22,Field & Stream Sportsman 16 Gun Fire Safe,12
2016-07-22,Glove It Women's Mod Oval 3-Zip Carry All Gol,5
2016-07-22,Hirzl Men's Hybrid Golf Glove,2
2016-07-22,Hirzl Women's Soffft Flex Golf Glove,3
2016-07-22,Nike Men's CJ Elite 2 TD Football Cleat,10
2016-07-22,Nike Men's Comfort 2 Slide,3
2016-07-22,Nike Men's Dri-FIT Victory Golf Polo,25
2016-07-22,Nike Men's Free 5.0+ Running Shoe,14
2016-07-22,O'Brien Men's Neoprene Life Vest,37
2016-07-22,Pelican Sunstream 100 Kayak,6
2016-07-22,Perfect Fitness Perfect Rip Deck,21
2016-07-22,TYR Boys' Team Digi Jammer,3
2016-07-22,Under Armour Men's Tech II T-Shirt,1
2016-07-22,adidas Kids' F5 Messi FG Soccer Cleat,9
2016-07-22,adidas Youth Germany Black/Red Away Match Soc,4
2016-07-23,Columbia Men's PFG Anchor Tough T-Shirt,1
2016-07-23,Diamondback Women's Serene Classic Comfort Bi,5
2016-07-23,Field & Stream Sportsman 16 Gun Fire Safe,3
2016-07-23,Nike Men's CJ Elite 2 TD Football Cleat,7
2016-07-23,Nike Men's Dri-FIT Victory Golf Polo,23
2016-07-23,Nike Men's Free 5.0+ Running Shoe,8
2016-07-23,Nike Women's Legend V-Neck T-Shirt,1
2016-07-23,O'Brien Men's Neoprene Life Vest,22
2016-07-23,Pelican Sunstream 100 Kayak,4
2016-07-23,Perfect Fitness Perfect Rip Deck,32
2016-07-23,Top Flite Women's 2014 XL Hybrid,4
2016-07-23,Under Armour Girls' Toddler Spine Surge Runni,9
2016-07-24,Diamondback Women's Serene Classic Comfort Bi,9
2016-07-24,Field & Stream Sportsman 16 Gun Fire Safe,10
2016-07-24,Glove It Women's Mod Oval 3-Zip Carry All Gol,2
2016-07-24,Hirzl Men's Hybrid Golf Glove,3
2016-07-24,Hirzl Women's Soffft Flex Golf Glove,4
2016-07-24,Nike Men's CJ Elite 2 TD Football Cleat,4
2016-07-24,Nike Men's Deutschland Weltmeister Winners Bl,5
2016-07-24,Nike Men's Dri-FIT Victory Golf Polo,50
2016-07-24,Nike Men's Free 5.0+ Running Shoe,24
2016-07-24,O'Brien Men's Neoprene Life Vest,21
2016-07-24,Pelican Sunstream 100 Kayak,6
2016-07-24,Perfect Fitness Perfect Rip Deck,32
2016-07-24,Team Golf New England Patriots Putter Grip,4
2016-07-24,Titleist Pro V1 High Numbers Personalized Gol,3
2016-07-24,Under Armour Girls' Toddler Spine Surge Runni,20
2016-07-24,Under Armour Women's Micro G Skulpt Running S,4
2016-07-24,adidas Men's Germany Black Crest Away Tee,1
2016-07-25,Diamondback Women's Serene Classic Comfort Bi,9
2016-07-25,ENO Atlas Hammock Straps,5
2016-07-25,Field & Stream Sportsman 16 Gun Fire Safe,5
2016-07-25,Glove It Imperial Golf Towel,3
2016-07-25,Glove It Women's Mod Oval Golf Glove,4
2016-07-25,LIJA Women's Eyelet Sleeveless Golf Polo,2
2016-07-25,Nike Men's CJ Elite 2 TD Football Cleat,13
2016-07-25,Nike Men's Dri-FIT Victory Golf Polo,33
2016-07-25,Nike Men's Free 5.0+ Running Shoe,17
2016-07-25,O'Brien Men's Neoprene Life Vest,28
2016-07-25,Pelican Sunstream 100 Kayak,17
2016-07-25,Perfect Fitness Perfect Rip Deck,31
2016-07-25,Team Golf San Francisco Giants Putter Grip,1
2016-07-25,Under Armour Girls' Toddler Spine Surge Runni,9
2016-07-25,Under Armour Women's Micro G Skulpt Running S,3
2016-07-25,adidas Youth Germany Black/Red Away Match Soc,4
2016-07-26,Clicgear 8.0 Shoe Brush,2
2016-07-26,Diamondback Women's Serene Classic Comfort Bi,7
2016-07-26,Field & Stream Sportsman 16 Gun Fire Safe,5
2016-07-26,Hirzl Women's Hybrid Golf Glove,3
2016-07-26,Nike Men's CJ Elite 2 TD Football Cleat,10
2016-07-26,Nike Men's Dri-FIT Victory Golf Polo,44
2016-07-26,Nike Men's Free 5.0+ Running Shoe,16
2016-07-26,Nike Women's Legend V-Neck T-Shirt,3
2016-07-26,Nike Women's Tempo Shorts,3
2016-07-26,O'Brien Men's Neoprene Life Vest,28
2016-07-26,Pelican Sunstream 100 Kayak,8
2016-07-26,Perfect Fitness Perfect Rip Deck,38
2016-07-26,Top Flite Women's 2014 XL Hybrid,2
2016-07-26,Under Armour Girls' Toddler Spine Surge Runni,13
2016-07-26,adidas Kids' F5 Messi FG Soccer Cleat,1
2016-07-26,adidas Youth Germany Black/Red Away Match Soc,3
2016-07-27,Diamondback Women's Serene Classic Comfort Bi,3
2016-07-27,Field & Stream Sportsman 16 Gun Fire Safe,6
2016-07-27,Nike Men's CJ Elite 2 TD Football Cleat,11
2016-07-27,Nike Men's Comfort 2 Slide,3
2016-07-27,Nike Men's Dri-FIT Victory Golf Polo,25
2016-07-27,Nike Men's Free 5.0+ Running Shoe,13
2016-07-27,O'Brien Men's Neoprene Life Vest,32
2016-07-27,Pelican Sunstream 100 Kayak,11
2016-07-27,Perfect Fitness Perfect Rip Deck,33
2016-07-27,Titleist Pro V1x High Numbers Personalized Go,5
2016-07-27,Under Armour Girls' Toddler Spine Surge Runni,19
2016-07-27,Under Armour Hustle Storm Medium Duffle Bag,4
2016-07-27,Under Armour Men's Compression EV SL Slide,1
2016-07-27,Under Armour Men's Tech II T-Shirt,4
2016-07-28,Diamondback Women's Serene Classic Comfort Bi,12
2016-07-28,ENO Atlas Hammock Straps,1
2016-07-28,Field & Stream Sportsman 16 Gun Fire Safe,10
2016-07-28,Glove It Women's Imperial Golf Glove,2
2016-07-28,Nike Men's CJ Elite 2 TD Football Cleat,14
2016-07-28,Nike Men's Dri-FIT Victory Golf Polo,54
2016-07-28,Nike Men's Free 5.0+ Running Shoe,18
2016-07-28,O'Brien Men's Neoprene Life Vest,39
2016-07-28,Pelican Sunstream 100 Kayak,5
2016-07-28,Perfect Fitness Perfect Rip Deck,28
2016-07-28,TYR Boys' Team Digi Jammer,1
2016-07-28,Team Golf New England Patriots Putter Grip,2
2016-07-28,Team Golf Tennessee Volunteers Putter Grip,8
2016-07-28,Titleist Pro V1x High Numbers Personalized Go,4
2016-07-28,Under Armour Girls' Toddler Spine Surge Runni,13
2016-07-28,adidas Men's Germany Black Crest Away Tee,1
2016-07-29,Diamondback Women's Serene Classic Comfort Bi,6
2016-07-29,Field & Stream Sportsman 16 Gun Fire Safe,10
2016-07-29,Nike Men's CJ Elite 2 TD Football Cleat,8
2016-07-29,Nike Men's Comfort 2 Slide,3
2016-07-29,Nike Men's Dri-FIT Victory Golf Polo,28
2016-07-29,Nike Men's Free 5.0+ Running Shoe,8
2016-07-29,O'Brien Men's Neoprene Life Vest,35
2016-07-29,Perfect Fitness Perfect Rip Deck,21
2016-07-29,Titleist Pro V1 High Numbers Personalized Gol,1
2016-07-29,Under Armour Girls' Toddler Spine Surge Runni,10
2016-07-29,Under Armour Men's Compression EV SL Slide,5
2016-07-29,Under Armour Women's Ignite Slide,4
2016-07-30,Columbia Men's PFG Anchor Tough T-Shirt,3
2016-07-30,Diamondback Women's Serene Classic Comfort Bi,6
2016-07-30,Field & Stream Sportsman 16 Gun Fire Safe,7
2016-07-30,Glove It Women's Imperial Golf Glove,1
2016-07-30,Hirzl Women's Hybrid Golf Glove,3
2016-07-30,Nike Men's CJ Elite 2 TD Football Cleat,17
2016-07-30,Nike Men's Dri-FIT Victory Golf Polo,21
2016-07-30,Nike Men's Free 5.0+ Running Shoe,20
2016-07-30,Nike Women's Tempo Shorts,3
2016-07-30,O'Brien Men's Neoprene Life Vest,37
2016-07-30,Pelican Sunstream 100 Kayak,8
2016-07-30,Perfect Fitness Perfect Rip Deck,34
2016-07-30,TYR Boys' Team Digi Jammer,2
2016-07-30,Under Armour Girls' Toddler Spine Surge Runni,15
2016-07-30,adidas Men's F10 Messi TRX FG Soccer Cleat,2
2016-07-30,adidas Youth Germany Black/Red Away Match Soc,5
2016-07-31,Bag Boy Beverage Holder,4
2016-07-31,Bridgestone e6 Straight Distance NFL Carolina,4
2016-07-31,Diamondback Women's Serene Classic Comfort Bi,7
2016-07-31,Field & Stream Sportsman 16 Gun Fire Safe,9
2016-07-31,Hirzl Men's Hybrid Golf Glove,1
2016-07-31,Nike Men's CJ Elite 2 TD Football Cleat,5
2016-07-31,Nike Men's Dri-FIT Victory Golf Polo,41
2016-07-31,Nike Men's Free 5.0+ Running Shoe,19
2016-07-31,O'Brien Men's Neoprene Life Vest,23
2016-07-31,Pelican Sunstream 100 Kayak,6
2016-07-31,Perfect Fitness Perfect Rip Deck,27
2016-07-31,TYR Boys' Team Digi Jammer,2
2016-07-31,Team Golf New England Patriots Putter Grip,1
2016-07-31,Titleist Pro V1x High Numbers Personalized Go,1
2016-07-31,Under Armour Girls' Toddler Spine Surge Runni,2
2016-07-31,Under Armour Men's Tech II T-Shirt,1
2016-07-31,adidas Men's F10 Messi TRX FG Soccer Cleat,2
2016-08-01,Clicgear Rovic Cooler Bag,4
2016-08-01,Diamondback Women's Serene Classic Comfort Bi,8
2016-08-01,Field & Stream Sportsman 16 Gun Fire Safe,3
2016-08-01,LIJA Women's Eyelet Sleeveless Golf Polo,1
2016-08-01,Nike Men's CJ Elite 2 TD Football Cleat,10
2016-08-01,Nike Men's Dri-FIT Victory Golf Polo,40
2016-08-01,Nike Men's Free 5.0+ Running Shoe,7
2016-08-01,O'Brien Men's Neoprene Life Vest,45
2016-08-01,Pelican Sunstream 100 Kayak,6
2016-08-01,Perfect Fitness Perfect Rip Deck,47
2016-08-01,Under Armour Girls' Toddler Spine Surge Runni,13
2016-08-01,Under Armour Women's Ignite Slide,1
2016-08-02,Clicgear 8.0 Shoe Brush,2
2016-08-02,Columbia Men's PFG Anchor Tough T-Shirt,2
2016-08-02,Diamondback Women's Serene Classic Comfort Bi,4
2016-08-02,Field & Stream Sportsman 16 Gun Fire Safe,9
2016-08-02,Nike Dri-FIT Crew Sock 6 Pack,3
2016-08-02,Nike Men's CJ Elite 2 TD Football Cleat,9
2016-08-02,Nike Men's Dri-FIT Victory Golf Polo,18
2016-08-02,Nike Men's Free 5.0+ Running Shoe,10
2016-08-02,Nike Women's Tempo Shorts,3
2016-08-02,O'Brien Men's Neoprene Life Vest,12
2016-08-02,Pelican Sunstream 100 Kayak,8
2016-08-02,Perfect Fitness Perfect Rip Deck,23
2016-08-02,Team Golf San Francisco Giants Putter Grip,5
2016-08-02,Team Golf Texas Longhorns Putter Grip,2
2016-08-02,Under Armour Girls' Toddler Spine Surge Runni,3
2016-08-02,Under Armour Kids' Mercenary Slide,1
2016-08-03,Bridgestone e6 Straight Distance NFL Carolina,1
2016-08-03,Diamondback Women's Serene Classic Comfort Bi,5
2016-08-03,Field & Stream Sportsman 16 Gun Fire Safe,7
2016-08-03,LIJA Women's Eyelet Sleeveless Golf Polo,2
2016-08-03,Nike Men's CJ Elite 2 TD Football Cleat,14
2016-08-03,Nike Men's Deutschland Weltmeister Winners Bl,9
2016-08-03,Nike Men's Dri-FIT Victory Golf Polo,25
2016-08-03,Nike Men's Free 5.0+ Running Shoe,14
2016-08-03,O'Brien Men's Neoprene Life Vest,29
2016-08-03,Pelican Sunstream 100 Kayak,4
2016-08-03,Perfect Fitness Perfect Rip Deck,38
2016-08-03,Team Golf Tennessee Volunteers Putter Grip,4
2016-08-03,Under Armour Girls' Toddler Spine Surge Runni,24
2016-08-03,Under Armour Women's Ignite Slide,5
2016-08-04,Bridgestone e6 Straight Distance NFL San Dieg,3
2016-08-04,Clicgear Rovic Cooler Bag,2
2016-08-04,Diamondback Women's Serene Classic Comfort Bi,7
2016-08-04,Field & Stream Sportsman 16 Gun Fire Safe,11
2016-08-04,Hirzl Women's Hybrid Golf Glove,4
2016-08-04,Nike Men's CJ Elite 2 TD Football Cleat,6
2016-08-04,Nike Men's Dri-FIT Victory Golf Polo,15
2016-08-04,Nike Men's Free 5.0+ Running Shoe,24
2016-08-04,O'Brien Men's Neoprene Life Vest,22
2016-08-04,Pelican Sunstream 100 Kayak,7
2016-08-04,Perfect Fitness Perfect Rip Deck,26
2016-08-04,Titleist Pro V1 High Numbers Personalized Gol,1
2016-08-04,Under Armour Girls' Toddler Spine Surge Runni,10
2016-08-04,Under Armour Hustle Storm Medium Duffle Bag,5
2016-08-04,adidas Men's Germany Black Crest Away Tee,5
2016-08-05,Diamondback Women's Serene Classic Comfort Bi,5
2016-08-05,Field & Stream Sportsman 16 Gun Fire Safe,8
2016-08-05,Hirzl Men's Hybrid Golf Glove,1
2016-08-05,Nike Men's CJ Elite 2 TD Football Cleat,13
2016-08-05,Nike Men's Dri-FIT Victory Golf Polo,40
2016-08-05,Nike Men's Free 5.0+ Running Shoe,11
2016-08-05,Nike Women's Tempo Shorts,2
2016-08-05,O'Brien Men's Neoprene Life Vest,24
2016-08-05,Pelican Sunstream 100 Kayak,8
2016-08-05,Perfect Fitness Perfect Rip Deck,43
2016-08-05,Team Golf New England Patriots Putter Grip,3
2016-08-05,Under Armour Girls' Toddler Spine Surge Runni,38
2016-08-06,Bridgestone e6 Straight Distance NFL Tennesse,2
2016-08-06,Diamondback Women's Serene Classic Comfort Bi,7
2016-08-06,Field & Stream Sportsman 16 Gun Fire Safe,15
2016-08-06,Nike Men's CJ Elite 2 TD Football Cleat,5
2016-08-06,Nike Men's Dri-FIT Victory Golf Polo,15
2016-08-06,Nike Men's Free 5.0+ Running Shoe,21
2016-08-06,Nike Women's Tempo Shorts,1
2016-08-06,O'Brien Men's Neoprene Life Vest,8
2016-08-06,Pelican Sunstream 100 Kayak,5
2016-08-06,Perfect Fitness Perfect Rip Deck,42
2016-08-06,TYR Boys' Team Digi Jammer,3
2016-08-06,Team Golf Tennessee Volunteers Putter Grip,3
2016-08-06,Titleist Pro V1x High Numbers Personalized Go,5
2016-08-06,Under Armour Girls' Toddler Spine Surge Runni,13
2016-08-06,Under Armour Women's Ignite PIP VI Slide,10
2016-08-06,adidas Kids' F5 Messi FG Soccer Cleat,4
2016-08-07,Bag Boy Beverage Holder,3
2016-08-07,Clicgear Rovic Cooler Bag,1
2016-08-07,Columbia Men's PFG Anchor Tough T-Shirt,2
2016-08-07,Diamondback Women's Serene Classic Comfort Bi,3
2016-08-07,Field & Stream Sportsman 16 Gun Fire Safe,6
2016-08-07,Hirzl Women's Hybrid Golf Glove,4
2016-08-07,Nike Men's CJ Elite 2 TD Football Cleat,13
2016-08-07,Nike Men's Dri-FIT Victory Golf Polo,23
2016-08-07,Nike Men's Free 5.0+ Running Shoe,16
2016-08-07,O'Brien Men's Neoprene Life Vest,27
2016-08-07,Pelican Sunstream 100 Kayak,7
2016-08-07,Perfect Fitness Perfect Rip Deck,30
2016-08-07,Team Golf New England Patriots Putter Grip,5
2016-08-07,Titleist Pro V1 High Numbers Personalized Gol,2
2016-08-07,Titleist Pro V1x Golf Balls,2
2016-08-07,Top Flite Women's 2014 XL Hybrid,1
2016-08-07,Under Armour Girls' Toddler Spine Surge Runni,9
2016-08-07,adidas Youth Germany Black/Red Away Match Soc,2
2016-08-08,Diamondback Women's Serene Classic Comfort Bi,9
2016-08-08,ENO Atlas Hammock Straps,1
2016-08-08,Field & Stream Sportsman 16 Gun Fire Safe,5
2016-08-08,Glove It Imperial Golf Towel,1
2016-08-08,Nike Men's CJ Elite 2 TD Football Cleat,12
2016-08-08,Nike Men's Deutschland Weltmeister Winners Bl,9
2016-08-08,Nike Men's Dri-FIT Victory Golf Polo,11
2016-08-08,Nike Men's Free 5.0+ Running Shoe,11
2016-08-08,O'Brien Men's Neoprene Life Vest,15
2016-08-08,Pelican Sunstream 100 Kayak,2
2016-08-08,Perfect Fitness Perfect Rip Deck,30
2016-08-08,Titleist Pro V1x Golf Balls,5
2016-08-08,Titleist Pro V1x High Numbers Golf Balls,8
2016-08-08,Top Flite Women's 2014 XL Hybrid,2
2016-08-08,Under Armour Girls' Toddler Spine Surge Runni,16
2016-08-09,Clicgear Rovic Cooler Bag,5
2016-08-09,Diamondback Women's Serene Classic Comfort Bi,5
2016-08-09,Field & Stream Sportsman 16 Gun Fire Safe,8
2016-08-09,Hirzl Women's Hybrid Golf Glove,1
2016-08-09,LIJA Women's Eyelet Sleeveless Golf Polo,3
2016-08-09,Nike Dri-FIT Crew Sock 6 Pack,3
2016-08-09,Nike Men's CJ Elite 2 TD Football Cleat,9
2016-08-09,Nike Men's Deutschland Weltmeister Winners Bl,4
2016-08-09,Nike Men's Dri-FIT Victory Golf Polo,22
2016-08-09,Nike Men's Free 5.0+ Running Shoe,32
2016-08-09,O'Brien Men's Neoprene Life Vest,16
2016-08-09,Pelican Sunstream 100 Kayak,5
2016-08-09,Perfect Fitness Perfect Rip Deck,64
2016-08-09,Team Golf Tennessee Volunteers Putter Grip,2
2016-08-09,Titleist Pro V1x High Numbers Golf Balls,1
2016-08-09,Under Armour Girls' Toddler Spine Surge Runni,25
2016-08-09,Under Armour Men's Compression EV SL Slide,3
2016-08-09,Under Armour Women's Ignite Slide,3
2016-08-10,Diamondback Women's Serene Classic Comfort Bi,3
2016-08-10,ENO Atlas Hammock Straps,2
2016-08-10,Field & Stream Sportsman 16 Gun Fire Safe,6
2016-08-10,Nike Men's CJ Elite 2 TD Football Cleat,6
2016-08-10,Nike Men's Comfort 2 Slide,5
2016-08-10,Nike Men's Deutschland Weltmeister Winners Bl,2
2016-08-10,Nike Men's Dri-FIT Victory Golf Polo,18
2016-08-10,Nike Men's Free 5.0+ Running Shoe,8
2016-08-10,Nike Women's Legend V-Neck T-Shirt,4
2016-08-10,O'Brien Men's Neoprene Life Vest,23
2016-08-10,Pelican Sunstream 100 Kayak,4
2016-08-10,Perfect Fitness Perfect Rip Deck,18
2016-08-10,Team Golf New England Patriots Putter Grip,5
2016-08-10,Under Armour Girls' Toddler Spine Surge Runni,9
2016-08-10,Under Armour Hustle Storm Medium Duffle Bag,1
2016-08-10,Under Armour Women's Ignite PIP VI Slide,3
2016-08-10,adidas Youth Germany Black/Red Away Match Soc,6
2016-08-11,Diamondback Women's Serene Classic Comfort Bi,6
2016-08-11,Field & Stream Sportsman 16 Gun Fire Safe,7
2016-08-11,Glove It Urban Brick Golf Towel,3
2016-08-11,Nike Men's CJ Elite 2 TD Football Cleat,10
2016-08-11,Nike Men's Dri-FIT Victory Golf Polo,50
2016-08-11,Nike Men's Free 5.0+ Running Shoe,18
2016-08-11,O'Brien Men's Neoprene Life Vest,13
2016-08-11,Pelican Sunstream 100 Kayak,4
2016-08-11,Perfect Fitness Perfect Rip Deck,58
2016-08-11,Team Golf New England Patriots Putter Grip,1
2016-08-11,Under Armour Girls' Toddler Spine Surge Runni,23
2016-08-11,Under Armour Hustle Storm Medium Duffle Bag,5
2016-08-11,Under Armour Men's Compression EV SL Slide,3
2016-08-11,Under Armour Men's Tech II T-Shirt,1
2016-08-11,adidas Men's F10 Messi TRX FG Soccer Cleat,2
2016-08-12,Bag Boy Beverage Holder,1
2016-08-12,Diamondback Women's Serene Classic Comfort Bi,6
2016-08-12,ENO Atlas Hammock Straps,9
2016-08-12,Field & Stream Sportsman 16 Gun Fire Safe,8
2016-08-12,Glove It Imperial Golf Towel,5
2016-08-12,Nike Men's CJ Elite 2 TD Football Cleat,17
2016-08-12,Nike Men's Dri-FIT Victory Golf Polo,50
2016-08-12,Nike Men's Free 5.0+ Running Shoe,20
2016-08-12,Nike Women's Tempo Shorts,1
2016-08-12,O'Brien Men's Neoprene Life Vest,22
2016-08-12,Pelican Sunstream 100 Kayak,3
2016-08-12,Perfect Fitness Perfect Rip Deck,41
2016-08-12,Under Armour Girls' Toddler Spine Surge Runni,23
2016-08-12,Under Armour Hustle Storm Medium Duffle Bag,1
2016-08-12,Under Armour Women's Ignite PIP VI Slide,4
2016-08-13,Diamondback Women's Serene Classic Comfort Bi,7
2016-08-13,Field & Stream Sportsman 16 Gun Fire Safe,4
2016-08-13,Nike Men's CJ Elite 2 TD Football Cleat,7
2016-08-13,Nike Men's Dri-FIT Victory Golf Polo,24
2016-08-13,Nike Men's Free 5.0+ Running Shoe,3
2016-08-13,Nike Women's Legend V-Neck T-Shirt,7
2016-08-13,O'Brien Men's Neoprene Life Vest,21
2016-08-13,Pelican Sunstream 100 Kayak,2
2016-08-13,Perfect Fitness Perfect Rip Deck,34
2016-08-13,Titleist Pro V1 High Numbers Personalized Gol,3
2016-08-13,Under Armour Girls' Toddler Spine Surge Runni,7
2016-08-13,Under Armour Kids' Mercenary Slide,3
2016-08-13,Under Armour Women's Ignite PIP VI Slide,1
2016-08-14,Diamondback Women's Serene Classic Comfort Bi,7
2016-08-14,Field & Stream Sportsman 16 Gun Fire Safe,4
2016-08-14,Glove It Women's Imperial Golf Glove,5
2016-08-14,Nike Men's CJ Elite 2 TD Football Cleat,7
2016-08-14,Nike Men's Deutschland Weltmeister Winners Bl,5
2016-08-14,Nike Men's Dri-FIT Victory Golf Polo,14
2016-08-14,Nike Men's Free 5.0+ Running Shoe,28
2016-08-14,O'Brien Men's Neoprene Life Vest,10
2016-08-14,Pelican Sunstream 100 Kayak,7
2016-08-14,Perfect Fitness Perfect Rip Deck,39
2016-08-14,Team Golf Tennessee Volunteers Putter Grip,7
2016-08-14,Under Armour Girls' Toddler Spine Surge Runni,19
2016-08-15,Diamondback Women's Serene Classic Comfort Bi,3
2016-08-15,Field & Stream Sportsman 16 Gun Fire Safe,10
2016-08-15,Glove It Women's Mod Oval 3-Zip Carry All Gol,1
2016-08-15,Nike Men's CJ Elite 2 TD Football Cleat,15
2016-08-15,Nike Men's Dri-FIT Victory Golf Polo,25
2016-08-15,Nike Men's Free 5.0+ Running Shoe,5
2016-08-15,Nike Women's Tempo Shorts,2
2016-08-15,O'Brien Men's Neoprene Life Vest,25
2016-08-15,Pelican Sunstream 100 Kayak,7
2016-08-15,Perfect Fitness Perfect Rip Deck,37
2016-08-15,TYR Boys' Team Digi Jammer,1
2016-08-15,Top Flite Women's 2014 XL Hybrid,6
2016-08-15,Under Armour Girls' Toddler Spine Surge Runni,12
2016-08-15,adidas Men's Germany Black Crest Away Tee,5
2016-08-15,adidas Youth Germany Black/Red Away Match Soc,1
2016-08-16,Bag Boy Beverage Holder,5
2016-08-16,Bridgestone e6 Straight Distance NFL San Dieg,3
2016-08-16,Clicgear Rovic Cooler Bag,4
2016-08-16,Diamondback Women's Serene Classic Comfort Bi,6
2016-08-16,Field & Stream Sportsman 16 Gun Fire Safe,9
2016-08-16,Hirzl Women's Hybrid Golf Glove,1
2016-08-16,Nike Men's CJ Elite 2 TD Football Cleat,9
2016-08-16,Nike Men's Dri-FIT Victory Golf Polo,17
2016-08-16,Nike Men's Free 5.0+ Running Shoe,14
2016-08-16,O'Brien Men's Neoprene Life Vest,8
2016-08-16,Pelican Sunstream 100 Kayak,5
2016-08-16,Perfect Fitness Perfect Rip Deck,22
2016-08-16,Under Armour Girls' Toddler Spine Surge Runni,11
2016-08-16,Under Armour Women's Ignite Slide,5
2016-08-17,Clicgear Rovic Cooler Bag,2
2016-08-17,Columbia Men's PFG Anchor Tough T-Shirt,4
2016-08-17,Diamondback Women's Serene Classic Comfort Bi,6
2016-08-17,Field & Stream Sportsman 16 Gun Fire Safe,6
2016-08-17,Glove It Women's Mod Oval Golf Glove,1
2016-08-17,Hirzl Women's Hybrid Golf Glove,4
2016-08-17,Nike Men's CJ Elite 2 TD Football Cleat,11
2016-08-17,Nike Men's Deutschland Weltmeister Winners Bl,1
2016-08-17,Nike Men's Dri-FIT Victory Golf Polo,34
2016-08-17,Nike Men's Free 5.0+ Running Shoe,19
2016-08-17,Nike Women's Legend V-Neck T-Shirt,3
2016-08-17,O'Brien Men's Neoprene Life Vest,37
2016-08-17,Pelican Sunstream 100 Kayak,13
2016-08-17,Perfect Fitness Perfect Rip Deck,45
2016-08-17,TYR Boys' Team Digi Jammer,4
2016-08-17,Titleist Pro V1x High Numbers Golf Balls,5
2016-08-17,Under Armour Girls' Toddler Spine Surge Runni,37
2016-08-17,Under Armour Men's Tech II T-Shirt,5
2016-08-17,Under Armour Women's Ignite PIP VI Slide,5
2016-08-18,Bridgestone e6 Straight Distance NFL Tennesse,5
2016-08-18,Diamondback Women's Serene Classic Comfort Bi,4
2016-08-18,Field & Stream Sportsman 16 Gun Fire Safe,12
2016-08-18,Nike Men's CJ Elite 2 TD Football Cleat,11
2016-08-18,Nike Men's Dri-FIT Victory Golf Polo,26
2016-08-18,Nike Men's Free 5.0+ Running Shoe,2
2016-08-18,O'Brien Men's Neoprene Life Vest,21
2016-08-18,Pelican Sunstream 100 Kayak,6
2016-08-18,Perfect Fitness Perfect Rip Deck,13
2016-08-18,Under Armour Men's Tech II T-Shirt,2
2016-08-18,Under Armour Women's Micro G Skulpt Running S,5
2016-08-19,Clicgear 8.0 Shoe Brush,4
2016-08-19,Diamondback Women's Serene Classic Comfort Bi,7
2016-08-19,Field & Stream Sportsman 16 Gun Fire Safe,5
2016-08-19,Nike Men's CJ Elite 2 TD Football Cleat,14
2016-08-19,Nike Men's Dri-FIT Victory Golf Polo,20
2016-08-19,Nike Men's Free 5.0+ Running Shoe,3
2016-08-19,O'Brien Men's Neoprene Life Vest,29
2016-08-19,Pelican Sunstream 100 Kayak,6
2016-08-19,Perfect Fitness Perfect Rip Deck,31
2016-08-19,Team Golf Pittsburgh Steelers Putter Grip,3
2016-08-19,Under Armour Girls' Toddler Spine Surge Runni,21
2016-08-19,Under Armour Women's Ignite Slide,5
2016-08-20,Bridgestone e6 Straight Distance NFL San Dieg,4
2016-08-20,Diamondback Women's Serene Classic Comfort Bi,5
2016-08-20,Field & Stream Sportsman 16 Gun Fire Safe,7
2016-08-20,Glove It Women's Imperial Golf Glove,3
2016-08-20,Glove It Women's Mod Oval 3-Zip Carry All Gol,4
2016-08-20,Glove It Women's Mod Oval Golf Glove,2
2016-08-20,Nike Men's CJ Elite 2 TD Football Cleat,8
2016-08-20,Nike Men's Dri-FIT Victory Golf Polo,34
2016-08-20,Nike Men's Free 5.0+ Running Shoe,13
2016-08-20,O'Brien Men's Neoprene Life Vest,30
2016-08-20,Pelican Sunstream 100 Kayak,6
2016-08-20,Perfect Fitness Perfect Rip Deck,25
2016-08-20,Under Armour Girls' Toddler Spine Surge Runni,12
2016-08-20,Under Armour Women's Ignite Slide,4
2016-08-20,adidas Youth Germany Black/Red Away Match Soc,4
2016-08-21,Bag Boy Beverage Holder,3
2016-08-21,Diamondback Women's Serene Classic Comfort Bi,8
2016-08-21,Field & Stream Sportsman 16 Gun Fire Safe,10
2016-08-21,Glove It Imperial Golf Towel,2
2016-08-21,Glove It Women's Imperial Golf Glove,5
2016-08-21,Hirzl Women's Hybrid Golf Glove,1
2016-08-21,Nike Dri-FIT Crew Sock 6 Pack,1
2016-08-21,Nike Men's CJ Elite 2 TD Football Cleat,15
2016-08-21,Nike Men's Deutschland Weltmeister Winners Bl,4
2016-08-21,Nike Men's Dri-FIT Victory Golf Polo,43
2016-08-21,Nike Men's Free 5.0+ Running Shoe,26
2016-08-21,O'Brien Men's Neoprene Life Vest,53
2016-08-21,Pelican Sunstream 100 Kayak,6
2016-08-21,Perfect Fitness Perfect Rip Deck,44
2016-08-21,Team Golf St. Louis Cardinals Putter Grip,3
2016-08-21,Under Armour Girls' Toddler Spine Surge Runni,33
2016-08-21,Under Armour Hustle Storm Medium Duffle Bag,5
2016-08-22,Clicgear 8.0 Shoe Brush,1
2016-08-22,Diamondback Women's Serene Classic Comfort Bi,2
2016-08-22,ENO Atlas Hammock Straps,1
2016-08-22,Field & Stream Sportsman 16 Gun Fire Safe,11
2016-08-22,Glove It Women's Mod Oval 3-Zip Carry All Gol,5
2016-08-22,Hirzl Women's Hybrid Golf Glove,5
2016-08-22,LIJA Women's Eyelet Sleeveless Golf Polo,5
2016-08-22,Nike Men's CJ Elite 2 TD Football Cleat,10
2016-08-22,Nike Men's Dri-FIT Victory Golf Polo,42
2016-08-22,Nike Men's Free 5.0+ Running Shoe,16
2016-08-22,Nike Women's Legend V-Neck T-Shirt,3
2016-08-22,O'Brien Men's Neoprene Life Vest,26
2016-08-22,Pelican Sunstream 100 Kayak,10
2016-08-22,Perfect Fitness Perfect Rip Deck,49
2016-08-22,Team Golf New England Patriots Putter Grip,1
2016-08-22,Team Golf San Francisco Giants Putter Grip,4
2016-08-22,Under Armour Girls' Toddler Spine Surge Runni,9
2016-08-22,Under Armour Hustle Storm Medium Duffle Bag,2
2016-08-22,adidas Men's F10 Messi TRX FG Soccer Cleat,1
2016-08-23,Bridgestone e6 Straight Distance NFL Tennesse,5
2016-08-23,Columbia Men's PFG Anchor Tough T-Shirt,3
2016-08-23,Diamondback Women's Serene Classic Comfort Bi,2
2016-08-23,Field & Stream Sportsman 16 Gun Fire Safe,7
2016-08-23,Glove It Imperial Golf Towel,1
2016-08-23,Glove It Women's Mod Oval 3-Zip Carry All Gol,4
2016-08-23,Hirzl Men's Hybrid Golf Glove,3
2016-08-23,Nike Men's CJ Elite 2 TD Football Cleat,10
2016-08-23,Nike Men's Dri-FIT Victory Golf Polo,24
2016-08-23,Nike Men's Free 5.0+ Running Shoe,13
2016-08-23,O'Brien Men's Neoprene Life Vest,23
2016-08-23,Pelican Sunstream 100 Kayak,8
2016-08-23,Perfect Fitness Perfect Rip Deck,28
2016-08-23,TYR Boys' Team Digi Jammer,4
2016-08-23,Titleist Pro V1x High Numbers Golf Balls,3
2016-08-23,Under Armour Girls' Toddler Spine Surge Runni,17
2016-08-23,Under Armour Hustle Storm Medium Duffle Bag,2
2016-08-24,Clicgear Rovic Cooler Bag,2
2016-08-24,Diamondback Women's Serene Classic Comfort Bi,5
2016-08-24,Field & Stream Sportsman 16 Gun Fire Safe,8
2016-08-24,Glove It Urban Brick Golf Towel,4
2016-08-24,Glove It Women's Mod Oval Golf Glove,1
2016-08-24,Nike Men's CJ Elite 2 TD Football Cleat,5
2016-08-24,Nike Men's Dri-FIT Victory Golf Polo,22
2016-08-24,Nike Men's Free 5.0+ Running Shoe,12
2016-08-24,O'Brien Men's Neoprene Life Vest,22
2016-08-24,Pelican Sunstream 100 Kayak,7
2016-08-24,Perfect Fitness Perfect Rip Deck,10
2016-08-24,Titleist Pro V1x High Numbers Personalized Go,4
2016-08-24,Under Armour Girls' Toddler Spine Surge Runni,11
2016-08-25,Clicgear 8.0 Shoe Brush,5
2016-08-25,Diamondback Women's Serene Classic Comfort Bi,1
2016-08-25,Field & Stream Sportsman 16 Gun Fire Safe,8
2016-08-25,Glove It Imperial Golf Towel,5
2016-08-25,Hirzl Men's Hybrid Golf Glove,5
2016-08-25,LIJA Women's Eyelet Sleeveless Golf Polo,1
2016-08-25,Nike Men's CJ Elite 2 TD Football Cleat,6
2016-08-25,Nike Men's Dri-FIT Victory Golf Polo,19
2016-08-25,Nike Men's Free 5.0+ Running Shoe,36
2016-08-25,Nike Women's Tempo Shorts,1
2016-08-25,O'Brien Men's Neoprene Life Vest,19
2016-08-25,Pelican Sunstream 100 Kayak,9
2016-08-25,Perfect Fitness Perfect Rip Deck,28
2016-08-25,Under Armour Girls' Toddler Spine Surge Runni,7
2016-08-25,adidas Youth Germany Black/Red Away Match Soc,3
2016-08-26,Bag Boy Beverage Holder,3
2016-08-26,Bridgestone e6 Straight Distance NFL Carolina,1
2016-08-26,Columbia Men's PFG Anchor Tough T-Shirt,4
2016-08-26,Diamondback Women's Serene Classic Comfort Bi,2
2016-08-26,ENO Atlas Hammock Straps,1
2016-08-26,Field & Stream Sportsman 16 Gun Fire Safe,4
2016-08-26,Glove It Imperial Golf Towel,3
2016-08-26,Glove It Women's Mod Oval Golf Glove,4
2016-08-26,Nike Men's CJ Elite 2 TD Football Cleat,15
2016-08-26,Nike Men's Dri-FIT Victory Golf Polo,28
2016-08-26,Nike Men's Free 5.0+ Running Shoe,22
2016-08-26,O'Brien Men's Neoprene Life Vest,31
2016-08-26,Pelican Sunstream 100 Kayak,6
2016-08-26,Perfect Fitness Perfect Rip Deck,42
2016-08-26,Team Golf Pittsburgh Steelers Putter Grip,1
2016-08-26,Team Golf St. Louis Cardinals Putter Grip,5
2016-08-26,Titleist Pro V1x High Numbers Personalized Go,2
2016-08-26,Under Armour Girls' Toddler Spine Surge Runni,3
2016-08-26,Under Armour Men's Compression EV SL Slide,2
2016-08-26,Under Armour Women's Ignite Slide,5
2016-08-27,Clicgear Rovic Cooler Bag,1
2016-08-27,Diamondback Women's Serene Classic Comfort Bi,4
2016-08-27,Field & Stream Sportsman 16 Gun Fire Safe,9
2016-08-27,Glove It Imperial Golf Towel,6
2016-08-27,Glove It Women's Mod Oval 3-Zip Carry All Gol,1
2016-08-27,LIJA Women's Eyelet Sleeveless Golf Polo,4
2016-08-27,Nike Men's CJ Elite 2 TD Football Cleat,8
2016-08-27,Nike Men's Dri-FIT Victory Golf Polo,14
2016-08-27,Nike Men's Free 5.0+ Running Shoe,24
2016-08-27,O'Brien Men's Neoprene Life Vest,22
2016-08-27,Pelican Sunstream 100 Kayak,4
2016-08-27,Perfect Fitness Perfect Rip Deck,41
2016-08-27,Team Golf Pittsburgh Steelers Putter Grip,4
2016-08-27,Team Golf St. Louis Cardinals Putter Grip,4
2016-08-27,Titleist Pro V1x Golf Balls,3
2016-08-27,Under Armour Girls' Toddler Spine Surge Runni,14
2016-08-27,Under Armour Kids' Mercenary Slide,1
2016-08-27,adidas Men's Germany Black Crest Away Tee,3
2016-08-28,Bag Boy Beverage Holder,3
2016-08-28,Clicgear 8.0 Shoe Brush,3
2016-08-28,Clicgear Rovic Cooler Bag,1
2016-08-28,Diamondback Women's Serene Classic Comfort Bi,6
2016-08-28,Field & Stream Sportsman 16 Gun Fire Safe,6
2016-08-28,Glove It Imperial Golf Towel,3
2016-08-28,Hirzl Women's Hybrid Golf Glove,3
2016-08-28,Nike Men's CJ Elite 2 TD Football Cleat,15
2016-08-28,Nike Men's Dri-FIT Victory Golf Polo,18
2016-08-28,Nike Men's Free 5.0+ Running Shoe,15
2016-08-28,O'Brien Men's Neoprene Life Vest,11
2016-08-28,Pelican Sunstream 100 Kayak,5
2016-08-28,Perfect Fitness Perfect Rip Deck,35
2016-08-28,Team Golf New England Patriots Putter Grip,1
2016-08-28,Titleist Pro V1x Golf Balls,5
2016-08-28,Titleist Pro V1x High Numbers Golf Balls,2
2016-08-28,Top Flite Women's 2014 XL Hybrid,2
2016-08-28,Under Armour Girls' Toddler Spine Surge Runni,6
2016-08-28,adidas Kids' F5 Messi FG Soccer Cleat,9
2016-08-29,Bridgestone e6 Straight Distance NFL San Dieg,3
2016-08-29,Diamondback Women's Serene Classic Comfort Bi,7
2016-08-29,Field & Stream Sportsman 16 Gun Fire Safe,9
2016-08-29,Nike Men's CJ Elite 2 TD Football Cleat,12
2016-08-29,Nike Men's Dri-FIT Victory Golf Polo,36
2016-08-29,Nike Men's Free 5.0+ Running Shoe,21
2016-08-29,O'Brien Men's Neoprene Life Vest,7
2016-08-29,Pelican Sunstream 100 Kayak,6
2016-08-29,Perfect Fitness Perfect Rip Deck,22
2016-08-29,TYR Boys' Team Digi Jammer,2
2016-08-29,Under Armour Girls' Toddler Spine Surge Runni,14
2016-08-29,Under Armour Kids' Mercenary Slide,5
2016-08-29,Under Armour Women's Micro G Skulpt Running S,2
2016-08-30,Clicgear 8.0 Shoe Brush,4
2016-08-30,Diamondback Women's Serene Classic Comfort Bi,11
2016-08-30,Field & Stream Sportsman 16 Gun Fire Safe,12
2016-08-30,Glove It Imperial Golf Towel,3
2016-08-30,Nike Dri-FIT Crew Sock 6 Pack,3
2016-08-30,Nike Men's CJ Elite 2 TD Football Cleat,8
2016-08-30,Nike Men's Deutschland Weltmeister Winners Bl,3
2016-08-30,Nike Men's Dri-FIT Victory Golf Polo,30
2016-08-30,Nike Men's Free 5.0+ Running Shoe,20
2016-08-30,Nike Women's Tempo Shorts,1
2016-08-30,O'Brien Men's Neoprene Life Vest,34
2016-08-30,Pelican Sunstream 100 Kayak,11
2016-08-30,Perfect Fitness Perfect Rip Deck,40
2016-08-30,Team Golf New England Patriots Putter Grip,1
2016-08-30,Under Armour Girls' Toddler Spine Surge Runni,13
2016-08-30,Under Armour Hustle Storm Medium Duffle Bag,1
2016-08-30,Under Armour Women's Ignite Slide,4
2016-08-30,adidas Kids' F5 Messi FG Soccer Cleat,1
2016-08-31,Diamondback Women's Serene Classic Comfort Bi,6
2016-08-31,Field & Stream Sportsman 16 Gun Fire Safe,12
2016-08-31,Nike Men's CJ Elite 2 TD Football Cleat,20
2016-08-31,Nike Men's Comfort 2 Slide,8
2016-08-31,Nike Men's Dri-FIT Victory Golf Polo,46
2016-08-31,Nike Men's Free 5.0+ Running Shoe,45
2016-08-31,O'Brien Men's Neoprene Life Vest,28
2016-08-31,Pelican Sunstream 100 Kayak,8
2016-08-31,Perfect Fitness Perfect Rip Deck,44
2016-08-31,Titleist Pro V1x Golf Balls,1
2016-08-31,Under Armour Girls' Toddler Spine Surge Runni,8
2016-08-31,Under Armour Women's Micro G Skulpt Running S,1
2016-08-31,adidas Kids' F5 Messi FG Soccer Cleat,5
2016-09-01,Diamondback Women's Serene Classic Comfort Bi,5
2016-09-01,ENO Atlas Hammock Straps,10
2016-09-01,Field & Stream Sportsman 16 Gun Fire Safe,12
2016-09-01,Glove It Women's Mod Oval 3-Zip Carry All Gol,3
2016-09-01,Hirzl Women's Hybrid Golf Glove,4
2016-09-01,Nike Dri-FIT Crew Sock 6 Pack,2
2016-09-01,Nike Men's CJ Elite 2 TD Football Cleat,9
2016-09-01,Nike Men's Comfort 2 Slide,5
2016-09-01,Nike Men's Deutschland Weltmeister Winners Bl,4
2016-09-01,Nike Men's Dri-FIT Victory Golf Polo,15
2016-09-01,Nike Men's Free 5.0+ Running Shoe,18
2016-09-01,Nike Women's Tempo Shorts,1
2016-09-01,O'Brien Men's Neoprene Life Vest,19
2016-09-01,Pelican Sunstream 100 Kayak,12
2016-09-01,Perfect Fitness Perfect Rip Deck,26
2016-09-01,Team Golf New England Patriots Putter Grip,3
2016-09-01,Top Flite Women's 2014 XL Hybrid,4
2016-09-01,Under Armour Girls' Toddler Spine Surge Runni,9
2016-09-01,adidas Men's F10 Messi TRX FG Soccer Cleat,5
2016-09-02,Bridgestone e6 Straight Distance NFL Carolina,3
2016-09-02,Diamondback Women's Serene Classic Comfort Bi,8
2016-09-02,ENO Atlas Hammock Straps,1
2016-09-02,Field & Stream Sportsman 16 Gun Fire Safe,8
2016-09-02,Glove It Women's Mod Oval Golf Glove,2
2016-09-02,Nike Men's CJ Elite 2 TD Football Cleat,9
2016-09-02,Nike Men's Dri-FIT Victory Golf Polo,20
2016-09-02,Nike Men's Free 5.0+ Running Shoe,12
2016-09-02,O'Brien Men's Neoprene Life Vest,27
2016-09-02,Pelican Sunstream 100 Kayak,4
2016-09-02,Perfect Fitness Perfect Rip Deck,36
2016-09-02,Team Golf Tennessee Volunteers Putter Grip,13
2016-09-02,Titleist Pro V1 High Numbers Personalized Gol,5
2016-09-02,Under Armour Girls' Toddler Spine Surge Runni,19
2016-09-02,adidas Men's F10 Messi TRX FG Soccer Cleat,5
2016-09-03,Bag Boy Beverage Holder,2
2016-09-03,Diamondback Women's Serene Classic Comfort Bi,5
2016-09-03,Field & Stream Sportsman 16 Gun Fire Safe,5
2016-09-03,Nike Men's CJ Elite 2 TD Football Cleat,6
2016-09-03,Nike Men's Dri-FIT Victory Golf Polo,7
2016-09-03,Nike Men's Free 5.0+ Running Shoe,10
2016-09-03,O'Brien Men's Neoprene Life Vest,17
2016-09-03,Pelican Sunstream 100 Kayak,5
2016-09-03,Perfect Fitness Perfect Rip Deck,4
2016-09-03,Titleist Pro V1x High Numbers Golf Balls,2
2016-09-03,Under Armour Girls' Toddler Spine Surge Runni,11
2016-09-03,adidas Men's F10 Messi TRX FG Soccer Cleat,4
2016-09-04,Columbia Men's PFG Anchor Tough T-Shirt,1
2016-09-04,Diamondback Women's Serene Classic Comfort Bi,6
2016-09-04,Field & Stream Sportsman 16 Gun Fire Safe,7
2016-09-04,Glove It Imperial Golf Towel,3
2016-09-04,Hirzl Men's Hybrid Golf Glove,2
2016-09-04,Nike Men's CJ Elite 2 TD Football Cleat,18
2016-09-04,Nike Men's Comfort 2 Slide,4
2016-09-04,Nike Men's Dri-FIT Victory Golf Polo,49
2016-09-04,Nike Men's Free 5.0+ Running Shoe,24
2016-09-04,O'Brien Men's Neoprene Life Vest,18
2016-09-04,Pelican Sunstream 100 Kayak,4
2016-09-04,Perfect Fitness Perfect Rip Deck,49
2016-09-04,Team Golf San Francisco Giants Putter Grip,2
2016-09-04,Titleist Pro V1x High Numbers Golf Balls,5
2016-09-04,Under Armour Girls' Toddler Spine Surge Runni,23
2016-09-04,Under Armour Kids' Mercenary Slide,3
2016-09-05,Bridgestone e6 Straight Distance NFL Carolina,5
2016-09-05,Bridgestone e6 Straight Distance NFL San Dieg,4
2016-09-05,Diamondback Women's Serene Classic Comfort Bi,6
2016-09-05,Field & Stream Sportsman 16 Gun Fire Safe,10
2016-09-05,Glove It Women's Mod Oval 3-Zip Carry All Gol,2
2016-09-05,Nike Men's CJ Elite 2 TD Football Cleat,12
2016-09-05,Nike Men's Dri-FIT Victory Golf Polo,15
2016-09-05,Nike Men's Free 5.0+ Running Shoe,16
2016-09-05,O'Brien Men's Neoprene Life Vest,29
2016-09-05,Pelican Sunstream 100 Kayak,8
2016-09-05,Perfect Fitness Perfect Rip Deck,46
2016-09-05,Team Golf Texas Longhorns Putter Grip,1
2016-09-05,Titleist Pro V1x High Numbers Personalized Go,5
2016-09-05,Under Armour Girls' Toddler Spine Surge Runni,27
2016-09-06,Bag Boy Beverage Holder,2
2016-09-06,Bridgestone e6 Straight Distance NFL Tennesse,5
2016-09-06,Clicgear 8.0 Shoe Brush,1
2016-09-06,Diamondback Women's Serene Classic Comfort Bi,4
2016-09-06,Field & Stream Sportsman 16 Gun Fire Safe,6
2016-09-06,Nike Men's CJ Elite 2 TD Football Cleat,14
2016-09-06,Nike Men's Deutschland Weltmeister Winners Bl,2
2016-09-06,Nike Men's Dri-FIT Victory Golf Polo,39
2016-09-06,Nike Men's Free 5.0+ Running Shoe,10
2016-09-06,Nike Women's Legend V-Neck T-Shirt,4
2016-09-06,O'Brien Men's Neoprene Life Vest,23
2016-09-06,Pelican Sunstream 100 Kayak,9
2016-09-06,Perfect Fitness Perfect Rip Deck,56
2016-09-06,Titleist Pro V1x High Numbers Personalized Go,5
2016-09-06,Top Flite Women's 2014 XL Hybrid,2
2016-09-06,Under Armour Girls' Toddler Spine Surge Runni,18
2016-09-07,Bag Boy Beverage Holder,5
2016-09-07,Diamondback Women's Serene Classic Comfort Bi,3
2016-09-07,Field & Stream Sportsman 16 Gun Fire Safe,11
2016-09-07,Glove It Women's Mod Oval Golf Glove,3
2016-09-07,Nike Men's CJ Elite 2 TD Football Cleat,8
2016-09-07,Nike Men's Comfort 2 Slide,2
2016-09-07,Nike Men's Dri-FIT Victory Golf Polo,24
2016-09-07,Nike Men's Free 5.0+ Running Shoe,19
2016-09-07,O'Brien Men's Neoprene Life Vest,21
2016-09-07,Pelican Sunstream 100 Kayak,5
2016-09-07,Perfect Fitness Perfect Rip Deck,26
2016-09-07,Team Golf St. Louis Cardinals Putter Grip,3
2016-09-07,Titleist Pro V1x Golf Balls,1
2016-09-07,Titleist Pro V1x High Numbers Personalized Go,1
2016-09-07,Under Armour Girls' Toddler Spine Surge Runni,15
2016-09-07,Under Armour Men's Compression EV SL Slide,2
2016-09-07,Under Armour Women's Ignite PIP VI Slide,2
2016-09-08,Bridgestone e6 Straight Distance NFL Carolina,1
2016-09-08,Diamondback Women's Serene Classic Comfort Bi,5
2016-09-08,Field & Stream Sportsman 16 Gun Fire Safe,2
2016-09-08,Glove It Women's Mod Oval 3-Zip Carry All Gol,2
2016-09-08,Nike Dri-FIT Crew Sock 6 Pack,2
2016-09-08,Nike Men's CJ Elite 2 TD Football Cleat,3
2016-09-08,Nike Men's Dri-FIT Victory Golf Polo,14
2016-09-08,Nike Men's Free 5.0+ Running Shoe,14
2016-09-08,O'Brien Men's Neoprene Life Vest,23
2016-09-08,Pelican Sunstream 100 Kayak,3
2016-09-08,Perfect Fitness Perfect Rip Deck,32
2016-09-08,Team Golf Texas Longhorns Putter Grip,1
2016-09-08,Titleist Pro V1 High Numbers Personalized Gol,1
2016-09-08,adidas Kids' F5 Messi FG Soccer Cleat,3
2016-09-09,Bag Boy Beverage Holder,2
2016-09-09,Bridgestone e6 Straight Distance NFL Carolina,3
2016-09-09,Diamondback Women's Serene Classic Comfort Bi,3
2016-09-09,Field & Stream Sportsman 16 Gun Fire Safe,5
2016-09-09,Nike Dri-FIT Crew Sock 6 Pack,3
2016-09-09,Nike Men's CJ Elite 2 TD Football Cleat,12
2016-09-09,Nike Men's Dri-FIT Victory Golf Polo,16
2016-09-09,Nike Men's Free 5.0+ Running Shoe,25
2016-09-09,O'Brien Men's Neoprene Life Vest,29
2016-09-09,Pelican Sunstream 100 Kayak,6
2016-09-09,Perfect Fitness Perfect Rip Deck,41
2016-09-09,Team Golf Pittsburgh Steelers Putter Grip,3
2016-09-09,Team Golf San Francisco Giants Putter Grip,4
2016-09-09,Under Armour Girls' Toddler Spine Surge Runni,13
2016-09-09,Under Armour Hustle Storm Medium Duffle Bag,5
2016-09-09,Under Armour Women's Ignite PIP VI Slide,4
2016-09-09,adidas Men's F10 Messi TRX FG Soccer Cleat,5
2016-09-09,adidas Men's Germany Black Crest Away Tee,2
2016-09-09,adidas Youth Germany Black/Red Away Match Soc,3
2016-09-10,Diamondback Women's Serene Classic Comfort Bi,2
2016-09-10,Field & Stream Sportsman 16 Gun Fire Safe,10
2016-09-10,Hirzl Men's Hybrid Golf Glove,4
2016-09-10,LIJA Women's Eyelet Sleeveless Golf Polo,4
2016-09-10,Nike Men's CJ Elite 2 TD Football Cleat,9
2016-09-10,Nike Men's Deutschland Weltmeister Winners Bl,1
2016-09-10,Nike Men's Dri-FIT Victory Golf Polo,34
2016-09-10,Nike Men's Free 5.0+ Running Shoe,19
2016-09-10,Nike Women's Legend V-Neck T-Shirt,3
2016-09-10,O'Brien Men's Neoprene Life Vest,11
2016-09-10,Pelican Sunstream 100 Kayak,7
2016-09-10,Perfect Fitness Perfect Rip Deck,11
2016-09-10,Team Golf New England Patriots Putter Grip,4
2016-09-10,Under Armour Girls' Toddler Spine Surge Runni,14
2016-09-10,Under Armour Hustle Storm Medium Duffle Bag,4
2016-09-11,Diamondback Women's Serene Classic Comfort Bi,5
2016-09-11,Field & Stream Sportsman 16 Gun Fire Safe,3
2016-09-11,Glove It Urban Brick Golf Towel,1
2016-09-11,Hirzl Women's Hybrid Golf Glove,1
2016-09-11,Hirzl Women's Soffft Flex Golf Glove,5
2016-09-11,Nike Men's CJ Elite 2 TD Football Cleat,5
2016-09-11,Nike Men's Dri-FIT Victory Golf Polo,29
2016-09-11,Nike Men's Free 5.0+ Running Shoe,14
2016-09-11,O'Brien Men's Neoprene Life Vest,17
2016-09-11,Pelican Sunstream 100 Kayak,4
2016-09-11,Perfect Fitness Perfect Rip Deck,21
2016-09-11,Titleist Pro V1x High Numbers Golf Balls,3
2016-09-11,Under Armour Girls' Toddler Spine Surge Runni,19
2016-09-11,Under Armour Women's Ignite Slide,1
2016-09-11,adidas Men's Germany Black Crest Away Tee,2
2016-09-12,Clicgear 8.0 Shoe Brush,3
2016-09-12,Diamondback Women's Serene Classic Comfort Bi,6
2016-09-12,ENO Atlas Hammock Straps,6
2016-09-12,Field & Stream Sportsman 16 Gun Fire Safe,10
2016-09-12,Glove It Urban Brick Golf Towel,3
2016-09-12,Nike Men's CJ Elite 2 TD Football Cleat,9
2016-09-12,Nike Men's Dri-FIT Victory Golf Polo,62
2016-09-12,Nike Men's Free 5.0+ Running Shoe,12
2016-09-12,O'Brien Men's Neoprene Life Vest,31
2016-09-12,Pelican Sunstream 100 Kayak,9
2016-09-12,Perfect Fitness Perfect Rip Deck,50
2016-09-12,Team Golf San Francisco Giants Putter Grip,4
2016-09-12,Under Armour Girls' Toddler Spine Surge Runni,9
2016-09-12,Under Armour Men's Tech II T-Shirt,3
2016-09-13,Diamondback Women's Serene Classic Comfort Bi,4
2016-09-13,Field & Stream Sportsman 16 Gun Fire Safe,12
2016-09-13,Glove It Imperial Golf Towel,3
2016-09-13,Glove It Women's Imperial Golf Glove,9
2016-09-13,Nike Men's CJ Elite 2 TD Football Cleat,11
2016-09-13,Nike Men's Dri-FIT Victory Golf Polo,24
2016-09-13,Nike Men's Free 5.0+ Running Shoe,4
2016-09-13,O'Brien Men's Neoprene Life Vest,28
2016-09-13,Pelican Sunstream 100 Kayak,8
2016-09-13,Perfect Fitness Perfect Rip Deck,26
2016-09-13,TYR Boys' Team Digi Jammer,2
2016-09-13,Team Golf Pittsburgh Steelers Putter Grip,4
2016-09-13,Titleist Pro V1x High Numbers Personalized Go,3
2016-09-13,Under Armour Girls' Toddler Spine Surge Runni,17
2016-09-13,Under Armour Women's Ignite PIP VI Slide,1
2016-09-14,Diamondback Women's Serene Classic Comfort Bi,6
2016-09-14,Field & Stream Sportsman 16 Gun Fire Safe,6
2016-09-14,Glove It Imperial Golf Towel,4
2016-09-14,Glove It Women's Mod Oval Golf Glove,1
2016-09-14,Hirzl Women's Soffft Flex Golf Glove,1
2016-09-14,Nike Men's CJ Elite 2 TD Football Cleat,13
2016-09-14,Nike Men's Dri-FIT Victory Golf Polo,24
2016-09-14,Nike Men's Free 5.0+ Running Shoe,7
2016-09-14,O'Brien Men's Neoprene Life Vest,20
2016-09-14,Pelican Sunstream 100 Kayak,9
2016-09-14,Perfect Fitness Perfect Rip Deck,32
2016-09-14,Under Armour Girls' Toddler Spine Surge Runni,32
2016-09-14,Under Armour Kids' Mercenary Slide,5
2016-09-15,Diamondback Women's Serene Classic Comfort Bi,5
2016-09-15,Field & Stream Sportsman 16 Gun Fire Safe,7
2016-09-15,Glove It Urban Brick Golf Towel,2
2016-09-15,Glove It Women's Imperial Golf Glove,3
2016-09-15,LIJA Women's Eyelet Sleeveless Golf Polo,8
2016-09-15,Nike Men's CJ Elite 2 TD Football Cleat,7
2016-09-15,Nike Men's Comfort 2 Slide,9
2016-09-15,Nike Men's Deutschland Weltmeister Winners Bl,4
2016-09-15,Nike Men's Dri-FIT Victory Golf Polo,7
2016-09-15,Nike Men's Free 5.0+ Running Shoe,16
2016-09-15,O'Brien Men's Neoprene Life Vest,24
2016-09-15,Pelican Sunstream 100 Kayak,5
2016-09-15,Perfect Fitness Perfect Rip Deck,23
2016-09-15,Under Armour Girls' Toddler Spine Surge Runni,28
2016-09-15,Under Armour Hustle Storm Medium Duffle Bag,3
2016-09-15,Under Armour Women's Micro G Skulpt Running S,3
2016-09-16,Diamondback Women's Serene Classic Comfort Bi,9
2016-09-16,ENO Atlas Hammock Straps,5
2016-09-16,Field & Stream Sportsman 16 Gun Fire Safe,16
2016-09-16,Glove It Women's Mod Oval 3-Zip Carry All Gol,5
2016-09-16,Hirzl Women's Soffft Flex Golf Glove,5
2016-09-16,Nike Men's CJ Elite 2 TD Football Cleat,15
2016-09-16,Nike Men's Dri-FIT Victory Golf Polo,36
2016-09-16,Nike Men's Free 5.0+ Running Shoe,15
2016-09-16,Nike Women's Tempo Shorts,4
2016-09-16,O'Brien Men's Neoprene Life Vest,31
2016-09-16,Pelican Sunstream 100 Kayak,10
2016-09-16,Perfect Fitness Perfect Rip Deck,67
2016-09-16,Titleist Pro V1x High Numbers Golf Balls,5
2016-09-16,Titleist Pro V1x High Numbers Personalized Go,3
2016-09-16,Under Armour Girls' Toddler Spine Surge Runni,19
2016-09-16,Under Armour Women's Ignite Slide,1
2016-09-17,Clicgear Rovic Cooler Bag,1
2016-09-17,Columbia Men's PFG Anchor Tough T-Shirt,4
2016-09-17,Diamondback Women's Serene Classic Comfort Bi,3
2016-09-17,ENO Atlas Hammock Straps,1
2016-09-17,Field & Stream Sportsman 16 Gun Fire Safe,9
2016-09-17,Glove It Imperial Golf Towel,5
2016-09-17,Nike Dri-FIT Crew Sock 6 Pack,4
2016-09-17,Nike Men's CJ Elite 2 TD Football Cleat,12
2016-09-17,Nike Men's Comfort 2 Slide,3
2016-09-17,Nike Men's Dri-FIT Victory Golf Polo,37
2016-09-17,Nike Men's Free 5.0+ Running Shoe,21
2016-09-17,O'Brien Men's Neoprene Life Vest,11
2016-09-17,Pelican Sunstream 100 Kayak,6
2016-09-17,Perfect Fitness Perfect Rip Deck,39
2016-09-17,TYR Boys' Team Digi Jammer,1
2016-09-17,Team Golf Pittsburgh Steelers Putter Grip,2
2016-09-17,Team Golf San Francisco Giants Putter Grip,1
2016-09-17,Titleist Pro V1 High Numbers Personalized Gol,4
2016-09-17,Under Armour Girls' Toddler Spine Surge Runni,7
2016-09-17,Under Armour Women's Ignite PIP VI Slide,3
2016-09-17,adidas Men's F10 Messi TRX FG Soccer Cleat,4
2016-09-17,adidas Youth Germany Black/Red Away Match Soc,3
2016-09-18,Diamondback Women's Serene Classic Comfort Bi,6
2016-09-18,Field & Stream Sportsman 16 Gun Fire Safe,11
2016-09-18,Glove It Imperial Golf Towel,1
2016-09-18,Glove It Urban Brick Golf Towel,1
2016-09-18,LIJA Women's Eyelet Sleeveless Golf Polo,2
2016-09-18,Nike Dri-FIT Crew Sock 6 Pack,3
2016-09-18,Nike Men's CJ Elite 2 TD Football Cleat,16
2016-09-18,Nike Men's Dri-FIT Victory Golf Polo,24
2016-09-18,Nike Men's Free 5.0+ Running Shoe,32
2016-09-18,Nike Women's Tempo Shorts,5
2016-09-18,O'Brien Men's Neoprene Life Vest,61
2016-09-18,Pelican Sunstream 100 Kayak,7
2016-09-18,Perfect Fitness Perfect Rip Deck,29
2016-09-18,Team Golf New England Patriots Putter Grip,5
2016-09-18,Team Golf St. Louis Cardinals Putter Grip,4
2016-09-18,Titleist Pro V1x High Numbers Personalized Go,2
2016-09-18,Top Flite Women's 2014 XL Hybrid,1
2016-09-18,Under Armour Girls' Toddler Spine Surge Runni,6
2016-09-19,Bridgestone e6 Straight Distance NFL Tennesse,1
2016-09-19,Diamondback Women's Serene Classic Comfort Bi,1
2016-09-19,Field & Stream Sportsman 16 Gun Fire Safe,10
2016-09-19,Nike Men's CJ Elite 2 TD Football Cleat,10
2016-09-19,Nike Men's Deutschland Weltmeister Winners Bl,3
2016-09-19,Nike Men's Dri-FIT Victory Golf Polo,19
2016-09-19,Nike Men's Free 5.0+ Running Shoe,16
2016-09-19,O'Brien Men's Neoprene Life Vest,37
2016-09-19,Pelican Sunstream 100 Kayak,7
2016-09-19,Perfect Fitness Perfect Rip Deck,35
2016-09-19,Under Armour Girls' Toddler Spine Surge Runni,17
2016-09-19,Under Armour Women's Ignite Slide,1
2016-09-19,adidas Men's F10 Messi TRX FG Soccer Cleat,1
2016-09-20,Diamondback Women's Serene Classic Comfort Bi,8
2016-09-20,Field & Stream Sportsman 16 Gun Fire Safe,3
2016-09-20,Hirzl Men's Hybrid Golf Glove,5
2016-09-20,Hirzl Women's Hybrid Golf Glove,5
2016-09-20,Hirzl Women's Soffft Flex Golf Glove,3
2016-09-20,Nike Men's CJ Elite 2 TD Football Cleat,7
2016-09-20,Nike Men's Deutschland Weltmeister Winners Bl,1
2016-09-20,Nike Men's Dri-FIT Victory Golf Polo,44
2016-09-20,Nike Men's Free 5.0+ Running Shoe,25
2016-09-20,O'Brien Men's Neoprene Life Vest,32
2016-09-20,Pelican Sunstream 100 Kayak,8
2016-09-20,Perfect Fitness Perfect Rip Deck,36
2016-09-20,Under Armour Girls' Toddler Spine Surge Runni,41
2016-09-21,Diamondback Women's Serene Classic Comfort Bi,4
2016-09-21,Field & Stream Sportsman 16 Gun Fire Safe,6
2016-09-21,Hirzl Women's Hybrid Golf Glove,1
2016-09-21,Hirzl Women's Soffft Flex Golf Glove,5
2016-09-21,Nike Men's CJ Elite 2 TD Football Cleat,6
2016-09-21,Nike Men's Dri-FIT Victory Golf Polo,31
2016-09-21,Nike Men's Free 5.0+ Running Shoe,10
2016-09-21,O'Brien Men's Neoprene Life Vest,35
2016-09-21,Pelican Sunstream 100 Kayak,4
2016-09-21,Perfect Fitness Perfect Rip Deck,32
2016-09-21,Titleist Pro V1 High Numbers Personalized Gol,2
2016-09-21,Under Armour Girls' Toddler Spine Surge Runni,1
2016-09-21,Under Armour Women's Ignite PIP VI Slide,5
2016-09-21,adidas Kids' F5 Messi FG Soccer Cleat,5
2016-09-21,adidas Men's F10 Messi TRX FG Soccer Cleat,1
2016-09-21,adidas Men's Germany Black Crest Away Tee,2
2016-09-22,Clicgear 8.0 Shoe Brush,1
2016-09-22,Diamondback Women's Serene Classic Comfort Bi,6
2016-09-22,ENO Atlas Hammock Straps,1
2016-09-22,Field & Stream Sportsman 16 Gun Fire Safe,9
2016-09-22,Glove It Imperial Golf Towel,2
2016-09-22,Glove It Women's Mod Oval Golf Glove,2
2016-09-22,Nike Men's CJ Elite 2 TD Football Cleat,20
2016-09-22,Nike Men's Comfort 2 Slide,4
2016-09-22,Nike Men's Dri-FIT Victory Golf Polo,24
2016-09-22,Nike Men's Free 5.0+ Running Shoe,23
2016-09-22,O'Brien Men's Neoprene Life Vest,31
2016-09-22,Pelican Sunstream 100 Kayak,12
2016-09-22,Perfect Fitness Perfect Rip Deck,52
2016-09-22,Team Golf New England Patriots Putter Grip,3
2016-09-22,Team Golf Pittsburgh Steelers Putter Grip,3
2016-09-22,Titleist Pro V1x Golf Balls,2
2016-09-22,Titleist Pro V1x High Numbers Personalized Go,4
2016-09-22,Under Armour Girls' Toddler Spine Surge Runni,31
2016-09-22,adidas Men's F10 Messi TRX FG Soccer Cleat,5
2016-09-23,Clicgear Rovic Cooler Bag,1
2016-09-23,Diamondback Women's Serene Classic Comfort Bi,12
2016-09-23,ENO Atlas Hammock Straps,4
2016-09-23,Field & Stream Sportsman 16 Gun Fire Safe,4
2016-09-23,Glove It Women's Mod Oval 3-Zip Carry All Gol,2
2016-09-23,LIJA Women's Eyelet Sleeveless Golf Polo,1
2016-09-23,Nike Men's CJ Elite 2 TD Football Cleat,11
2016-09-23,Nike Men's Dri-FIT Victory Golf Polo,11
2016-09-23,Nike Men's Free 5.0+ Running Shoe,4
2016-09-23,O'Brien Men's Neoprene Life Vest,13
2016-09-23,Pelican Sunstream 100 Kayak,6
2016-09-23,Perfect Fitness Perfect Rip Deck,14
2016-09-23,Under Armour Girls' Toddler Spine Surge Runni,22
2016-09-24,Diamondback Women's Serene Classic Comfort Bi,6
2016-09-24,Field & Stream Sportsman 16 Gun Fire Safe,6
2016-09-24,Glove It Urban Brick Golf Towel,1
2016-09-24,Glove It Women's Mod Oval 3-Zip Carry All Gol,3
2016-09-24,Nike Men's CJ Elite 2 TD Football Cleat,5
2016-09-24,Nike Men's Dri-FIT Victory Golf Polo,25
2016-09-24,Nike Men's Free 5.0+ Running Shoe,16
2016-09-24,O'Brien Men's Neoprene Life Vest,17
2016-09-24,Pelican Sunstream 100 Kayak,5
2016-09-24,Perfect Fitness Perfect Rip Deck,28
2016-09-24,Team Golf Texas Longhorns Putter Grip,2
2016-09-24,Titleist Pro V1x Golf Balls,1
2016-09-24,Under Armour Girls' Toddler Spine Surge Runni,9
2016-09-24,Under Armour Men's Tech II T-Shirt,1
2016-09-24,adidas Youth Germany Black/Red Away Match Soc,3
2016-09-25,Diamondback Women's Serene Classic Comfort Bi,2
2016-09-25,Field & Stream Sportsman 16 Gun Fire Safe,8
2016-09-25,Glove It Women's Mod Oval 3-Zip Carry All Gol,4
2016-09-25,Glove It Women's Mod Oval Golf Glove,4
2016-09-25,Hirzl Women's Hybrid Golf Glove,2
2016-09-25,Nike Men's CJ Elite 2 TD Football Cleat,8
2016-09-25,Nike Men's Comfort 2 Slide,3
2016-09-25,Nike Men's Dri-FIT Victory Golf Polo,26
2016-09-25,Nike Men's Free 5.0+ Running Shoe,28
2016-09-25,Nike Women's Legend V-Neck T-Shirt,4
2016-09-25,O'Brien Men's Neoprene Life Vest,33
2016-09-25,Pelican Sunstream 100 Kayak,3
2016-09-25,Perfect Fitness Perfect Rip Deck,19
2016-09-25,Under Armour Girls' Toddler Spine Surge Runni,11
2016-09-25,Under Armour Men's Compression EV SL Slide,2
2016-09-25,adidas Kids' F5 Messi FG Soccer Cleat,1
2016-09-26,Bridgestone e6 Straight Distance NFL San Dieg,5
2016-09-26,Clicgear Rovic Cooler Bag,1
2016-09-26,Diamondback Women's Serene Classic Comfort Bi,9
2016-09-26,ENO Atlas Hammock Straps,3
2016-09-26,Field & Stream Sportsman 16 Gun Fire Safe,5
2016-09-26,Glove It Imperial Golf Towel,5
2016-09-26,Glove It Women's Mod Oval Golf Glove,1
2016-09-26,Nike Men's CJ Elite 2 TD Football Cleat,12
2016-09-26,Nike Men's Dri-FIT Victory Golf Polo,23
2016-09-26,Nike Men's Free 5.0+ Running Shoe,15
2016-09-26,O'Brien Men's Neoprene Life Vest,23
2016-09-26,Pelican Sunstream 100 Kayak,9
2016-09-26,Perfect Fitness Perfect Rip Deck,27
2016-09-26,Top Flite Women's 2014 XL Hybrid,3
2016-09-26,Under Armour Girls' Toddler Spine Surge Runni,15
2016-09-27,Bag Boy Beverage Holder,4
2016-09-27,Diamondback Women's Serene Classic Comfort Bi,4
2016-09-27,Field & Stream Sportsman 16 Gun Fire Safe,10
2016-09-27,Glove It Women's Mod Oval 3-Zip Carry All Gol,4
2016-09-27,Hirzl Men's Hybrid Golf Glove,3
2016-09-27,Nike Men's CJ Elite 2 TD Football Cleat,8
2016-09-27,Nike Men's Dri-FIT Victory Golf Polo,19
2016-09-27,Nike Men's Free 5.0+ Running Shoe,10
2016-09-27,O'Brien Men's Neoprene Life Vest,35
2016-09-27,Pelican Sunstream 100 Kayak,8
2016-09-27,Perfect Fitness Perfect Rip Deck,32
2016-09-27,Team Golf Tennessee Volunteers Putter Grip,3
2016-09-27,Titleist Pro V1x Golf Balls,4
2016-09-27,Titleist Pro V1x High Numbers Golf Balls,5
2016-09-27,Titleist Pro V1x High Numbers Personalized Go,2
2016-09-27,Top Flite Women's 2014 XL Hybrid,4
2016-09-27,Under Armour Girls' Toddler Spine Surge Runni,7
2016-09-27,Under Armour Kids' Mercenary Slide,2
2016-09-28,Diamondback Women's Serene Classic Comfort Bi,8
2016-09-28,Field & Stream Sportsman 16 Gun Fire Safe,7
2016-09-28,Nike Men's CJ Elite 2 TD Football Cleat,8
2016-09-28,Nike Men's Dri-FIT Victory Golf Polo,20
2016-09-28,Nike Men's Free 5.0+ Running Shoe,7
2016-09-28,Nike Women's Legend V-Neck T-Shirt,4
2016-09-28,O'Brien Men's Neoprene Life Vest,22
2016-09-28,Pelican Sunstream 100 Kayak,11
2016-09-28,Perfect Fitness Perfect Rip Deck,40
2016-09-28,TYR Boys' Team Digi Jammer,2
2016-09-28,Team Golf St. Louis Cardinals Putter Grip,4
2016-09-28,Titleist Pro V1 High Numbers Personalized Gol,1
2016-09-28,Top Flite Women's 2014 XL Hybrid,4
2016-09-28,Under Armour Girls' Toddler Spine Surge Runni,9
2016-09-28,Under Armour Men's Compression EV SL Slide,4
2016-09-29,Diamondback Women's Serene Classic Comfort Bi,8
2016-09-29,ENO Atlas Hammock Straps,8
2016-09-29,Field & Stream Sportsman 16 Gun Fire Safe,8
2016-09-29,Glove It Urban Brick Golf Towel,5
2016-09-29,LIJA Women's Eyelet Sleeveless Golf Polo,5
2016-09-29,Nike Men's CJ Elite 2 TD Football Cleat,9
2016-09-29,Nike Men's Comfort 2 Slide,2
2016-09-29,Nike Men's Dri-FIT Victory Golf Polo,51
2016-09-29,Nike Men's Free 5.0+ Running Shoe,10
2016-09-29,O'Brien Men's Neoprene Life Vest,26
2016-09-29,Pelican Sunstream 100 Kayak,7
2016-09-29,Perfect Fitness Perfect Rip Deck,30
2016-09-29,Titleist Pro V1 High Numbers Personalized Gol,3
2016-09-29,Top Flite Women's 2014 XL Hybrid,4
2016-09-29,Under Armour Girls' Toddler Spine Surge Runni,10
2016-09-29,Under Armour Hustle Storm Medium Duffle Bag,9
2016-09-29,Under Armour Men's Compression EV SL Slide,3
2016-09-30,Bridgestone e6 Straight Distance NFL San Dieg,1
2016-09-30,Diamondback Women's Serene Classic Comfort Bi,2
2016-09-30,Field & Stream Sportsman 16 Gun Fire Safe,11
2016-09-30,Hirzl Women's Hybrid Golf Glove,5
2016-09-30,Nike Men's CJ Elite 2 TD Football Cleat,20
2016-09-30,Nike Men's Dri-FIT Victory Golf Polo,30
2016-09-30,Nike Men's Free 5.0+ Running Shoe,16
2016-09-30,O'Brien Men's Neoprene Life Vest,24
2016-09-30,Pelican Sunstream 100 Kayak,10
2016-09-30,Perfect Fitness Perfect Rip Deck,38
2016-09-30,Team Golf Pittsburgh Steelers Putter Grip,3
2016-09-30,Team Golf San Francisco Giants Putter Grip,5
2016-09-30,Team Golf Tennessee Volunteers Putter Grip,1
2016-09-30,Titleist Pro V1x Golf Balls,2
2016-09-30,Under Armour Girls' Toddler Spine Surge Runni,13
2016-10-01,Bridgestone e6 Straight Distance NFL Carolina,1
2016-10-01,Clicgear 8.0 Shoe Brush,3
2016-10-01,Diamondback Women's Serene Classic Comfort Bi,5
2016-10-01,Field & Stream Sportsman 16 Gun Fire Safe,4
2016-10-01,Glove It Women's Mod Oval Golf Glove,5
2016-10-01,Nike Men's CJ Elite 2 TD Football Cleat,8
2016-10-01,Nike Men's Dri-FIT Victory Golf Polo,31
2016-10-01,Nike Men's Free 5.0+ Running Shoe,25
2016-10-01,O'Brien Men's Neoprene Life Vest,28
2016-10-01,Pelican Sunstream 100 Kayak,11
2016-10-01,Perfect Fitness Perfect Rip Deck,26
2016-10-01,Team Golf New England Patriots Putter Grip,3
2016-10-01,Titleist Pro V1x High Numbers Golf Balls,3
2016-10-01,Under Armour Girls' Toddler Spine Surge Runni,21
2016-10-01,adidas Kids' F5 Messi FG Soccer Cleat,2
2016-10-02,Bag Boy Beverage Holder,5
2016-10-02,Clicgear 8.0 Shoe Brush,3
2016-10-02,Diamondback Women's Serene Classic Comfort Bi,7
2016-10-02,Field & Stream Sportsman 16 Gun Fire Safe,2
2016-10-02,Glove It Women's Mod Oval 3-Zip Carry All Gol,4
2016-10-02,Hirzl Men's Hybrid Golf Glove,1
2016-10-02,Nike Men's CJ Elite 2 TD Football Cleat,13
2016-10-02,Nike Men's Dri-FIT Victory Golf Polo,60
2016-10-02,Nike Men's Free 5.0+ Running Shoe,18
2016-10-02,O'Brien Men's Neoprene Life Vest,28
2016-10-02,Pelican Sunstream 100 Kayak,5
2016-10-02,Perfect Fitness Perfect Rip Deck,49
2016-10-02,Under Armour Girls' Toddler Spine Surge Runni,13
2016-10-02,adidas Kids' F5 Messi FG Soccer Cleat,3
2016-10-02,adidas Men's F10 Messi TRX FG Soccer Cleat,5
2016-10-03,Bag Boy Beverage Holder,3
2016-10-03,Bridgestone e6 Straight Distance NFL Carolina,9
2016-10-03,Diamondback Women's Serene Classic Comfort Bi,8
2016-10-03,Field & Stream Sportsman 16 Gun Fire Safe,10
2016-10-03,Glove It Imperial Golf Towel,3
2016-10-03,Nike Men's CJ Elite 2 TD Football Cleat,5
2016-10-03,Nike Men's Deutschland Weltmeister Winners Bl,1
2016-10-03,Nike Men's Dri-FIT Victory Golf Polo,26
2016-10-03,Nike Men's Free 5.0+ Running Shoe,21
2016-10-03,O'Brien Men's Neoprene Life Vest,20
2016-10-03,Pelican Sunstream 100 Kayak,6
2016-10-03,Perfect Fitness Perfect Rip Deck,16
2016-10-03,Titleist Pro V1x High Numbers Personalized Go,3
2016-10-03,Under Armour Girls' Toddler Spine Surge Runni,15
2016-10-04,Bag Boy Beverage Holder,1
2016-10-04,Clicgear 8.0 Shoe Brush,5
2016-10-04,Diamondback Women's Serene Classic Comfort Bi,7
2016-10-04,Field & Stream Sportsman 16 Gun Fire Safe,8
2016-10-04,Glove It Women's Mod Oval 3-Zip Carry All Gol,1
2016-10-04,Nike Men's CJ Elite 2 TD Football Cleat,8
2016-10-04,Nike Men's Deutschland Weltmeister Winners Bl,1
2016-10-04,Nike Men's Dri-FIT Victory Golf Polo,32
2016-10-04,Nike Men's Free 5.0+ Running Shoe,2
2016-10-04,O'Brien Men's Neoprene Life Vest,43
2016-10-04,Pelican Sunstream 100 Kayak,7
2016-10-04,Perfect Fitness Perfect Rip Deck,33
2016-10-04,Under Armour Girls' Toddler Spine Surge Runni,6
2016-10-04,Under Armour Kids' Mercenary Slide,1
2016-10-04,Under Armour Men's Compression EV SL Slide,1
2016-10-05,Columbia Men's PFG Anchor Tough T-Shirt,5
2016-10-05,Diamondback Women's Serene Classic Comfort Bi,5
2016-10-05,Field & Stream Sportsman 16 Gun Fire Safe,8
2016-10-05,Glove It Urban Brick Golf Towel,5
2016-10-05,Hirzl Women's Hybrid Golf Glove,5
2016-10-05,Nike Men's CJ Elite 2 TD Football Cleat,8
2016-10-05,Nike Men's Dri-FIT Victory Golf Polo,32
2016-10-05,Nike Men's Free 5.0+ Running Shoe,8
2016-10-05,O'Brien Men's Neoprene Life Vest,22
2016-10-05,Pelican Sunstream 100 Kayak,3
2016-10-05,Perfect Fitness Perfect Rip Deck,17
2016-10-05,TYR Boys' Team Digi Jammer,2
2016-10-05,Team Golf New England Patriots Putter Grip,8
2016-10-05,Team Golf Texas Longhorns Putter Grip,5
2016-10-05,Under Armour Girls' Toddler Spine Surge Runni,13
2016-10-05,adidas Youth Germany Black/Red Away Match Soc,4
2016-10-06,Diamondback Women's Serene Classic Comfort Bi,2
2016-10-06,Field & Stream Sportsman 16 Gun Fire Safe,9
2016-10-06,Glove It Women's Mod Oval Golf Glove,2
2016-10-06,Hirzl Men's Hybrid Golf Glove,2
2016-10-06,Nike Men's CJ Elite 2 TD Football Cleat,11
2016-10-06,Nike Men's Dri-FIT Victory Golf Polo,12
2016-10-06,Nike Men's Free 5.0+ Running Shoe,13
2016-10-06,O'Brien Men's Neoprene Life Vest,25
2016-10-06,Pelican Sunstream 100 Kayak,3
2016-10-06,Perfect Fitness Perfect Rip Deck,37
2016-10-06,TYR Boys' Team Digi Jammer,1
2016-10-06,Team Golf Texas Longhorns Putter Grip,5
2016-10-06,Titleist Pro V1 High Numbers Personalized Gol,1
2016-10-06,Under Armour Girls' Toddler Spine Surge Runni,16
2016-10-07,Diamondback Women's Serene Classic Comfort Bi,6
2016-10-07,Field & Stream Sportsman 16 Gun Fire Safe,10
2016-10-07,Glove It Urban Brick Golf Towel,5
2016-10-07,Hirzl Men's Hybrid Golf Glove,3
2016-10-07,Nike Men's CJ Elite 2 TD Football Cleat,7
2016-10-07,Nike Men's Comfort 2 Slide,4
2016-10-07,Nike Men's Dri-FIT Victory Golf Polo,30
2016-10-07,Nike Men's Free 5.0+ Running Shoe,7
2016-10-07,O'Brien Men's Neoprene Life Vest,26
2016-10-07,Pelican Sunstream 100 Kayak,10
2016-10-07,Perfect Fitness Perfect Rip Deck,28
2016-10-07,Team Golf Texas Longhorns Putter Grip,3
2016-10-07,Under Armour Girls' Toddler Spine Surge Runni,15
2016-10-07,Under Armour Women's Ignite Slide,3
2016-10-07,adidas Men's F10 Messi TRX FG Soccer Cleat,9
2016-10-08,Bridgestone e6 Straight Distance NFL Tennesse,3
2016-10-08,Diamondback Women's Serene Classic Comfort Bi,9
2016-10-08,Field & Stream Sportsman 16 Gun Fire Safe,4
2016-10-08,Glove It Women's Imperial Golf Glove,1
2016-10-08,LIJA Women's Eyelet Sleeveless Golf Polo,2
2016-10-08,Nike Men's CJ Elite 2 TD Football Cleat,13
2016-10-08,Nike Men's Dri-FIT Victory Golf Polo,43
2016-10-08,Nike Men's Free 5.0+ Running Shoe,8
2016-10-08,Nike Women's Tempo Shorts,1
2016-10-08,O'Brien Men's Neoprene Life Vest,25
2016-10-08,Pelican Sunstream 100 Kayak,7
2016-10-08,Perfect Fitness Perfect Rip Deck,46
2016-10-08,Team Golf New England Patriots Putter Grip,3
2016-10-08,Team Golf Tennessee Volunteers Putter Grip,4
2016-10-08,Titleist Pro V1x Golf Balls,2
2016-10-08,Under Armour Girls' Toddler Spine Surge Runni,13
2016-10-08,adidas Kids' F5 Messi FG Soccer Cleat,3
2016-10-09,Bridgestone e6 Straight Distance NFL Carolina,3
2016-10-09,Columbia Men's PFG Anchor Tough T-Shirt,4
2016-10-09,Diamondback Women's Serene Classic Comfort Bi,4
2016-10-09,Field & Stream Sportsman 16 Gun Fire Safe,10
2016-10-09,Nike Men's CJ Elite 2 TD Football Cleat,11
2016-10-09,Nike Men's Dri-FIT Victory Golf Polo,37
2016-10-09,Nike Men's Free 5.0+ Running Shoe,18
2016-10-09,O'Brien Men's Neoprene Life Vest,33
2016-10-09,Pelican Sunstream 100 Kayak,5
2016-10-09,Perfect Fitness Perfect Rip Deck,29
2016-10-09,Team Golf New England Patriots Putter Grip,3
2016-10-09,Team Golf Pittsburgh Steelers Putter Grip,3
2016-10-09,Team Golf Tennessee Volunteers Putter Grip,5
2016-10-09,Under Armour Girls' Toddler Spine Surge Runni,29
2016-10-10,Bridgestone e6 Straight Distance NFL Carolina,3
2016-10-10,Diamondback Women's Serene Classic Comfort Bi,8
2016-10-10,Field & Stream Sportsman 16 Gun Fire Safe,11
2016-10-10,Nike Men's CJ Elite 2 TD Football Cleat,9
2016-10-10,Nike Men's Dri-FIT Victory Golf Polo,21
2016-10-10,Nike Men's Free 5.0+ Running Shoe,1
2016-10-10,Nike Women's Legend V-Neck T-Shirt,3
2016-10-10,O'Brien Men's Neoprene Life Vest,47
2016-10-10,Pelican Sunstream 100 Kayak,10
2016-10-10,Perfect Fitness Perfect Rip Deck,31
2016-10-10,Team Golf New England Patriots Putter Grip,5
2016-10-10,Titleist Pro V1x Golf Balls,2
2016-10-10,Under Armour Girls' Toddler Spine Surge Runni,13
2016-10-11,Bridgestone e6 Straight Distance NFL Carolina,5
2016-10-11,Bridgestone e6 Straight Distance NFL San Dieg,1
2016-10-11,Diamondback Women's Serene Classic Comfort Bi,4
2016-10-11,Field & Stream Sportsman 16 Gun Fire Safe,5
2016-10-11,Glove It Imperial Golf Towel,2
2016-10-11,Nike Dri-FIT Crew Sock 6 Pack,6
2016-10-11,Nike Men's CJ Elite 2 TD Football Cleat,8
2016-10-11,Nike Men's Dri-FIT Victory Golf Polo,26
2016-10-11,Nike Men's Free 5.0+ Running Shoe,12
2016-10-11,Nike Women's Legend V-Neck T-Shirt,3
2016-10-11,Nike Women's Tempo Shorts,5
2016-10-11,O'Brien Men's Neoprene Life Vest,33
2016-10-11,Pelican Sunstream 100 Kayak,6
2016-10-11,Perfect Fitness Perfect Rip Deck,25
2016-10-11,TYR Boys' Team Digi Jammer,2
2016-10-11,Team Golf San Francisco Giants Putter Grip,5
2016-10-11,Team Golf St. Louis Cardinals Putter Grip,5
2016-10-11,Titleist Pro V1x High Numbers Personalized Go,2
2016-10-11,Under Armour Girls' Toddler Spine Surge Runni,2
2016-10-12,Bridgestone e6 Straight Distance NFL Carolina,5
2016-10-12,Diamondback Women's Serene Classic Comfort Bi,2
2016-10-12,Field & Stream Sportsman 16 Gun Fire Safe,6
2016-10-12,Glove It Urban Brick Golf Towel,6
2016-10-12,Nike Dri-FIT Crew Sock 6 Pack,2
2016-10-12,Nike Men's CJ Elite 2 TD Football Cleat,10
2016-10-12,Nike Men's Comfort 2 Slide,2
2016-10-12,Nike Men's Dri-FIT Victory Golf Polo,9
2016-10-12,Nike Men's Free 5.0+ Running Shoe,19
2016-10-12,O'Brien Men's Neoprene Life Vest,30
2016-10-12,Pelican Sunstream 100 Kayak,11
2016-10-12,Perfect Fitness Perfect Rip Deck,41
2016-10-12,Team Golf Pittsburgh Steelers Putter Grip,4
2016-10-12,Team Golf Tennessee Volunteers Putter Grip,1
2016-10-12,Under Armour Girls' Toddler Spine Surge Runni,1
2016-10-12,Under Armour Women's Ignite Slide,5
2016-10-13,Diamondback Women's Serene Classic Comfort Bi,6
2016-10-13,ENO Atlas Hammock Straps,2
2016-10-13,Field & Stream Sportsman 16 Gun Fire Safe,10
2016-10-13,Glove It Urban Brick Golf Towel,5
2016-10-13,Glove It Women's Mod Oval Golf Glove,3
2016-10-13,Hirzl Women's Soffft Flex Golf Glove,4
2016-10-13,Nike Men's CJ Elite 2 TD Football Cleat,10
2016-10-13,Nike Men's Dri-FIT Victory Golf Polo,20
2016-10-13,Nike Men's Free 5.0+ Running Shoe,5
2016-10-13,Nike Women's Tempo Shorts,3
2016-10-13,O'Brien Men's Neoprene Life Vest,24
2016-10-13,Pelican Sunstream 100 Kayak,6
2016-10-13,Perfect Fitness Perfect Rip Deck,15
2016-10-13,Titleist Pro V1x High Numbers Golf Balls,1
2016-10-13,Titleist Pro V1x High Numbers Personalized Go,3
2016-10-13,Under Armour Girls' Toddler Spine Surge Runni,12
2016-10-14,Bag Boy Beverage Holder,4
2016-10-14,Bridgestone e6 Straight Distance NFL Carolina,4
2016-10-14,Bridgestone e6 Straight Distance NFL San Dieg,8
2016-10-14,Bridgestone e6 Straight Distance NFL Tennesse,5
2016-10-14,Diamondback Women's Serene Classic Comfort Bi,9
2016-10-14,Field & Stream Sportsman 16 Gun Fire Safe,5
2016-10-14,Glove It Women's Imperial Golf Glove,1
2016-10-14,Nike Men's CJ Elite 2 TD Football Cleat,9
2016-10-14,Nike Men's Dri-FIT Victory Golf Polo,20
2016-10-14,Nike Men's Free 5.0+ Running Shoe,17
2016-10-14,O'Brien Men's Neoprene Life Vest,25
2016-10-14,Pelican Sunstream 100 Kayak,5
2016-10-14,Perfect Fitness Perfect Rip Deck,42
2016-10-14,TYR Boys' Team Digi Jammer,3
2016-10-14,Team Golf Tennessee Volunteers Putter Grip,5
2016-10-14,Titleist Pro V1 High Numbers Personalized Gol,3
2016-10-14,Top Flite Women's 2014 XL Hybrid,1
2016-10-14,Under Armour Girls' Toddler Spine Surge Runni,11
2016-10-14,Under Armour Kids' Mercenary Slide,5
2016-10-14,Under Armour Men's Compression EV SL Slide,4
2016-10-14,adidas Kids' F5 Messi FG Soccer Cleat,2
2016-10-14,adidas Men's Germany Black Crest Away Tee,1
2016-10-15,Diamondback Women's Serene Classic Comfort Bi,6
2016-10-15,ENO Atlas Hammock Straps,3
2016-10-15,Field & Stream Sportsman 16 Gun Fire Safe,5
2016-10-15,Glove It Imperial Golf Towel,2
2016-10-15,Hirzl Men's Hybrid Golf Glove,4
2016-10-15,Hirzl Women's Soffft Flex Golf Glove,2
2016-10-15,LIJA Women's Eyelet Sleeveless Golf Polo,1
2016-10-15,Nike Men's CJ Elite 2 TD Football Cleat,9
2016-10-15,Nike Men's Deutschland Weltmeister Winners Bl,5
2016-10-15,Nike Men's Dri-FIT Victory Golf Polo,35
2016-10-15,Nike Men's Free 5.0+ Running Shoe,13
2016-10-15,O'Brien Men's Neoprene Life Vest,14
2016-10-15,Pelican Sunstream 100 Kayak,7
2016-10-15,Perfect Fitness Perfect Rip Deck,54
2016-10-15,Titleist Pro V1x Golf Balls,1
2016-10-15,Titleist Pro V1x High Numbers Personalized Go,4
2016-10-15,Under Armour Girls' Toddler Spine Surge Runni,13
2016-10-15,Under Armour Women's Ignite PIP VI Slide,3
2016-10-15,adidas Kids' F5 Messi FG Soccer Cleat,5
2016-10-15,adidas Men's Germany Black Crest Away Tee,1
2016-10-15,adidas Youth Germany Black/Red Away Match Soc,2
2016-10-16,Diamondback Women's Serene Classic Comfort Bi,11
2016-10-16,ENO Atlas Hammock Straps,1
2016-10-16,Field & Stream Sportsman 16 Gun Fire Safe,5
2016-10-16,Glove It Women's Imperial Golf Glove,1
2016-10-16,Nike Men's CJ Elite 2 TD Football Cleat,9
2016-10-16,Nike Men's Dri-FIT Victory Golf Polo,41
2016-10-16,Nike Men's Free 5.0+ Running Shoe,6
2016-10-16,O'Brien Men's Neoprene Life Vest,36
2016-10-16,Pelican Sunstream 100 Kayak,4
2016-10-16,Perfect Fitness Perfect Rip Deck,15
2016-10-16,Top Flite Women's 2014 XL Hybrid,4
2016-10-16,Under Armour Girls' Toddler Spine Surge Runni,14
2016-10-16,Under Armour Hustle Storm Medium Duffle Bag,2
2016-10-16,Under Armour Women's Micro G Skulpt Running S,2
2016-10-16,adidas Men's F10 Messi TRX FG Soccer Cleat,1
2016-10-16,adidas Men's Germany Black Crest Away Tee,5
2016-10-17,Bridgestone e6 Straight Distance NFL Tennesse,2
2016-10-17,Diamondback Women's Serene Classic Comfort Bi,7
2016-10-17,Field & Stream Sportsman 16 Gun Fire Safe,10
2016-10-17,Nike Dri-FIT Crew Sock 6 Pack,2
2016-10-17,Nike Men's CJ Elite 2 TD Football Cleat,12
2016-10-17,Nike Men's Dri-FIT Victory Golf Polo,46
2016-10-17,Nike Men's Free 5.0+ Running Shoe,16
2016-10-17,Nike Women's Tempo Shorts,1
2016-10-17,O'Brien Men's Neoprene Life Vest,21
2016-10-17,Pelican Sunstream 100 Kayak,8
2016-10-17,Perfect Fitness Perfect Rip Deck,11
2016-10-17,Team Golf St. Louis Cardinals Putter Grip,1
2016-10-17,Under Armour Girls' Toddler Spine Surge Runni,12
2016-10-18,Bridgestone e6 Straight Distance NFL Tennesse,5
2016-10-18,Clicgear Rovic Cooler Bag,5
2016-10-18,Diamondback Women's Serene Classic Comfort Bi,5
2016-10-18,Field & Stream Sportsman 16 Gun Fire Safe,8
2016-10-18,Hirzl Women's Hybrid Golf Glove,4
2016-10-18,Nike Men's CJ Elite 2 TD Football Cleat,6
2016-10-18,Nike Men's Dri-FIT Victory Golf Polo,37
2016-10-18,Nike Men's Free 5.0+ Running Shoe,6
2016-10-18,O'Brien Men's Neoprene Life Vest,13
2016-10-18,Pelican Sunstream 100 Kayak,6
2016-10-18,Perfect Fitness Perfect Rip Deck,28
2016-10-18,Team Golf Texas Longhorns Putter Grip,1
2016-10-18,Titleist Pro V1 High Numbers Personalized Gol,4
2016-10-18,Under Armour Girls' Toddler Spine Surge Runni,20
2016-10-18,Under Armour Men's Tech II T-Shirt,2
2016-10-18,Under Armour Women's Ignite Slide,8
2016-10-19,Bridgestone e6 Straight Distance NFL Carolina,4
2016-10-19,Diamondback Women's Serene Classic Comfort Bi,4
2016-10-19,ENO Atlas Hammock Straps,5
2016-10-19,Field & Stream Sportsman 16 Gun Fire Safe,5
2016-10-19,Glove It Imperial Golf Towel,5
2016-10-19,Glove It Women's Imperial Golf Glove,4
2016-10-19,Hirzl Men's Hybrid Golf Glove,1
2016-10-19,Nike Men's CJ Elite 2 TD Football Cleat,16
2016-10-19,Nike Men's Dri-FIT Victory Golf Polo,53
2016-10-19,Nike Men's Free 5.0+ Running Shoe,15
2016-10-19,Nike Women's Tempo Shorts,3
2016-10-19,O'Brien Men's Neoprene Life Vest,46
2016-10-19,Pelican Sunstream 100 Kayak,4
2016-10-19,Perfect Fitness Perfect Rip Deck,35
2016-10-19,Titleist Pro V1x High Numbers Golf Balls,4
2016-10-19,Titleist Pro V1x High Numbers Personalized Go,4
2016-10-19,Under Armour Girls' Toddler Spine Surge Runni,8
2016-10-19,Under Armour Men's Tech II T-Shirt,1
2016-10-19,adidas Men's F10 Messi TRX FG Soccer Cleat,2
2016-10-19,adidas Youth Germany Black/Red Away Match Soc,2
2016-10-20,Bridgestone e6 Straight Distance NFL Tennesse,1
2016-10-20,Diamondback Women's Serene Classic Comfort Bi,10
2016-10-20,Field & Stream Sportsman 16 Gun Fire Safe,10
2016-10-20,LIJA Women's Eyelet Sleeveless Golf Polo,4
2016-10-20,Nike Men's CJ Elite 2 TD Football Cleat,19
2016-10-20,Nike Men's Dri-FIT Victory Golf Polo,60
2016-10-20,Nike Men's Free 5.0+ Running Shoe,18
2016-10-20,O'Brien Men's Neoprene Life Vest,29
2016-10-20,Pelican Sunstream 100 Kayak,7
2016-10-20,Perfect Fitness Perfect Rip Deck,29
2016-10-20,Titleist Pro V1 High Numbers Personalized Gol,3
2016-10-20,Under Armour Girls' Toddler Spine Surge Runni,7
2016-10-20,adidas Men's Germany Black Crest Away Tee,6
2016-10-21,Columbia Men's PFG Anchor Tough T-Shirt,1
2016-10-21,Diamondback Women's Serene Classic Comfort Bi,3
2016-10-21,Field & Stream Sportsman 16 Gun Fire Safe,9
2016-10-21,Nike Men's CJ Elite 2 TD Football Cleat,7
2016-10-21,Nike Men's Dri-FIT Victory Golf Polo,31
2016-10-21,Nike Men's Free 5.0+ Running Shoe,21
2016-10-21,O'Brien Men's Neoprene Life Vest,20
2016-10-21,Pelican Sunstream 100 Kayak,4
2016-10-21,Perfect Fitness Perfect Rip Deck,38
2016-10-21,Titleist Pro V1x High Numbers Personalized Go,2
2016-10-21,Under Armour Girls' Toddler Spine Surge Runni,14
2016-10-21,Under Armour Women's Ignite Slide,1
2016-10-22,Bridgestone e6 Straight Distance NFL Tennesse,3
2016-10-22,Clicgear Rovic Cooler Bag,5
2016-10-22,Diamondback Women's Serene Classic Comfort Bi,7
2016-10-22,Field & Stream Sportsman 16 Gun Fire Safe,12
2016-10-22,Glove It Women's Mod Oval Golf Glove,1
2016-10-22,Hirzl Men's Hybrid Golf Glove,4
2016-10-22,Hirzl Women's Hybrid Golf Glove,3
2016-10-22,Nike Dri-FIT Crew Sock 6 Pack,2
2016-10-22,Nike Men's CJ Elite 2 TD Football Cleat,11
2016-10-22,Nike Men's Dri-FIT Victory Golf Polo,21
2016-10-22,Nike Men's Free 5.0+ Running Shoe,9
2016-10-22,Nike Women's Legend V-Neck T-Shirt,1
2016-10-22,O'Brien Men's Neoprene Life Vest,39
2016-10-22,Pelican Sunstream 100 Kayak,9
2016-10-22,Perfect Fitness Perfect Rip Deck,46
2016-10-22,Team Golf San Francisco Giants Putter Grip,3
2016-10-22,Under Armour Girls' Toddler Spine Surge Runni,13
2016-10-22,Under Armour Men's Tech II T-Shirt,1
2016-10-23,Diamondback Women's Serene Classic Comfort Bi,10
2016-10-23,Field & Stream Sportsman 16 Gun Fire Safe,6
2016-10-23,Glove It Women's Imperial Golf Glove,1
2016-10-23,Hirzl Women's Soffft Flex Golf Glove,5
2016-10-23,Nike Men's CJ Elite 2 TD Football Cleat,12
2016-10-23,Nike Men's Dri-FIT Victory Golf Polo,26
2016-10-23,Nike Men's Free 5.0+ Running Shoe,11
2016-10-23,O'Brien Men's Neoprene Life Vest,17
2016-10-23,Pelican Sunstream 100 Kayak,9
2016-10-23,Perfect Fitness Perfect Rip Deck,51
2016-10-23,Team Golf St. Louis Cardinals Putter Grip,3
2016-10-23,Top Flite Women's 2014 XL Hybrid,2
2016-10-23,Under Armour Girls' Toddler Spine Surge Runni,10
2016-10-23,adidas Kids' F5 Messi FG Soccer Cleat,1
2016-10-23,adidas Youth Germany Black/Red Away Match Soc,2
2016-10-24,Diamondback Women's Serene Classic Comfort Bi,4
2016-10-24,ENO Atlas Hammock Straps,3
2016-10-24,Field & Stream Sportsman 16 Gun Fire Safe,8
2016-10-24,LIJA Women's Eyelet Sleeveless Golf Polo,1
2016-10-24,Nike Men's CJ Elite 2 TD Football Cleat,6
2016-10-24,Nike Men's Comfort 2 Slide,1
2016-10-24,Nike Men's Dri-FIT Victory Golf Polo,39
2016-10-24,Nike Men's Free 5.0+ Running Shoe,4
2016-10-24,Nike Women's Tempo Shorts,2
2016-10-24,O'Brien Men's Neoprene Life Vest,30
2016-10-24,Pelican Sunstream 100 Kayak,9
2016-10-24,Perfect Fitness Perfect Rip Deck,41
2016-10-24,TYR Boys' Team Digi Jammer,2
2016-10-24,Titleist Pro V1x High Numbers Golf Balls,5
2016-10-24,Under Armour Girls' Toddler Spine Surge Runni,12
2016-10-25,Diamondback Women's Serene Classic Comfort Bi,6
2016-10-25,Field & Stream Sportsman 16 Gun Fire Safe,10
2016-10-25,Nike Men's CJ Elite 2 TD Football Cleat,9
2016-10-25,Nike Men's Dri-FIT Victory Golf Polo,20
2016-10-25,Nike Men's Free 5.0+ Running Shoe,8
2016-10-25,Nike Women's Tempo Shorts,4
2016-10-25,O'Brien Men's Neoprene Life Vest,28
2016-10-25,Pelican Sunstream 100 Kayak,8
2016-10-25,Perfect Fitness Perfect Rip Deck,20
2016-10-25,TYR Boys' Team Digi Jammer,3
2016-10-25,Team Golf New England Patriots Putter Grip,2
2016-10-25,Team Golf Tennessee Volunteers Putter Grip,2
2016-10-25,Under Armour Girls' Toddler Spine Surge Runni,18
2016-10-26,Bridgestone e6 Straight Distance NFL Tennesse,3
2016-10-26,Diamondback Women's Serene Classic Comfort Bi,5
2016-10-26,Field & Stream Sportsman 16 Gun Fire Safe,7
2016-10-26,Glove It Urban Brick Golf Towel,4
2016-10-26,Glove It Women's Mod Oval Golf Glove,1
2016-10-26,Hirzl Women's Hybrid Golf Glove,1
2016-10-26,Nike Men's CJ Elite 2 TD Football Cleat,11
2016-10-26,Nike Men's Dri-FIT Victory Golf Polo,29
2016-10-26,Nike Men's Free 5.0+ Running Shoe,29
2016-10-26,O'Brien Men's Neoprene Life Vest,16
2016-10-26,Pelican Sunstream 100 Kayak,11
2016-10-26,Perfect Fitness Perfect Rip Deck,36
2016-10-26,Team Golf Pittsburgh Steelers Putter Grip,8
2016-10-26,Team Golf San Francisco Giants Putter Grip,3
2016-10-26,Titleist Pro V1x High Numbers Golf Balls,6
2016-10-26,Under Armour Girls' Toddler Spine Surge Runni,22
2016-10-26,Under Armour Men's Compression EV SL Slide,4
2016-10-26,Under Armour Women's Ignite PIP VI Slide,4
2016-10-26,Under Armour Women's Micro G Skulpt Running S,2
2016-10-26,adidas Youth Germany Black/Red Away Match Soc,1
2016-10-27,Bridgestone e6 Straight Distance NFL San Dieg,3
2016-10-27,Diamondback Women's Serene Classic Comfort Bi,7
2016-10-27,Field & Stream Sportsman 16 Gun Fire Safe,6
2016-10-27,Glove It Imperial Golf Towel,5
2016-10-27,Glove It Urban Brick Golf Towel,1
2016-10-27,Nike Dri-FIT Crew Sock 6 Pack,4
2016-10-27,Nike Men's CJ Elite 2 TD Football Cleat,11
2016-10-27,Nike Men's Deutschland Weltmeister Winners Bl,4
2016-10-27,Nike Men's Dri-FIT Victory Golf Polo,34
2016-10-27,Nike Men's Free 5.0+ Running Shoe,24
2016-10-27,O'Brien Men's Neoprene Life Vest,36
2016-10-27,Pelican Sunstream 100 Kayak,4
2016-10-27,Perfect Fitness Perfect Rip Deck,27
2016-10-27,Titleist Pro V1x High Numbers Golf Balls,2
2016-10-27,Under Armour Girls' Toddler Spine Surge Runni,22
2016-10-27,Under Armour Women's Micro G Skulpt Running S,3
2016-10-27,adidas Men's Germany Black Crest Away Tee,2
2016-10-28,Diamondback Women's Serene Classic Comfort Bi,6
2016-10-28,Field & Stream Sportsman 16 Gun Fire Safe,5
2016-10-28,Glove It Imperial Golf Towel,3
2016-10-28,LIJA Women's Eyelet Sleeveless Golf Polo,1
2016-10-28,Nike Men's CJ Elite 2 TD Football Cleat,6
2016-10-28,Nike Men's Dri-FIT Victory Golf Polo,18
2016-10-28,Nike Men's Free 5.0+ Running Shoe,16
2016-10-28,O'Brien Men's Neoprene Life Vest,37
2016-10-28,Pelican Sunstream 100 Kayak,5
2016-10-28,Perfect Fitness Perfect Rip Deck,33
2016-10-28,Under Armour Girls' Toddler Spine Surge Runni,22
2016-10-28,Under Armour Men's Tech II T-Shirt,3
2016-10-29,Bridgestone e6 Straight Distance NFL San Dieg,3
2016-10-29,Diamondback Women's Serene Classic Comfort Bi,5
2016-10-29,Field & Stream Sportsman 16 Gun Fire Safe,4
2016-10-29,Nike Men's CJ Elite 2 TD Football Cleat,12
2016-10-29,Nike Men's Dri-FIT Victory Golf Polo,29
2016-10-29,Nike Men's Free 5.0+ Running Shoe,8
2016-10-29,O'Brien Men's Neoprene Life Vest,25
2016-10-29,Pelican Sunstream 100 Kayak,7
2016-10-29,Perfect Fitness Perfect Rip Deck,49
2016-10-29,Under Armour Girls' Toddler Spine Surge Runni,1
2016-10-29,Under Armour Women's Ignite Slide,4
2016-10-29,Under Armour Women's Micro G Skulpt Running S,2
2016-10-29,adidas Men's F10 Messi TRX FG Soccer Cleat,2
2016-10-30,Clicgear Rovic Cooler Bag,1
2016-10-30,Diamondback Women's Serene Classic Comfort Bi,4
2016-10-30,Field & Stream Sportsman 16 Gun Fire Safe,7
2016-10-30,Hirzl Women's Hybrid Golf Glove,1
2016-10-30,Hirzl Women's Soffft Flex Golf Glove,4
2016-10-30,Nike Dri-FIT Crew Sock 6 Pack,1
2016-10-30,Nike Men's CJ Elite 2 TD Football Cleat,8
2016-10-30,Nike Men's Deutschland Weltmeister Winners Bl,3
2016-10-30,Nike Men's Dri-FIT Victory Golf Polo,27
2016-10-30,Nike Men's Free 5.0+ Running Shoe,24
2016-10-30,O'Brien Men's Neoprene Life Vest,28
2016-10-30,Pelican Sunstream 100 Kayak,8
2016-10-30,Perfect Fitness Perfect Rip Deck,24
2016-10-30,Titleist Pro V1x High Numbers Personalized Go,4
2016-10-30,Under Armour Girls' Toddler Spine Surge Runni,8
2016-10-30,Under Armour Men's Compression EV SL Slide,2
2016-10-30,Under Armour Men's Tech II T-Shirt,2
2016-10-31,Bridgestone e6 Straight Distance NFL Tennesse,5
2016-10-31,Diamondback Women's Serene Classic Comfort Bi,3
2016-10-31,Field & Stream Sportsman 16 Gun Fire Safe,9
2016-10-31,Glove It Women's Imperial Golf Glove,2
2016-10-31,Nike Men's CJ Elite 2 TD Football Cleat,10
2016-10-31,Nike Men's Dri-FIT Victory Golf Polo,29
2016-10-31,Nike Men's Free 5.0+ Running Shoe,7
2016-10-31,O'Brien Men's Neoprene Life Vest,18
2016-10-31,Pelican Sunstream 100 Kayak,6
2016-10-31,Perfect Fitness Perfect Rip Deck,21
2016-10-31,Team Golf New England Patriots Putter Grip,2
2016-10-31,Top Flite Women's 2014 XL Hybrid,3
2016-10-31,Under Armour Girls' Toddler Spine Surge Runni,16
2016-10-31,Under Armour Kids' Mercenary Slide,1
2016-10-31,Under Armour Men's Tech II T-Shirt,3
2016-10-31,Under Armour Women's Micro G Skulpt Running S,3
2016-10-31,adidas Youth Germany Black/Red Away Match Soc,1
2016-11-01,Bridgestone e6 Straight Distance NFL Carolina,2
2016-11-01,Clicgear 8.0 Shoe Brush,2
2016-11-01,Diamondback Women's Serene Classic Comfort Bi,4
2016-11-01,Field & Stream Sportsman 16 Gun Fire Safe,12
2016-11-01,Glove It Imperial Golf Towel,5
2016-11-01,Hirzl Men's Hybrid Golf Glove,4
2016-11-01,Hirzl Women's Hybrid Golf Glove,1
2016-11-01,Nike Men's CJ Elite 2 TD Football Cleat,10
2016-11-01,Nike Men's Dri-FIT Victory Golf Polo,17
2016-11-01,Nike Men's Free 5.0+ Running Shoe,6
2016-11-01,O'Brien Men's Neoprene Life Vest,36
2016-11-01,Pelican Sunstream 100 Kayak,5
2016-11-01,Perfect Fitness Perfect Rip Deck,39
2016-11-01,Team Golf Tennessee Volunteers Putter Grip,4
2016-11-01,Titleist Pro V1x High Numbers Golf Balls,2
2016-11-01,Under Armour Girls' Toddler Spine Surge Runni,19
2016-11-01,adidas Kids' F5 Messi FG Soccer Cleat,2
2016-11-01,adidas Men's Germany Black Crest Away Tee,5
2016-11-02,Bridgestone e6 Straight Distance NFL Tennesse,1
2016-11-02,Diamondback Women's Serene Classic Comfort Bi,5
2016-11-02,Field & Stream Sportsman 16 Gun Fire Safe,11
2016-11-02,Glove It Imperial Golf Towel,3
2016-11-02,Hirzl Men's Hybrid Golf Glove,4
2016-11-02,Nike Men's CJ Elite 2 TD Football Cleat,10
2016-11-02,Nike Men's Dri-FIT Victory Golf Polo,49
2016-11-02,Nike Men's Free 5.0+ Running Shoe,23
2016-11-02,O'Brien Men's Neoprene Life Vest,16
2016-11-02,Pelican Sunstream 100 Kayak,10
2016-11-02,Perfect Fitness Perfect Rip Deck,25
2016-11-02,Titleist Pro V1 High Numbers Personalized Gol,2
2016-11-02,Top Flite Women's 2014 XL Hybrid,4
2016-11-02,Under Armour Girls' Toddler Spine Surge Runni,12
2016-11-02,Under Armour Men's Compression EV SL Slide,4
2016-11-02,Under Armour Women's Ignite PIP VI Slide,5
2016-11-03,Columbia Men's PFG Anchor Tough T-Shirt,2
2016-11-03,Diamondback Women's Serene Classic Comfort Bi,10
2016-11-03,Field & Stream Sportsman 16 Gun Fire Safe,5
2016-11-03,Glove It Women's Imperial Golf Glove,5
2016-11-03,Nike Men's CJ Elite 2 TD Football Cleat,8
2016-11-03,Nike Men's Dri-FIT Victory Golf Polo,18
2016-11-03,Nike Men's Free 5.0+ Running Shoe,12
2016-11-03,O'Brien Men's Neoprene Life Vest,55
2016-11-03,Pelican Sunstream 100 Kayak,4
2016-11-03,Perfect Fitness Perfect Rip Deck,44
2016-11-03,Team Golf St. Louis Cardinals Putter Grip,3
2016-11-03,Under Armour Girls' Toddler Spine Surge Runni,12
2016-11-03,Under Armour Women's Ignite Slide,1
2016-11-04,Bag Boy Beverage Holder,7
2016-11-04,Bridgestone e6 Straight Distance NFL Tennesse,2
2016-11-04,Diamondback Women's Serene Classic Comfort Bi,7
2016-11-04,Field & Stream Sportsman 16 Gun Fire Safe,8
2016-11-04,Glove It Women's Imperial Golf Glove,1
2016-11-04,Nike Men's CJ Elite 2 TD Football Cleat,14
2016-11-04,Nike Men's Dri-FIT Victory Golf Polo,31
2016-11-04,Nike Men's Free 5.0+ Running Shoe,10
2016-11-04,O'Brien Men's Neoprene Life Vest,21
2016-11-04,Pelican Sunstream 100 Kayak,8
2016-11-04,Perfect Fitness Perfect Rip Deck,38
2016-11-04,Team Golf Texas Longhorns Putter Grip,2
2016-11-04,Under Armour Girls' Toddler Spine Surge Runni,20
2016-11-04,Under Armour Hustle Storm Medium Duffle Bag,5
2016-11-05,Columbia Men's PFG Anchor Tough T-Shirt,4
2016-11-05,Diamondback Women's Serene Classic Comfort Bi,9
2016-11-05,Field & Stream Sportsman 16 Gun Fire Safe,5
2016-11-05,Nike Men's CJ Elite 2 TD Football Cleat,8
2016-11-05,Nike Men's Dri-FIT Victory Golf Polo,18
2016-11-05,Nike Men's Free 5.0+ Running Shoe,16
2016-11-05,O'Brien Men's Neoprene Life Vest,14
2016-11-05,Pelican Sunstream 100 Kayak,13
2016-11-05,Perfect Fitness Perfect Rip Deck,22
2016-11-05,Team Golf St. Louis Cardinals Putter Grip,1
2016-11-05,Under Armour Girls' Toddler Spine Surge Runni,17
2016-11-05,Under Armour Women's Micro G Skulpt Running S,3
2016-11-06,Bridgestone e6 Straight Distance NFL Carolina,5
2016-11-06,Diamondback Women's Serene Classic Comfort Bi,2
2016-11-06,Field & Stream Sportsman 16 Gun Fire Safe,10
2016-11-06,Nike Dri-FIT Crew Sock 6 Pack,5
2016-11-06,Nike Men's CJ Elite 2 TD Football Cleat,6
2016-11-06,Nike Men's Dri-FIT Victory Golf Polo,23
2016-11-06,Nike Men's Free 5.0+ Running Shoe,4
2016-11-06,O'Brien Men's Neoprene Life Vest,12
2016-11-06,Pelican Sunstream 100 Kayak,8
2016-11-06,Perfect Fitness Perfect Rip Deck,34
2016-11-06,Under Armour Girls' Toddler Spine Surge Runni,9
2016-11-07,Diamondback Women's Serene Classic Comfort Bi,4
2016-11-07,Field & Stream Sportsman 16 Gun Fire Safe,12
2016-11-07,Glove It Women's Imperial Golf Glove,4
2016-11-07,Glove It Women's Mod Oval Golf Glove,3
2016-11-07,Nike Men's CJ Elite 2 TD Football Cleat,9
2016-11-07,Nike Men's Deutschland Weltmeister Winners Bl,4
2016-11-07,Nike Men's Dri-FIT Victory Golf Polo,20
2016-11-07,Nike Men's Free 5.0+ Running Shoe,12
2016-11-07,O'Brien Men's Neoprene Life Vest,13
2016-11-07,Pelican Sunstream 100 Kayak,10
2016-11-07,Perfect Fitness Perfect Rip Deck,53
2016-11-07,Team Golf Pittsburgh Steelers Putter Grip,4
2016-11-07,Team Golf Tennessee Volunteers Putter Grip,5
2016-11-07,Under Armour Girls' Toddler Spine Surge Runni,15
2016-11-07,Under Armour Women's Ignite Slide,1
2016-11-07,Under Armour Women's Micro G Skulpt Running S,5
2016-11-07,adidas Men's Germany Black Crest Away Tee,1
2016-11-08,Clicgear Rovic Cooler Bag,3
2016-11-08,Diamondback Women's Serene Classic Comfort Bi,5
2016-11-08,Field & Stream Sportsman 16 Gun Fire Safe,1
2016-11-08,Hirzl Women's Hybrid Golf Glove,3
2016-11-08,Nike Men's CJ Elite 2 TD Football Cleat,6
2016-11-08,Nike Men's Dri-FIT Victory Golf Polo,27
2016-11-08,Nike Men's Free 5.0+ Running Shoe,30
2016-11-08,O'Brien Men's Neoprene Life Vest,20
2016-11-08,Pelican Sunstream 100 Kayak,8
2016-11-08,Perfect Fitness Perfect Rip Deck,33
2016-11-08,Team Golf Texas Longhorns Putter Grip,9
2016-11-08,Titleist Pro V1x Golf Balls,2
2016-11-08,Under Armour Girls' Toddler Spine Surge Runni,18
2016-11-08,Under Armour Women's Micro G Skulpt Running S,2
2016-11-09,Bridgestone e6 Straight Distance NFL Carolina,5
2016-11-09,Diamondback Women's Serene Classic Comfort Bi,3
2016-11-09,Field & Stream Sportsman 16 Gun Fire Safe,6
2016-11-09,Glove It Women's Mod Oval Golf Glove,1
2016-11-09,Nike Men's CJ Elite 2 TD Football Cleat,11
2016-11-09,Nike Men's Dri-FIT Victory Golf Polo,38
2016-11-09,Nike Men's Free 5.0+ Running Shoe,25
2016-11-09,O'Brien Men's Neoprene Life Vest,19
2016-11-09,Pelican Sunstream 100 Kayak,8
2016-11-09,Perfect Fitness Perfect Rip Deck,43
2016-11-09,Team Golf Pittsburgh Steelers Putter Grip,4
2016-11-09,Titleist Pro V1x Golf Balls,3
2016-11-09,Under Armour Girls' Toddler Spine Surge Runni,13
2016-11-09,Under Armour Women's Ignite Slide,5
2016-11-09,Under Armour Women's Micro G Skulpt Running S,8
2016-11-09,adidas Youth Germany Black/Red Away Match Soc,2
2016-11-10,Clicgear Rovic Cooler Bag,3
2016-11-10,Diamondback Women's Serene Classic Comfort Bi,6
2016-11-10,Field & Stream Sportsman 16 Gun Fire Safe,9
2016-11-10,Nike Men's CJ Elite 2 TD Football Cleat,10
2016-11-10,Nike Men's Dri-FIT Victory Golf Polo,18
2016-11-10,Nike Men's Free 5.0+ Running Shoe,8
2016-11-10,Nike Women's Legend V-Neck T-Shirt,5
2016-11-10,O'Brien Men's Neoprene Life Vest,25
2016-11-10,Pelican Sunstream 100 Kayak,1
2016-11-10,Perfect Fitness Perfect Rip Deck,14
2016-11-10,Team Golf New England Patriots Putter Grip,4
2016-11-10,Titleist Pro V1x High Numbers Personalized Go,1
2016-11-10,Under Armour Girls' Toddler Spine Surge Runni,13
2016-11-10,Under Armour Hustle Storm Medium Duffle Bag,2
2016-11-10,Under Armour Men's Compression EV SL Slide,5
2016-11-11,Clicgear Rovic Cooler Bag,5
2016-11-11,Diamondback Women's Serene Classic Comfort Bi,3
2016-11-11,Field & Stream Sportsman 16 Gun Fire Safe,7
2016-11-11,Glove It Women's Imperial Golf Glove,3
2016-11-11,Nike Men's CJ Elite 2 TD Football Cleat,22
2016-11-11,Nike Men's Dri-FIT Victory Golf Polo,17
2016-11-11,Nike Men's Free 5.0+ Running Shoe,32
2016-11-11,Nike Women's Legend V-Neck T-Shirt,3
2016-11-11,O'Brien Men's Neoprene Life Vest,18
2016-11-11,Pelican Sunstream 100 Kayak,7
2016-11-11,Perfect Fitness Perfect Rip Deck,62
2016-11-11,Team Golf Pittsburgh Steelers Putter Grip,3
2016-11-11,Team Golf St. Louis Cardinals Putter Grip,3
2016-11-11,Under Armour Girls' Toddler Spine Surge Runni,24
2016-11-11,Under Armour Women's Ignite Slide,4
2016-11-12,Bag Boy Beverage Holder,2
2016-11-12,Columbia Men's PFG Anchor Tough T-Shirt,2
2016-11-12,Diamondback Women's Serene Classic Comfort Bi,6
2016-11-12,Field & Stream Sportsman 16 Gun Fire Safe,11
2016-11-12,Nike Men's CJ Elite 2 TD Football Cleat,13
2016-11-12,Nike Men's Dri-FIT Victory Golf Polo,44
2016-11-12,Nike Men's Free 5.0+ Running Shoe,29
2016-11-12,O'Brien Men's Neoprene Life Vest,35
2016-11-12,Pelican Sunstream 100 Kayak,4
2016-11-12,Perfect Fitness Perfect Rip Deck,35
2016-11-12,Top Flite Women's 2014 XL Hybrid,3
2016-11-12,Under Armour Girls' Toddler Spine Surge Runni,21
2016-11-13,Diamondback Women's Serene Classic Comfort Bi,7
2016-11-13,Field & Stream Sportsman 16 Gun Fire Safe,12
2016-11-13,Glove It Women's Mod Oval Golf Glove,1
2016-11-13,Nike Men's CJ Elite 2 TD Football Cleat,13
2016-11-13,Nike Men's Dri-FIT Victory Golf Polo,7
2016-11-13,Nike Men's Free 5.0+ Running Shoe,22
2016-11-13,O'Brien Men's Neoprene Life Vest,36
2016-11-13,Pelican Sunstream 100 Kayak,6
2016-11-13,Perfect Fitness Perfect Rip Deck,22
2016-11-13,Under Armour Girls' Toddler Spine Surge Runni,7
2016-11-14,Clicgear Rovic Cooler Bag,3
2016-11-14,Diamondback Women's Serene Classic Comfort Bi,5
2016-11-14,Field & Stream Sportsman 16 Gun Fire Safe,6
2016-11-14,Nike Dri-FIT Crew Sock 6 Pack,5
2016-11-14,Nike Men's CJ Elite 2 TD Football Cleat,10
2016-11-14,Nike Men's Dri-FIT Victory Golf Polo,32
2016-11-14,Nike Men's Free 5.0+ Running Shoe,31
2016-11-14,O'Brien Men's Neoprene Life Vest,20
2016-11-14,Pelican Sunstream 100 Kayak,4
2016-11-14,Perfect Fitness Perfect Rip Deck,25
2016-11-14,Team Golf Tennessee Volunteers Putter Grip,2
2016-11-14,Under Armour Girls' Toddler Spine Surge Runni,22
2016-11-14,Under Armour Men's Tech II T-Shirt,5
2016-11-14,adidas Kids' F5 Messi FG Soccer Cleat,5
2016-11-14,adidas Men's F10 Messi TRX FG Soccer Cleat,1
2016-11-15,Diamondback Women's Serene Classic Comfort Bi,10
2016-11-15,ENO Atlas Hammock Straps,5
2016-11-15,Field & Stream Sportsman 16 Gun Fire Safe,4
2016-11-15,Nike Men's CJ Elite 2 TD Football Cleat,8
2016-11-15,Nike Men's Dri-FIT Victory Golf Polo,19
2016-11-15,Nike Men's Free 5.0+ Running Shoe,25
2016-11-15,O'Brien Men's Neoprene Life Vest,22
2016-11-15,Pelican Sunstream 100 Kayak,7
2016-11-15,Perfect Fitness Perfect Rip Deck,37
2016-11-15,Team Golf Pittsburgh Steelers Putter Grip,3
2016-11-15,Top Flite Women's 2014 XL Hybrid,1
2016-11-15,Under Armour Girls' Toddler Spine Surge Runni,7
2016-11-16,Diamondback Women's Serene Classic Comfort Bi,1
2016-11-16,Field & Stream Sportsman 16 Gun Fire Safe,4
2016-11-16,Hirzl Men's Hybrid Golf Glove,3
2016-11-16,Nike Dri-FIT Crew Sock 6 Pack,1
2016-11-16,Nike Men's CJ Elite 2 TD Football Cleat,6
2016-11-16,Nike Men's Dri-FIT Victory Golf Polo,15
2016-11-16,Nike Men's Free 5.0+ Running Shoe,20
2016-11-16,O'Brien Men's Neoprene Life Vest,18
2016-11-16,Pelican Sunstream 100 Kayak,5
2016-11-16,Perfect Fitness Perfect Rip Deck,17
2016-11-16,Team Golf Pittsburgh Steelers Putter Grip,3
2016-11-16,Under Armour Girls' Toddler Spine Surge Runni,15
2016-11-16,Under Armour Women's Micro G Skulpt Running S,5
2016-11-16,adidas Youth Germany Black/Red Away Match Soc,4
2016-11-17,Diamondback Women's Serene Classic Comfort Bi,7
2016-11-17,Field & Stream Sportsman 16 Gun Fire Safe,12
2016-11-17,Nike Men's CJ Elite 2 TD Football Cleat,13
2016-11-17,Nike Men's Dri-FIT Victory Golf Polo,17
2016-11-17,Nike Men's Free 5.0+ Running Shoe,21
2016-11-17,Nike Women's Tempo Shorts,1
2016-11-17,O'Brien Men's Neoprene Life Vest,67
2016-11-17,Pelican Sunstream 100 Kayak,5
2016-11-17,Perfect Fitness Perfect Rip Deck,32
2016-11-17,Team Golf St. Louis Cardinals Putter Grip,4
2016-11-17,Team Golf Tennessee Volunteers Putter Grip,5
2016-11-17,Titleist Pro V1x Golf Balls,4
2016-11-17,Under Armour Girls' Toddler Spine Surge Runni,13
2016-11-18,Bag Boy Beverage Holder,5
2016-11-18,Bridgestone e6 Straight Distance NFL Tennesse,4
2016-11-18,Clicgear 8.0 Shoe Brush,5
2016-11-18,Clicgear Rovic Cooler Bag,1
2016-11-18,Diamondback Women's Serene Classic Comfort Bi,9
2016-11-18,ENO Atlas Hammock Straps,3
2016-11-18,Field & Stream Sportsman 16 Gun Fire Safe,13
2016-11-18,Glove It Urban Brick Golf Towel,3
2016-11-18,Nike Men's CJ Elite 2 TD Football Cleat,14
2016-11-18,Nike Men's Dri-FIT Victory Golf Polo,40
2016-11-18,Nike Men's Free 5.0+ Running Shoe,13
2016-11-18,O'Brien Men's Neoprene Life Vest,19
2016-11-18,Pelican Sunstream 100 Kayak,10
2016-11-18,Perfect Fitness Perfect Rip Deck,30
2016-11-18,Team Golf Pittsburgh Steelers Putter Grip,5
2016-11-18,Team Golf San Francisco Giants Putter Grip,3
2016-11-18,Titleist Pro V1 High Numbers Personalized Gol,4
2016-11-18,Titleist Pro V1x High Numbers Personalized Go,5
2016-11-18,Top Flite Women's 2014 XL Hybrid,4
2016-11-18,Under Armour Girls' Toddler Spine Surge Runni,18
2016-11-18,Under Armour Men's Compression EV SL Slide,2
2016-11-18,Under Armour Women's Ignite Slide,2
2016-11-18,Under Armour Women's Micro G Skulpt Running S,5
2016-11-19,Bag Boy Beverage Holder,5
2016-11-19,Bridgestone e6 Straight Distance NFL Tennesse,4
2016-11-19,Columbia Men's PFG Anchor Tough T-Shirt,3
2016-11-19,Diamondback Women's Serene Classic Comfort Bi,4
2016-11-19,Field & Stream Sportsman 16 Gun Fire Safe,8
2016-11-19,Hirzl Men's Hybrid Golf Glove,4
2016-11-19,Nike Men's CJ Elite 2 TD Football Cleat,8
2016-11-19,Nike Men's Comfort 2 Slide,1
2016-11-19,Nike Men's Dri-FIT Victory Golf Polo,5
2016-11-19,Nike Men's Free 5.0+ Running Shoe,20
2016-11-19,O'Brien Men's Neoprene Life Vest,7
2016-11-19,Pelican Sunstream 100 Kayak,9
2016-11-19,Perfect Fitness Perfect Rip Deck,43
2016-11-19,Titleist Pro V1x Golf Balls,1
2016-11-19,Under Armour Girls' Toddler Spine Surge Runni,13
2016-11-20,Bridgestone e6 Straight Distance NFL Carolina,6
2016-11-20,Bridgestone e6 Straight Distance NFL San Dieg,1
2016-11-20,Columbia Men's PFG Anchor Tough T-Shirt,7
2016-11-20,Diamondback Women's Serene Classic Comfort Bi,4
2016-11-20,Field & Stream Sportsman 16 Gun Fire Safe,7
2016-11-20,Glove It Imperial Golf Towel,4
2016-11-20,Glove It Women's Mod Oval 3-Zip Carry All Gol,1
2016-11-20,Hirzl Men's Hybrid Golf Glove,4
2016-11-20,Nike Men's CJ Elite 2 TD Football Cleat,13
2016-11-20,Nike Men's Dri-FIT Victory Golf Polo,42
2016-11-20,Nike Men's Free 5.0+ Running Shoe,4
2016-11-20,Nike Women's Tempo Shorts,1
2016-11-20,O'Brien Men's Neoprene Life Vest,45
2016-11-20,Pelican Sunstream 100 Kayak,6
2016-11-20,Perfect Fitness Perfect Rip Deck,34
2016-11-20,Under Armour Girls' Toddler Spine Surge Runni,19
2016-11-20,Under Armour Hustle Storm Medium Duffle Bag,3
2016-11-20,Under Armour Men's Tech II T-Shirt,8
2016-11-21,Clicgear 8.0 Shoe Brush,4
2016-11-21,Clicgear Rovic Cooler Bag,1
2016-11-21,Diamondback Women's Serene Classic Comfort Bi,5
2016-11-21,ENO Atlas Hammock Straps,9
2016-11-21,Field & Stream Sportsman 16 Gun Fire Safe,11
2016-11-21,Nike Men's CJ Elite 2 TD Football Cleat,5
2016-11-21,Nike Men's Dri-FIT Victory Golf Polo,31
2016-11-21,Nike Men's Free 5.0+ Running Shoe,13
2016-11-21,O'Brien Men's Neoprene Life Vest,22
2016-11-21,Pelican Sunstream 100 Kayak,9
2016-11-21,Perfect Fitness Perfect Rip Deck,21
2016-11-21,Team Golf Pittsburgh Steelers Putter Grip,3
2016-11-21,Titleist Pro V1 High Numbers Personalized Gol,3
2016-11-21,Titleist Pro V1x Golf Balls,4
2016-11-21,Under Armour Girls' Toddler Spine Surge Runni,18
2016-11-21,adidas Kids' F5 Messi FG Soccer Cleat,4
2016-11-22,Bridgestone e6 Straight Distance NFL Carolina,5
2016-11-22,Clicgear 8.0 Shoe Brush,5
2016-11-22,Diamondback Women's Serene Classic Comfort Bi,6
2016-11-22,Field & Stream Sportsman 16 Gun Fire Safe,8
2016-11-22,Glove It Women's Mod Oval Golf Glove,5
2016-11-22,Nike Men's CJ Elite 2 TD Football Cleat,9
2016-11-22,Nike Men's Dri-FIT Victory Golf Polo,34
2016-11-22,Nike Men's Free 5.0+ Running Shoe,10
2016-11-22,O'Brien Men's Neoprene Life Vest,19
2016-11-22,Pelican Sunstream 100 Kayak,4
2016-11-22,Perfect Fitness Perfect Rip Deck,22
2016-11-22,Team Golf Tennessee Volunteers Putter Grip,4
2016-11-22,Titleist Pro V1 High Numbers Personalized Gol,2
2016-11-22,Titleist Pro V1x Golf Balls,1
2016-11-22,Under Armour Girls' Toddler Spine Surge Runni,8
2016-11-23,Clicgear 8.0 Shoe Brush,2
2016-11-23,Diamondback Women's Serene Classic Comfort Bi,3
2016-11-23,Field & Stream Sportsman 16 Gun Fire Safe,6
2016-11-23,Nike Men's CJ Elite 2 TD Football Cleat,4
2016-11-23,Nike Men's Dri-FIT Victory Golf Polo,18
2016-11-23,Nike Men's Free 5.0+ Running Shoe,23
2016-11-23,O'Brien Men's Neoprene Life Vest,10
2016-11-23,Pelican Sunstream 100 Kayak,9
2016-11-23,Perfect Fitness Perfect Rip Deck,32
2016-11-23,Titleist Pro V1x High Numbers Golf Balls,4
2016-11-23,Under Armour Girls' Toddler Spine Surge Runni,14
2016-11-23,Under Armour Women's Micro G Skulpt Running S,5
2016-11-24,Diamondback Women's Serene Classic Comfort Bi,8
2016-11-24,ENO Atlas Hammock Straps,5
2016-11-24,Field & Stream Sportsman 16 Gun Fire Safe,9
2016-11-24,Nike Men's CJ Elite 2 TD Football Cleat,5
2016-11-24,Nike Men's Comfort 2 Slide,1
2016-11-24,Nike Men's Dri-FIT Victory Golf Polo,26
2016-11-24,Nike Men's Free 5.0+ Running Shoe,11
2016-11-24,Nike Women's Tempo Shorts,2
2016-11-24,O'Brien Men's Neoprene Life Vest,21
2016-11-24,Pelican Sunstream 100 Kayak,7
2016-11-24,Perfect Fitness Perfect Rip Deck,33
2016-11-24,Team Golf St. Louis Cardinals Putter Grip,4
2016-11-24,Under Armour Girls' Toddler Spine Surge Runni,24
2016-11-24,Under Armour Kids' Mercenary Slide,5
2016-11-24,Under Armour Men's Tech II T-Shirt,2
2016-11-24,adidas Men's Germany Black Crest Away Tee,2
2016-11-25,Columbia Men's PFG Anchor Tough T-Shirt,5
2016-11-25,Diamondback Women's Serene Classic Comfort Bi,8
2016-11-25,ENO Atlas Hammock Straps,1
2016-11-25,Field & Stream Sportsman 16 Gun Fire Safe,11
2016-11-25,Nike Men's CJ Elite 2 TD Football Cleat,16
2016-11-25,Nike Men's Dri-FIT Victory Golf Polo,56
2016-11-25,Nike Men's Free 5.0+ Running Shoe,17
2016-11-25,O'Brien Men's Neoprene Life Vest,50
2016-11-25,Pelican Sunstream 100 Kayak,4
2016-11-25,Perfect Fitness Perfect Rip Deck,44
2016-11-25,Team Golf New England Patriots Putter Grip,1
2016-11-25,Team Golf St. Louis Cardinals Putter Grip,3
2016-11-25,Titleist Pro V1x High Numbers Personalized Go,3
2016-11-25,Top Flite Women's 2014 XL Hybrid,4
2016-11-25,Under Armour Girls' Toddler Spine Surge Runni,14
2016-11-25,Under Armour Women's Ignite PIP VI Slide,2
2016-11-25,Under Armour Women's Ignite Slide,7
2016-11-25,adidas Kids' F5 Messi FG Soccer Cleat,5
2016-11-25,adidas Youth Germany Black/Red Away Match Soc,1
2016-11-26,Bridgestone e6 Straight Distance NFL Tennesse,4
2016-11-26,Diamondback Women's Serene Classic Comfort Bi,5
2016-11-26,Field & Stream Sportsman 16 Gun Fire Safe,3
2016-11-26,Nike Men's CJ Elite 2 TD Football Cleat,9
2016-11-26,Nike Men's Dri-FIT Victory Golf Polo,39
2016-11-26,Nike Men's Free 5.0+ Running Shoe,20
2016-11-26,Nike Women's Legend V-Neck T-Shirt,5
2016-11-26,O'Brien Men's Neoprene Life Vest,27
2016-11-26,Pelican Sunstream 100 Kayak,8
2016-11-26,Perfect Fitness Perfect Rip Deck,29
2016-11-26,Titleist Pro V1x High Numbers Golf Balls,4
2016-11-26,Under Armour Girls' Toddler Spine Surge Runni,12
2016-11-27,Field & Stream Sportsman 16 Gun Fire Safe,12
2016-11-27,Nike Men's CJ Elite 2 TD Football Cleat,7
2016-11-27,Nike Men's Dri-FIT Victory Golf Polo,22
2016-11-27,Nike Men's Free 5.0+ Running Shoe,25
2016-11-27,Nike Women's Legend V-Neck T-Shirt,2
2016-11-27,O'Brien Men's Neoprene Life Vest,35
2016-11-27,Pelican Sunstream 100 Kayak,11
2016-11-27,Perfect Fitness Perfect Rip Deck,28
2016-11-27,Titleist Pro V1x High Numbers Personalized Go,3
2016-11-27,Top Flite Women's 2014 XL Hybrid,3
2016-11-27,Under Armour Girls' Toddler Spine Surge Runni,21
2016-11-27,Under Armour Women's Micro G Skulpt Running S,2
2016-11-28,Diamondback Women's Serene Classic Comfort Bi,7
2016-11-28,ENO Atlas Hammock Straps,2
2016-11-28,Field & Stream Sportsman 16 Gun Fire Safe,12
2016-11-28,Glove It Women's Imperial Golf Glove,1
2016-11-28,Nike Men's CJ Elite 2 TD Football Cleat,9
2016-11-28,Nike Men's Dri-FIT Victory Golf Polo,28
2016-11-28,Nike Men's Free 5.0+ Running Shoe,3
2016-11-28,O'Brien Men's Neoprene Life Vest,21
2016-11-28,Pelican Sunstream 100 Kayak,6
2016-11-28,Perfect Fitness Perfect Rip Deck,37
2016-11-28,Team Golf New England Patriots Putter Grip,5
2016-11-28,Team Golf St. Louis Cardinals Putter Grip,5
2016-11-28,Titleist Pro V1x High Numbers Golf Balls,2
2016-11-28,Under Armour Girls' Toddler Spine Surge Runni,15
2016-11-29,Bridgestone e6 Straight Distance NFL Carolina,1
2016-11-29,Columbia Men's PFG Anchor Tough T-Shirt,5
2016-11-29,Diamondback Women's Serene Classic Comfort Bi,12
2016-11-29,Field & Stream Sportsman 16 Gun Fire Safe,5
2016-11-29,Nike Men's CJ Elite 2 TD Football Cleat,9
2016-11-29,Nike Men's Dri-FIT Victory Golf Polo,31
2016-11-29,Nike Men's Free 5.0+ Running Shoe,24
2016-11-29,O'Brien Men's Neoprene Life Vest,35
2016-11-29,Pelican Sunstream 100 Kayak,5
2016-11-29,Perfect Fitness Perfect Rip Deck,22
2016-11-29,Team Golf San Francisco Giants Putter Grip,1
2016-11-29,Under Armour Girls' Toddler Spine Surge Runni,19
2016-11-29,adidas Men's Germany Black Crest Away Tee,2
2016-11-29,adidas Youth Germany Black/Red Away Match Soc,5
2016-11-30,Bridgestone e6 Straight Distance NFL Tennesse,1
2016-11-30,Diamondback Women's Serene Classic Comfort Bi,2
2016-11-30,ENO Atlas Hammock Straps,1
2016-11-30,Field & Stream Sportsman 16 Gun Fire Safe,8
2016-11-30,Glove It Women's Imperial Golf Glove,4
2016-11-30,Nike Men's CJ Elite 2 TD Football Cleat,11
2016-11-30,Nike Men's Dri-FIT Victory Golf Polo,39
2016-11-30,Nike Men's Free 5.0+ Running Shoe,20
2016-11-30,O'Brien Men's Neoprene Life Vest,25
2016-11-30,Pelican Sunstream 100 Kayak,8
2016-11-30,Perfect Fitness Perfect Rip Deck,52
2016-11-30,Titleist Pro V1x High Numbers Golf Balls,3
2016-11-30,Under Armour Girls' Toddler Spine Surge Runni,18
2016-11-30,Under Armour Men's Tech II T-Shirt,5
2016-11-30,Under Armour Women's Micro G Skulpt Running S,3
2016-11-30,adidas Men's F10 Messi TRX FG Soccer Cleat,5
2016-12-01,Diamondback Women's Serene Classic Comfort Bi,6
2016-12-01,Field & Stream Sportsman 16 Gun Fire Safe,8
2016-12-01,Glove It Urban Brick Golf Towel,5
2016-12-01,Nike Men's CJ Elite 2 TD Football Cleat,11
2016-12-01,Nike Men's Dri-FIT Victory Golf Polo,29
2016-12-01,Nike Men's Free 5.0+ Running Shoe,44
2016-12-01,O'Brien Men's Neoprene Life Vest,25
2016-12-01,Pelican Sunstream 100 Kayak,3
2016-12-01,Perfect Fitness Perfect Rip Deck,40
2016-12-01,Team Golf Texas Longhorns Putter Grip,3
2016-12-01,Titleist Pro V1 High Numbers Personalized Gol,2
2016-12-01,Under Armour Girls' Toddler Spine Surge Runni,24
2016-12-01,Under Armour Hustle Storm Medium Duffle Bag,4
2016-12-01,Under Armour Women's Ignite Slide,4
2016-12-01,adidas Men's F10 Messi TRX FG Soccer Cleat,2
2016-12-02,Bridgestone e6 Straight Distance NFL Carolina,4
2016-12-02,Clicgear 8.0 Shoe Brush,5
2016-12-02,Diamondback Women's Serene Classic Comfort Bi,4
2016-12-02,Field & Stream Sportsman 16 Gun Fire Safe,10
2016-12-02,Glove It Women's Mod Oval Golf Glove,1
2016-12-02,Hirzl Women's Soffft Flex Golf Glove,3
2016-12-02,Nike Men's CJ Elite 2 TD Football Cleat,9
2016-12-02,Nike Men's Dri-FIT Victory Golf Polo,17
2016-12-02,Nike Men's Free 5.0+ Running Shoe,9
2016-12-02,O'Brien Men's Neoprene Life Vest,28
2016-12-02,Pelican Sunstream 100 Kayak,6
2016-12-02,Perfect Fitness Perfect Rip Deck,23
2016-12-02,TYR Boys' Team Digi Jammer,4
2016-12-02,Under Armour Girls' Toddler Spine Surge Runni,14
2016-12-02,Under Armour Men's Tech II T-Shirt,4
2016-12-02,Under Armour Women's Ignite PIP VI Slide,4
2016-12-03,Diamondback Women's Serene Classic Comfort Bi,7
2016-12-03,Field & Stream Sportsman 16 Gun Fire Safe,9
2016-12-03,Nike Men's CJ Elite 2 TD Football Cleat,7
2016-12-03,Nike Men's Comfort 2 Slide,2
2016-12-03,Nike Men's Dri-FIT Victory Golf Polo,25
2016-12-03,Nike Men's Free 5.0+ Running Shoe,8
2016-12-03,O'Brien Men's Neoprene Life Vest,27
2016-12-03,Pelican Sunstream 100 Kayak,5
2016-12-03,Perfect Fitness Perfect Rip Deck,29
2016-12-03,Top Flite Women's 2014 XL Hybrid,3
2016-12-03,Under Armour Girls' Toddler Spine Surge Runni,28
2016-12-03,Under Armour Hustle Storm Medium Duffle Bag,1
2016-12-03,Under Armour Men's Tech II T-Shirt,4
2016-12-04,Bag Boy Beverage Holder,2
2016-12-04,Bridgestone e6 Straight Distance NFL Carolina,2
2016-12-04,Clicgear Rovic Cooler Bag,1
2016-12-04,Columbia Men's PFG Anchor Tough T-Shirt,2
2016-12-04,Diamondback Women's Serene Classic Comfort Bi,11
2016-12-04,Field & Stream Sportsman 16 Gun Fire Safe,7
2016-12-04,Glove It Women's Mod Oval 3-Zip Carry All Gol,4
2016-12-04,Hirzl Women's Soffft Flex Golf Glove,1
2016-12-04,LIJA Women's Eyelet Sleeveless Golf Polo,2
2016-12-04,Nike Men's CJ Elite 2 TD Football Cleat,13
2016-12-04,Nike Men's Dri-FIT Victory Golf Polo,23
2016-12-04,Nike Men's Free 5.0+ Running Shoe,27
2016-12-04,O'Brien Men's Neoprene Life Vest,34
2016-12-04,Pelican Sunstream 100 Kayak,7
2016-12-04,Perfect Fitness Perfect Rip Deck,43
2016-12-04,Team Golf St. Louis Cardinals Putter Grip,2
2016-12-04,Team Golf Texas Longhorns Putter Grip,2
2016-12-04,Under Armour Girls' Toddler Spine Surge Runni,22
2016-12-04,Under Armour Women's Ignite PIP VI Slide,2
2016-12-05,Diamondback Women's Serene Classic Comfort Bi,9
2016-12-05,Field & Stream Sportsman 16 Gun Fire Safe,8
2016-12-05,Hirzl Men's Hybrid Golf Glove,3
2016-12-05,Hirzl Women's Hybrid Golf Glove,5
2016-12-05,Hirzl Women's Soffft Flex Golf Glove,4
2016-12-05,Nike Men's CJ Elite 2 TD Football Cleat,19
2016-12-05,Nike Men's Deutschland Weltmeister Winners Bl,4
2016-12-05,Nike Men's Dri-FIT Victory Golf Polo,21
2016-12-05,Nike Men's Free 5.0+ Running Shoe,20
2016-12-05,O'Brien Men's Neoprene Life Vest,25
2016-12-05,Pelican Sunstream 100 Kayak,8
2016-12-05,Perfect Fitness Perfect Rip Deck,23
2016-12-05,Team Golf San Francisco Giants Putter Grip,3
2016-12-05,Under Armour Girls' Toddler Spine Surge Runni,1
2016-12-05,Under Armour Men's Tech II T-Shirt,3
2016-12-05,adidas Men's F10 Messi TRX FG Soccer Cleat,1
2016-12-06,Bag Boy Beverage Holder,1
2016-12-06,Bridgestone e6 Straight Distance NFL Tennesse,4
2016-12-06,Diamondback Women's Serene Classic Comfort Bi,10
2016-12-06,Field & Stream Sportsman 16 Gun Fire Safe,14
2016-12-06,Glove It Imperial Golf Towel,8
2016-12-06,Glove It Urban Brick Golf Towel,2
2016-12-06,Hirzl Women's Hybrid Golf Glove,5
2016-12-06,LIJA Women's Eyelet Sleeveless Golf Polo,2
2016-12-06,Nike Men's CJ Elite 2 TD Football Cleat,14
2016-12-06,Nike Men's Comfort 2 Slide,2
2016-12-06,Nike Men's Deutschland Weltmeister Winners Bl,3
2016-12-06,Nike Men's Dri-FIT Victory Golf Polo,49
2016-12-06,Nike Men's Free 5.0+ Running Shoe,21
2016-12-06,Nike Women's Legend V-Neck T-Shirt,3
2016-12-06,Nike Women's Tempo Shorts,3
2016-12-06,O'Brien Men's Neoprene Life Vest,38
2016-12-06,Pelican Sunstream 100 Kayak,6
2016-12-06,Perfect Fitness Perfect Rip Deck,47
2016-12-06,Team Golf Texas Longhorns Putter Grip,1
2016-12-06,Under Armour Girls' Toddler Spine Surge Runni,10
2016-12-06,Under Armour Men's Compression EV SL Slide,3
2016-12-06,adidas Youth Germany Black/Red Away Match Soc,2
2016-12-07,Diamondback Women's Serene Classic Comfort Bi,4
2016-12-07,Field & Stream Sportsman 16 Gun Fire Safe,6
2016-12-07,Glove It Urban Brick Golf Towel,1
2016-12-07,Nike Men's CJ Elite 2 TD Football Cleat,9
2016-12-07,Nike Men's Comfort 2 Slide,4
2016-12-07,Nike Men's Dri-FIT Victory Golf Polo,38
2016-12-07,Nike Men's Free 5.0+ Running Shoe,19
2016-12-07,O'Brien Men's Neoprene Life Vest,34
2016-12-07,Pelican Sunstream 100 Kayak,7
2016-12-07,Perfect Fitness Perfect Rip Deck,29
2016-12-07,Team Golf San Francisco Giants Putter Grip,4
2016-12-07,Team Golf St. Louis Cardinals Putter Grip,5
2016-12-07,Titleist Pro V1x High Numbers Personalized Go,1
2016-12-07,Top Flite Women's 2014 XL Hybrid,2
2016-12-07,Under Armour Girls' Toddler Spine Surge Runni,8
2016-12-07,Under Armour Men's Tech II T-Shirt,1
2016-12-07,Under Armour Women's Ignite Slide,5
2016-12-07,adidas Men's Germany Black Crest Away Tee,1
2016-12-08,Diamondback Women's Serene Classic Comfort Bi,4
2016-12-08,Field & Stream Sportsman 16 Gun Fire Safe,2
2016-12-08,Nike Men's CJ Elite 2 TD Football Cleat,7
2016-12-08,Nike Men's Dri-FIT Victory Golf Polo,18
2016-12-08,Nike Men's Free 5.0+ Running Shoe,11
2016-12-08,O'Brien Men's Neoprene Life Vest,17
2016-12-08,Pelican Sunstream 100 Kayak,3
2016-12-08,Perfect Fitness Perfect Rip Deck,26
2016-12-08,Under Armour Girls' Toddler Spine Surge Runni,10
2016-12-09,Diamondback Women's Serene Classic Comfort Bi,8
2016-12-09,Field & Stream Sportsman 16 Gun Fire Safe,7
2016-12-09,Glove It Imperial Golf Towel,1
2016-12-09,Hirzl Women's Soffft Flex Golf Glove,5
2016-12-09,Nike Men's CJ Elite 2 TD Football Cleat,9
2016-12-09,Nike Men's Dri-FIT Victory Golf Polo,50
2016-12-09,Nike Men's Free 5.0+ Running Shoe,18
2016-12-09,O'Brien Men's Neoprene Life Vest,30
2016-12-09,Pelican Sunstream 100 Kayak,2
2016-12-09,Perfect Fitness Perfect Rip Deck,37
2016-12-09,Team Golf Tennessee Volunteers Putter Grip,5
2016-12-09,Titleist Pro V1 High Numbers Personalized Gol,2
2016-12-09,Titleist Pro V1x Golf Balls,4
2016-12-09,Top Flite Women's 2014 XL Hybrid,2
2016-12-09,Under Armour Girls' Toddler Spine Surge Runni,14
2016-12-10,Clicgear Rovic Cooler Bag,1
2016-12-10,Diamondback Women's Serene Classic Comfort Bi,11
2016-12-10,ENO Atlas Hammock Straps,5
2016-12-10,Field & Stream Sportsman 16 Gun Fire Safe,9
2016-12-10,Nike Men's CJ Elite 2 TD Football Cleat,9
2016-12-10,Nike Men's Deutschland Weltmeister Winners Bl,3
2016-12-10,Nike Men's Dri-FIT Victory Golf Polo,49
2016-12-10,Nike Men's Free 5.0+ Running Shoe,20
2016-12-10,Nike Women's Legend V-Neck T-Shirt,2
2016-12-10,O'Brien Men's Neoprene Life Vest,23
2016-12-10,Pelican Sunstream 100 Kayak,5
2016-12-10,Perfect Fitness Perfect Rip Deck,57
2016-12-10,Under Armour Girls' Toddler Spine Surge Runni,12
2016-12-10,Under Armour Men's Tech II T-Shirt,4
2016-12-10,adidas Kids' F5 Messi FG Soccer Cleat,4
2016-12-11,Bridgestone e6 Straight Distance NFL San Dieg,3
2016-12-11,Diamondback Women's Serene Classic Comfort Bi,5
2016-12-11,Field & Stream Sportsman 16 Gun Fire Safe,4
2016-12-11,Hirzl Women's Hybrid Golf Glove,1
2016-12-11,Nike Men's CJ Elite 2 TD Football Cleat,11
2016-12-11,Nike Men's Dri-FIT Victory Golf Polo,20
2016-12-11,Nike Men's Free 5.0+ Running Shoe,24
2016-12-11,O'Brien Men's Neoprene Life Vest,28
2016-12-11,Pelican Sunstream 100 Kayak,6
2016-12-11,Perfect Fitness Perfect Rip Deck,33
2016-12-11,TYR Boys' Team Digi Jammer,1
2016-12-11,Team Golf St. Louis Cardinals Putter Grip,1
2016-12-11,Under Armour Girls' Toddler Spine Surge Runni,23
2016-12-11,adidas Men's Germany Black Crest Away Tee,2
2016-12-12,Clicgear 8.0 Shoe Brush,9
2016-12-12,Columbia Men's PFG Anchor Tough T-Shirt,5
2016-12-12,Diamondback Women's Serene Classic Comfort Bi,5
2016-12-12,Field & Stream Sportsman 16 Gun Fire Safe,7
2016-12-12,Nike Men's CJ Elite 2 TD Football Cleat,10
2016-12-12,Nike Men's Deutschland Weltmeister Winners Bl,2
2016-12-12,Nike Men's Dri-FIT Victory Golf Polo,10
2016-12-12,Nike Men's Free 5.0+ Running Shoe,20
2016-12-12,O'Brien Men's Neoprene Life Vest,24
2016-12-12,Pelican Sunstream 100 Kayak,9
2016-12-12,Perfect Fitness Perfect Rip Deck,27
2016-12-12,Team Golf San Francisco Giants Putter Grip,3
2016-12-12,Under Armour Girls' Toddler Spine Surge Runni,25
2016-12-13,Bridgestone e6 Straight Distance NFL San Dieg,3
2016-12-13,Diamondback Women's Serene Classic Comfort Bi,2
2016-12-13,Field & Stream Sportsman 16 Gun Fire Safe,6
2016-12-13,Glove It Women's Imperial Golf Glove,4
2016-12-13,Nike Dri-FIT Crew Sock 6 Pack,2
2016-12-13,Nike Men's CJ Elite 2 TD Football Cleat,11
2016-12-13,Nike Men's Dri-FIT Victory Golf Polo,16
2016-12-13,Nike Men's Free 5.0+ Running Shoe,13
2016-12-13,O'Brien Men's Neoprene Life Vest,25
2016-12-13,Pelican Sunstream 100 Kayak,6
2016-12-13,Perfect Fitness Perfect Rip Deck,20
2016-12-13,TYR Boys' Team Digi Jammer,3
2016-12-13,Team Golf Texas Longhorns Putter Grip,4
2016-12-13,Titleist Pro V1x High Numbers Golf Balls,5
2016-12-13,Under Armour Girls' Toddler Spine Surge Runni,7
2016-12-13,Under Armour Hustle Storm Medium Duffle Bag,4
2016-12-13,Under Armour Women's Ignite Slide,3
2016-12-13,Under Armour Women's Micro G Skulpt Running S,3
2016-12-14,Diamondback Women's Serene Classic Comfort Bi,3
2016-12-14,Field & Stream Sportsman 16 Gun Fire Safe,3
2016-12-14,Nike Men's CJ Elite 2 TD Football Cleat,6
2016-12-14,Nike Men's Dri-FIT Victory Golf Polo,26
2016-12-14,Nike Men's Free 5.0+ Running Shoe,20
2016-12-14,Nike Women's Legend V-Neck T-Shirt,1
2016-12-14,O'Brien Men's Neoprene Life Vest,41
2016-12-14,Pelican Sunstream 100 Kayak,5
2016-12-14,Perfect Fitness Perfect Rip Deck,11
2016-12-14,TYR Boys' Team Digi Jammer,4
2016-12-14,Team Golf Tennessee Volunteers Putter Grip,4
2016-12-14,Team Golf Texas Longhorns Putter Grip,4
2016-12-14,Under Armour Girls' Toddler Spine Surge Runni,14
2016-12-14,Under Armour Men's Tech II T-Shirt,4
2016-12-14,adidas Men's F10 Messi TRX FG Soccer Cleat,1
2016-12-15,Diamondback Women's Serene Classic Comfort Bi,3
2016-12-15,Field & Stream Sportsman 16 Gun Fire Safe,11
2016-12-15,Nike Men's CJ Elite 2 TD Football Cleat,15
2016-12-15,Nike Men's Dri-FIT Victory Golf Polo,37
2016-12-15,Nike Men's Free 5.0+ Running Shoe,12
2016-12-15,O'Brien Men's Neoprene Life Vest,13
2016-12-15,Pelican Sunstream 100 Kayak,6
2016-12-15,Perfect Fitness Perfect Rip Deck,31
2016-12-15,Team Golf Pittsburgh Steelers Putter Grip,5
2016-12-15,Team Golf San Francisco Giants Putter Grip,3
2016-12-15,Team Golf Tennessee Volunteers Putter Grip,3
2016-12-15,Under Armour Girls' Toddler Spine Surge Runni,12
2016-12-16,Bridgestone e6 Straight Distance NFL Carolina,7
2016-12-16,Diamondback Women's Serene Classic Comfort Bi,7
2016-12-16,Field & Stream Sportsman 16 Gun Fire Safe,5
2016-12-16,Nike Men's CJ Elite 2 TD Football Cleat,14
2016-12-16,Nike Men's Deutschland Weltmeister Winners Bl,3
2016-12-16,Nike Men's Dri-FIT Victory Golf Polo,26
2016-12-16,Nike Men's Free 5.0+ Running Shoe,19
2016-12-16,Nike Women's Legend V-Neck T-Shirt,5
2016-12-16,O'Brien Men's Neoprene Life Vest,33
2016-12-16,Pelican Sunstream 100 Kayak,11
2016-12-16,Perfect Fitness Perfect Rip Deck,47
2016-12-16,TYR Boys' Team Digi Jammer,5
2016-12-16,Team Golf New England Patriots Putter Grip,3
2016-12-16,Team Golf St. Louis Cardinals Putter Grip,5
2016-12-16,Team Golf Texas Longhorns Putter Grip,1
2016-12-16,Titleist Pro V1x High Numbers Personalized Go,5
2016-12-16,Under Armour Girls' Toddler Spine Surge Runni,9
2016-12-16,Under Armour Women's Ignite PIP VI Slide,1
2016-12-16,Under Armour Women's Micro G Skulpt Running S,6
2016-12-16,adidas Men's F10 Messi TRX FG Soccer Cleat,1
2016-12-17,Bag Boy Beverage Holder,5
2016-12-17,Clicgear 8.0 Shoe Brush,4
2016-12-17,Diamondback Women's Serene Classic Comfort Bi,4
2016-12-17,Field & Stream Sportsman 16 Gun Fire Safe,5
2016-12-17,Hirzl Men's Hybrid Golf Glove,2
2016-12-17,Nike Dri-FIT Crew Sock 6 Pack,1
2016-12-17,Nike Men's CJ Elite 2 TD Football Cleat,10
2016-12-17,Nike Men's Dri-FIT Victory Golf Polo,9
2016-12-17,Nike Men's Free 5.0+ Running Shoe,27
2016-12-17,O'Brien Men's Neoprene Life Vest,28
2016-12-17,Pelican Sunstream 100 Kayak,5
2016-12-17,Perfect Fitness Perfect Rip Deck,35
2016-12-17,Team Golf Pittsburgh Steelers Putter Grip,3
2016-12-17,Team Golf San Francisco Giants Putter Grip,5
2016-12-17,Titleist Pro V1x High Numbers Golf Balls,1
2016-12-17,Under Armour Girls' Toddler Spine Surge Runni,15
2016-12-17,Under Armour Hustle Storm Medium Duffle Bag,3
2016-12-17,Under Armour Women's Ignite PIP VI Slide,1
2016-12-18,Bag Boy Beverage Holder,5
2016-12-18,Bridgestone e6 Straight Distance NFL Carolina,4
2016-12-18,Diamondback Women's Serene Classic Comfort Bi,10
2016-12-18,Field & Stream Sportsman 16 Gun Fire Safe,6
2016-12-18,Glove It Women's Mod Oval 3-Zip Carry All Gol,5
2016-12-18,LIJA Women's Eyelet Sleeveless Golf Polo,2
2016-12-18,Nike Dri-FIT Crew Sock 6 Pack,2
2016-12-18,Nike Men's CJ Elite 2 TD Football Cleat,8
2016-12-18,Nike Men's Deutschland Weltmeister Winners Bl,3
2016-12-18,Nike Men's Dri-FIT Victory Golf Polo,59
2016-12-18,Nike Men's Free 5.0+ Running Shoe,12
2016-12-18,O'Brien Men's Neoprene Life Vest,23
2016-12-18,Pelican Sunstream 100 Kayak,4
2016-12-18,Perfect Fitness Perfect Rip Deck,35
2016-12-18,Team Golf St. Louis Cardinals Putter Grip,6
2016-12-18,Under Armour Girls' Toddler Spine Surge Runni,13
2016-12-18,Under Armour Men's Compression EV SL Slide,2
2016-12-18,adidas Kids' F5 Messi FG Soccer Cleat,5
2016-12-19,Diamondback Women's Serene Classic Comfort Bi,4
2016-12-19,Field & Stream Sportsman 16 Gun Fire Safe,8
2016-12-19,Hirzl Women's Soffft Flex Golf Glove,2
2016-12-19,Nike Men's CJ Elite 2 TD Football Cleat,5
2016-12-19,Nike Men's Dri-FIT Victory Golf Polo,28
2016-12-19,Nike Men's Free 5.0+ Running Shoe,28
2016-12-19,O'Brien Men's Neoprene Life Vest,10
2016-12-19,Pelican Sunstream 100 Kayak,5
2016-12-19,Perfect Fitness Perfect Rip Deck,56
2016-12-19,Team Golf San Francisco Giants Putter Grip,1
2016-12-19,Team Golf St. Louis Cardinals Putter Grip,4
2016-12-19,Team Golf Tennessee Volunteers Putter Grip,3
2016-12-19,Titleist Pro V1x High Numbers Golf Balls,2
2016-12-19,Under Armour Girls' Toddler Spine Surge Runni,8
2016-12-19,Under Armour Men's Tech II T-Shirt,1
2016-12-19,Under Armour Women's Ignite Slide,5
2016-12-19,adidas Men's F10 Messi TRX FG Soccer Cleat,4
2016-12-20,Bag Boy Beverage Holder,2
2016-12-20,Diamondback Women's Serene Classic Comfort Bi,4
2016-12-20,Field & Stream Sportsman 16 Gun Fire Safe,10
2016-12-20,Glove It Imperial Golf Towel,1
2016-12-20,Glove It Women's Imperial Golf Glove,3
2016-12-20,Hirzl Men's Hybrid Golf Glove,5
2016-12-20,Nike Dri-FIT Crew Sock 6 Pack,5
2016-12-20,Nike Men's CJ Elite 2 TD Football Cleat,5
2016-12-20,Nike Men's Deutschland Weltmeister Winners Bl,5
2016-12-20,Nike Men's Dri-FIT Victory Golf Polo,19
2016-12-20,Nike Men's Free 5.0+ Running Shoe,18
2016-12-20,O'Brien Men's Neoprene Life Vest,19
2016-12-20,Pelican Sunstream 100 Kayak,5
2016-12-20,Perfect Fitness Perfect Rip Deck,15
2016-12-20,Team Golf St. Louis Cardinals Putter Grip,8
2016-12-20,Team Golf Tennessee Volunteers Putter Grip,3
2016-12-20,Under Armour Girls' Toddler Spine Surge Runni,18
2016-12-20,Under Armour Men's Tech II T-Shirt,3
2016-12-21,Diamondback Women's Serene Classic Comfort Bi,2
2016-12-21,Field & Stream Sportsman 16 Gun Fire Safe,4
2016-12-21,Glove It Imperial Golf Towel,3
2016-12-21,Glove It Women's Mod Oval 3-Zip Carry All Gol,4
2016-12-21,Nike Men's CJ Elite 2 TD Football Cleat,11
2016-12-21,Nike Men's Dri-FIT Victory Golf Polo,24
2016-12-21,Nike Men's Free 5.0+ Running Shoe,5
2016-12-21,O'Brien Men's Neoprene Life Vest,54
2016-12-21,Pelican Sunstream 100 Kayak,4
2016-12-21,Perfect Fitness Perfect Rip Deck,27
2016-12-21,Team Golf Pittsburgh Steelers Putter Grip,3
2016-12-21,Team Golf Tennessee Volunteers Putter Grip,2
2016-12-21,Titleist Pro V1 High Numbers Personalized Gol,3
2016-12-21,Under Armour Girls' Toddler Spine Surge Runni,15
2016-12-21,Under Armour Kids' Mercenary Slide,2
2016-12-21,Under Armour Women's Ignite PIP VI Slide,3
2016-12-22,Columbia Men's PFG Anchor Tough T-Shirt,2
2016-12-22,Diamondback Women's Serene Classic Comfort Bi,4
2016-12-22,Field & Stream Sportsman 16 Gun Fire Safe,9
2016-12-22,Hirzl Women's Soffft Flex Golf Glove,2
2016-12-22,LIJA Women's Eyelet Sleeveless Golf Polo,5
2016-12-22,Nike Dri-FIT Crew Sock 6 Pack,4
2016-12-22,Nike Men's CJ Elite 2 TD Football Cleat,6
2016-12-22,Nike Men's Dri-FIT Victory Golf Polo,33
2016-12-22,Nike Men's Free 5.0+ Running Shoe,18
2016-12-22,O'Brien Men's Neoprene Life Vest,28
2016-12-22,Pelican Sunstream 100 Kayak,17
2016-12-22,Perfect Fitness Perfect Rip Deck,39
2016-12-22,TYR Boys' Team Digi Jammer,2
2016-12-22,Team Golf San Francisco Giants Putter Grip,2
2016-12-22,Titleist Pro V1 High Numbers Personalized Gol,1
2016-12-22,Under Armour Girls' Toddler Spine Surge Runni,22
2016-12-22,Under Armour Hustle Storm Medium Duffle Bag,5
2016-12-22,Under Armour Men's Tech II T-Shirt,4
2016-12-23,Bridgestone e6 Straight Distance NFL Carolina,1
2016-12-23,Diamondback Women's Serene Classic Comfort Bi,11
2016-12-23,Field & Stream Sportsman 16 Gun Fire Safe,8
2016-12-23,Nike Men's CJ Elite 2 TD Football Cleat,7
2016-12-23,Nike Men's Dri-FIT Victory Golf Polo,9
2016-12-23,Nike Men's Free 5.0+ Running Shoe,22
2016-12-23,Nike Women's Tempo Shorts,1
2016-12-23,O'Brien Men's Neoprene Life Vest,26
2016-12-23,Pelican Sunstream 100 Kayak,2
2016-12-23,Perfect Fitness Perfect Rip Deck,24
2016-12-23,Under Armour Girls' Toddler Spine Surge Runni,23
2016-12-23,Under Armour Men's Compression EV SL Slide,3
2016-12-24,Clicgear Rovic Cooler Bag,2
2016-12-24,Diamondback Women's Serene Classic Comfort Bi,3
2016-12-24,Field & Stream Sportsman 16 Gun Fire Safe,6
2016-12-24,Nike Men's CJ Elite 2 TD Football Cleat,8
2016-12-24,Nike Men's Dri-FIT Victory Golf Polo,14
2016-12-24,Nike Men's Free 5.0+ Running Shoe,12
2016-12-24,O'Brien Men's Neoprene Life Vest,15
2016-12-24,Pelican Sunstream 100 Kayak,4
2016-12-24,Perfect Fitness Perfect Rip Deck,31
2016-12-24,Under Armour Girls' Toddler Spine Surge Runni,8
2016-12-24,Under Armour Women's Micro G Skulpt Running S,4
2016-12-25,Clicgear Rovic Cooler Bag,5
2016-12-25,Diamondback Women's Serene Classic Comfort Bi,4
2016-12-25,Field & Stream Sportsman 16 Gun Fire Safe,4
2016-12-25,Nike Men's CJ Elite 2 TD Football Cleat,7
2016-12-25,Nike Men's Dri-FIT Victory Golf Polo,30
2016-12-25,Nike Men's Free 5.0+ Running Shoe,22
2016-12-25,O'Brien Men's Neoprene Life Vest,22
2016-12-25,Pelican Sunstream 100 Kayak,5
2016-12-25,Perfect Fitness Perfect Rip Deck,28
2016-12-25,Team Golf Tennessee Volunteers Putter Grip,1
2016-12-25,Under Armour Girls' Toddler Spine Surge Runni,19
2016-12-26,Bridgestone e6 Straight Distance NFL Tennesse,5
2016-12-26,Diamondback Women's Serene Classic Comfort Bi,6
2016-12-26,Field & Stream Sportsman 16 Gun Fire Safe,10
2016-12-26,Glove It Women's Mod Oval 3-Zip Carry All Gol,1
2016-12-26,Hirzl Women's Soffft Flex Golf Glove,4
2016-12-26,Nike Men's CJ Elite 2 TD Football Cleat,13
2016-12-26,Nike Men's Dri-FIT Victory Golf Polo,26
2016-12-26,Nike Men's Free 5.0+ Running Shoe,11
2016-12-26,O'Brien Men's Neoprene Life Vest,16
2016-12-26,Pelican Sunstream 100 Kayak,7
2016-12-26,Perfect Fitness Perfect Rip Deck,21
2016-12-26,Team Golf Tennessee Volunteers Putter Grip,2
2016-12-26,Titleist Pro V1x High Numbers Golf Balls,1
2016-12-26,Under Armour Girls' Toddler Spine Surge Runni,12
2016-12-27,Diamondback Women's Serene Classic Comfort Bi,12
2016-12-27,Field & Stream Sportsman 16 Gun Fire Safe,13
2016-12-27,Glove It Women's Mod Oval Golf Glove,2
2016-12-27,Hirzl Women's Hybrid Golf Glove,3
2016-12-27,Nike Men's CJ Elite 2 TD Football Cleat,17
2016-12-27,Nike Men's Deutschland Weltmeister Winners Bl,5
2016-12-27,Nike Men's Dri-FIT Victory Golf Polo,39
2016-12-27,Nike Men's Free 5.0+ Running Shoe,25
2016-12-27,O'Brien Men's Neoprene Life Vest,29
2016-12-27,Pelican Sunstream 100 Kayak,6
2016-12-27,Perfect Fitness Perfect Rip Deck,41
2016-12-27,Team Golf New England Patriots Putter Grip,4
2016-12-27,Team Golf Tennessee Volunteers Putter Grip,4
2016-12-27,Under Armour Girls' Toddler Spine Surge Runni,9
2016-12-27,Under Armour Hustle Storm Medium Duffle Bag,2
2016-12-28,Bridgestone e6 Straight Distance NFL Tennesse,5
2016-12-28,Diamondback Women's Serene Classic Comfort Bi,9
2016-12-28,Field & Stream Sportsman 16 Gun Fire Safe,12
2016-12-28,Hirzl Men's Hybrid Golf Glove,4
2016-12-28,Nike Men's CJ Elite 2 TD Football Cleat,13
2016-12-28,Nike Men's Dri-FIT Victory Golf Polo,44
2016-12-28,Nike Men's Free 5.0+ Running Shoe,8
2016-12-28,O'Brien Men's Neoprene Life Vest,46
2016-12-28,Pelican Sunstream 100 Kayak,9
2016-12-28,Perfect Fitness Perfect Rip Deck,29
2016-12-28,Team Golf New England Patriots Putter Grip,4
2016-12-28,Top Flite Women's 2014 XL Hybrid,5
2016-12-28,Under Armour Girls' Toddler Spine Surge Runni,12
2016-12-28,adidas Youth Germany Black/Red Away Match Soc,1
2016-12-29,Bridgestone e6 Straight Distance NFL Tennesse,1
2016-12-29,Diamondback Women's Serene Classic Comfort Bi,10
2016-12-29,ENO Atlas Hammock Straps,5
2016-12-29,Field & Stream Sportsman 16 Gun Fire Safe,9
2016-12-29,Glove It Imperial Golf Towel,3
2016-12-29,Glove It Women's Mod Oval Golf Glove,3
2016-12-29,LIJA Women's Eyelet Sleeveless Golf Polo,3
2016-12-29,Nike Men's CJ Elite 2 TD Football Cleat,13
2016-12-29,Nike Men's Dri-FIT Victory Golf Polo,34
2016-12-29,Nike Men's Free 5.0+ Running Shoe,12
2016-12-29,O'Brien Men's Neoprene Life Vest,18
2016-12-29,Pelican Sunstream 100 Kayak,5
2016-12-29,Perfect Fitness Perfect Rip Deck,55
2016-12-29,TYR Boys' Team Digi Jammer,5
2016-12-29,Top Flite Women's 2014 XL Hybrid,5
2016-12-29,Under Armour Girls' Toddler Spine Surge Runni,9
2016-12-29,adidas Kids' F5 Messi FG Soccer Cleat,5
2016-12-30,Bridgestone e6 Straight Distance NFL San Dieg,4
2016-12-30,Diamondback Women's Serene Classic Comfort Bi,6
2016-12-30,Field & Stream Sportsman 16 Gun Fire Safe,9
2016-12-30,Nike Men's CJ Elite 2 TD Football Cleat,9
2016-12-30,Nike Men's Dri-FIT Victory Golf Polo,30
2016-12-30,Nike Men's Free 5.0+ Running Shoe,11
2016-12-30,O'Brien Men's Neoprene Life Vest,25
2016-12-30,Pelican Sunstream 100 Kayak,10
2016-12-30,Perfect Fitness Perfect Rip Deck,15
2016-12-30,Team Golf New England Patriots Putter Grip,7
2016-12-30,Team Golf St. Louis Cardinals Putter Grip,3
2016-12-30,Under Armour Girls' Toddler Spine Surge Runni,4
2016-12-30,Under Armour Kids' Mercenary Slide,4
2016-12-31,Clicgear Rovic Cooler Bag,1
2016-12-31,Diamondback Women's Serene Classic Comfort Bi,8
2016-12-31,Field & Stream Sportsman 16 Gun Fire Safe,11
2016-12-31,Nike Men's CJ Elite 2 TD Football Cleat,9
2016-12-31,Nike Men's Dri-FIT Victory Golf Polo,14
2016-12-31,Nike Men's Free 5.0+ Running Shoe,15
2016-12-31,Nike Women's Legend V-Neck T-Shirt,1
2016-12-31,O'Brien Men's Neoprene Life Vest,20
2016-12-31,Pelican Sunstream 100 Kayak,4
2016-12-31,Perfect Fitness Perfect Rip Deck,28
2016-12-31,Team Golf San Francisco Giants Putter Grip,3
2016-12-31,Under Armour Girls' Toddler Spine Surge Runni,4
2016-12-31,adidas Youth Germany Black/Red Away Match Soc,5
2017-01-01,Bridgestone e6 Straight Distance NFL San Dieg,1
2017-01-01,Clicgear 8.0 Shoe Brush,3
2017-01-01,Diamondback Women's Serene Classic Comfort Bi,11
2017-01-01,Field & Stream Sportsman 16 Gun Fire Safe,8
2017-01-01,Glove It Women's Imperial Golf Glove,2
2017-01-01,LIJA Women's Eyelet Sleeveless Golf Polo,5
2017-01-01,Nike Men's CJ Elite 2 TD Football Cleat,10
2017-01-01,Nike Men's Dri-FIT Victory Golf Polo,47
2017-01-01,Nike Men's Free 5.0+ Running Shoe,31
2017-01-01,Nike Women's Tempo Shorts,2
2017-01-01,O'Brien Men's Neoprene Life Vest,19
2017-01-01,Pelican Sunstream 100 Kayak,3
2017-01-01,Perfect Fitness Perfect Rip Deck,28
2017-01-01,Team Golf St. Louis Cardinals Putter Grip,3
2017-01-01,Titleist Pro V1 High Numbers Personalized Gol,5
2017-01-01,Under Armour Girls' Toddler Spine Surge Runni,11
2017-01-01,adidas Youth Germany Black/Red Away Match Soc,3
2017-01-02,Bridgestone e6 Straight Distance NFL San Dieg,5
2017-01-02,Bridgestone e6 Straight Distance NFL Tennesse,3
2017-01-02,Clicgear Rovic Cooler Bag,3
2017-01-02,Diamondback Women's Serene Classic Comfort Bi,6
2017-01-02,Field & Stream Sportsman 16 Gun Fire Safe,8
2017-01-02,Glove It Women's Mod Oval Golf Glove,4
2017-01-02,Nike Men's CJ Elite 2 TD Football Cleat,12
2017-01-02,Nike Men's Dri-FIT Victory Golf Polo,42
2017-01-02,Nike Men's Free 5.0+ Running Shoe,20
2017-01-02,O'Brien Men's Neoprene Life Vest,12
2017-01-02,Pelican Sunstream 100 Kayak,8
2017-01-02,Perfect Fitness Perfect Rip Deck,43
2017-01-02,Team Golf New England Patriots Putter Grip,2
2017-01-02,Under Armour Girls' Toddler Spine Surge Runni,21
2017-01-02,Under Armour Kids' Mercenary Slide,5
2017-01-03,Clicgear 8.0 Shoe Brush,3
2017-01-03,Field & Stream Sportsman 16 Gun Fire Safe,4
2017-01-03,Nike Men's CJ Elite 2 TD Football Cleat,9
2017-01-03,Nike Men's Dri-FIT Victory Golf Polo,11
2017-01-03,Nike Men's Free 5.0+ Running Shoe,10
2017-01-03,O'Brien Men's Neoprene Life Vest,18
2017-01-03,Pelican Sunstream 100 Kayak,2
2017-01-03,Perfect Fitness Perfect Rip Deck,16
2017-01-03,Under Armour Girls' Toddler Spine Surge Runni,15
2017-01-03,Under Armour Kids' Mercenary Slide,5
2017-01-03,Under Armour Women's Ignite PIP VI Slide,4
2017-01-03,Under Armour Women's Ignite Slide,3
2017-01-03,adidas Youth Germany Black/Red Away Match Soc,2
2017-01-04,Bag Boy Beverage Holder,5
2017-01-04,Bridgestone e6 Straight Distance NFL Tennesse,4
2017-01-04,Diamondback Women's Serene Classic Comfort Bi,3
2017-01-04,Field & Stream Sportsman 16 Gun Fire Safe,7
2017-01-04,Glove It Urban Brick Golf Towel,5
2017-01-04,Nike Men's CJ Elite 2 TD Football Cleat,9
2017-01-04,Nike Men's Dri-FIT Victory Golf Polo,21
2017-01-04,Nike Men's Free 5.0+ Running Shoe,14
2017-01-04,O'Brien Men's Neoprene Life Vest,22
2017-01-04,Pelican Sunstream 100 Kayak,7
2017-01-04,Perfect Fitness Perfect Rip Deck,13
2017-01-04,Under Armour Girls' Toddler Spine Surge Runni,16
2017-01-04,Under Armour Women's Micro G Skulpt Running S,3
2017-01-05,Diamondback Women's Serene Classic Comfort Bi,6
2017-01-05,ENO Atlas Hammock Straps,3
2017-01-05,Field & Stream Sportsman 16 Gun Fire Safe,6
2017-01-05,Glove It Women's Mod Oval Golf Glove,2
2017-01-05,Nike Men's CJ Elite 2 TD Football Cleat,8
2017-01-05,Nike Men's Dri-FIT Victory Golf Polo,9
2017-01-05,Nike Men's Free 5.0+ Running Shoe,14
2017-01-05,Nike Women's Tempo Shorts,2
2017-01-05,O'Brien Men's Neoprene Life Vest,16
2017-01-05,Pelican Sunstream 100 Kayak,9
2017-01-05,Perfect Fitness Perfect Rip Deck,22
2017-01-05,Team Golf St. Louis Cardinals Putter Grip,3
2017-01-05,Under Armour Girls' Toddler Spine Surge Runni,9
2017-01-05,adidas Kids' F5 Messi FG Soccer Cleat,3
2017-01-06,Diamondback Women's Serene Classic Comfort Bi,6
2017-01-06,Field & Stream Sportsman 16 Gun Fire Safe,3
2017-01-06,Hirzl Men's Hybrid Golf Glove,2
2017-01-06,Hirzl Women's Soffft Flex Golf Glove,4
2017-01-06,Nike Men's CJ Elite 2 TD Football Cleat,9
2017-01-06,Nike Men's Deutschland Weltmeister Winners Bl,2
2017-01-06,Nike Men's Dri-FIT Victory Golf Polo,10
2017-01-06,Nike Men's Free 5.0+ Running Shoe,15
2017-01-06,O'Brien Men's Neoprene Life Vest,16
2017-01-06,Pelican Sunstream 100 Kayak,10
2017-01-06,Perfect Fitness Perfect Rip Deck,41
2017-01-06,Under Armour Girls' Toddler Spine Surge Runni,20
2017-01-06,adidas Men's F10 Messi TRX FG Soccer Cleat,5
2017-01-07,Clicgear 8.0 Shoe Brush,1
2017-01-07,Diamondback Women's Serene Classic Comfort Bi,5
2017-01-07,Field & Stream Sportsman 16 Gun Fire Safe,3
2017-01-07,Glove It Women's Mod Oval Golf Glove,3
2017-01-07,Nike Men's CJ Elite 2 TD Football Cleat,10
2017-01-07,Nike Men's Dri-FIT Victory Golf Polo,29
2017-01-07,Nike Men's Free 5.0+ Running Shoe,25
2017-01-07,Nike Women's Tempo Shorts,4
2017-01-07,O'Brien Men's Neoprene Life Vest,28
2017-01-07,Pelican Sunstream 100 Kayak,8
2017-01-07,Perfect Fitness Perfect Rip Deck,44
2017-01-07,Under Armour Girls' Toddler Spine Surge Runni,15
2017-01-07,Under Armour Men's Compression EV SL Slide,7
2017-01-08,Bridgestone e6 Straight Distance NFL Carolina,2
2017-01-08,Bridgestone e6 Straight Distance NFL Tennesse,2
2017-01-08,Diamondback Women's Serene Classic Comfort Bi,4
2017-01-08,Field & Stream Sportsman 16 Gun Fire Safe,7
2017-01-08,Nike Men's CJ Elite 2 TD Football Cleat,14
2017-01-08,Nike Men's Dri-FIT Victory Golf Polo,32
2017-01-08,Nike Men's Free 5.0+ Running Shoe,28
2017-01-08,O'Brien Men's Neoprene Life Vest,27
2017-01-08,Pelican Sunstream 100 Kayak,7
2017-01-08,Perfect Fitness Perfect Rip Deck,39
2017-01-08,Top Flite Women's 2014 XL Hybrid,4
2017-01-08,Under Armour Girls' Toddler Spine Surge Runni,19
2017-01-08,Under Armour Hustle Storm Medium Duffle Bag,3
2017-01-08,adidas Men's F10 Messi TRX FG Soccer Cleat,2
2017-01-09,Diamondback Women's Serene Classic Comfort Bi,3
2017-01-09,Field & Stream Sportsman 16 Gun Fire Safe,8
2017-01-09,LIJA Women's Eyelet Sleeveless Golf Polo,5
2017-01-09,Nike Men's CJ Elite 2 TD Football Cleat,8
2017-01-09,Nike Men's Dri-FIT Victory Golf Polo,58
2017-01-09,Nike Men's Free 5.0+ Running Shoe,15
2017-01-09,O'Brien Men's Neoprene Life Vest,25
2017-01-09,Pelican Sunstream 100 Kayak,4
2017-01-09,Perfect Fitness Perfect Rip Deck,14
2017-01-09,TYR Boys' Team Digi Jammer,3
2017-01-09,Titleist Pro V1x High Numbers Personalized Go,4
2017-01-09,Under Armour Girls' Toddler Spine Surge Runni,3
2017-01-09,Under Armour Women's Ignite PIP VI Slide,1
2017-01-10,Columbia Men's PFG Anchor Tough T-Shirt,1
2017-01-10,Diamondback Women's Serene Classic Comfort Bi,4
2017-01-10,Field & Stream Sportsman 16 Gun Fire Safe,4
2017-01-10,Hirzl Men's Hybrid Golf Glove,6
2017-01-10,Nike Men's CJ Elite 2 TD Football Cleat,7
2017-01-10,Nike Men's Deutschland Weltmeister Winners Bl,4
2017-01-10,Nike Men's Dri-FIT Victory Golf Polo,16
2017-01-10,Nike Men's Free 5.0+ Running Shoe,6
2017-01-10,Nike Women's Legend V-Neck T-Shirt,2
2017-01-10,O'Brien Men's Neoprene Life Vest,29
2017-01-10,Pelican Sunstream 100 Kayak,6
2017-01-10,Perfect Fitness Perfect Rip Deck,35
2017-01-10,Team Golf San Francisco Giants Putter Grip,2
2017-01-10,Titleist Pro V1 High Numbers Personalized Gol,4
2017-01-10,Titleist Pro V1x Golf Balls,5
2017-01-10,Under Armour Girls' Toddler Spine Surge Runni,14
2017-01-11,Diamondback Women's Serene Classic Comfort Bi,6
2017-01-11,ENO Atlas Hammock Straps,4
2017-01-11,Field & Stream Sportsman 16 Gun Fire Safe,7
2017-01-11,Glove It Imperial Golf Towel,1
2017-01-11,Hirzl Women's Soffft Flex Golf Glove,4
2017-01-11,Nike Dri-FIT Crew Sock 6 Pack,1
2017-01-11,Nike Men's CJ Elite 2 TD Football Cleat,9
2017-01-11,Nike Men's Dri-FIT Victory Golf Polo,18
2017-01-11,Nike Men's Free 5.0+ Running Shoe,4
2017-01-11,O'Brien Men's Neoprene Life Vest,34
2017-01-11,Pelican Sunstream 100 Kayak,5
2017-01-11,Perfect Fitness Perfect Rip Deck,39
2017-01-11,Team Golf San Francisco Giants Putter Grip,4
2017-01-11,Titleist Pro V1x Golf Balls,3
2017-01-11,Titleist Pro V1x High Numbers Golf Balls,7
2017-01-11,Titleist Pro V1x High Numbers Personalized Go,5
2017-01-11,Under Armour Girls' Toddler Spine Surge Runni,9
2017-01-11,Under Armour Men's Tech II T-Shirt,4
2017-01-11,adidas Youth Germany Black/Red Away Match Soc,3
2017-01-12,Bridgestone e6 Straight Distance NFL Tennesse,4
2017-01-12,Diamondback Women's Serene Classic Comfort Bi,6
2017-01-12,Field & Stream Sportsman 16 Gun Fire Safe,5
2017-01-12,Glove It Imperial Golf Towel,3
2017-01-12,Glove It Urban Brick Golf Towel,5
2017-01-12,Nike Men's CJ Elite 2 TD Football Cleat,8
2017-01-12,Nike Men's Dri-FIT Victory Golf Polo,27
2017-01-12,Nike Men's Free 5.0+ Running Shoe,10
2017-01-12,O'Brien Men's Neoprene Life Vest,29
2017-01-12,Pelican Sunstream 100 Kayak,5
2017-01-12,Perfect Fitness Perfect Rip Deck,30
2017-01-12,Team Golf New England Patriots Putter Grip,3
2017-01-12,Titleist Pro V1x High Numbers Golf Balls,1
2017-01-12,Titleist Pro V1x High Numbers Personalized Go,3
2017-01-12,Under Armour Girls' Toddler Spine Surge Runni,16
2017-01-12,adidas Men's F10 Messi TRX FG Soccer Cleat,3
2017-01-13,Bridgestone e6 Straight Distance NFL Tennesse,1
2017-01-13,Diamondback Women's Serene Classic Comfort Bi,9
2017-01-13,Field & Stream Sportsman 16 Gun Fire Safe,8
2017-01-13,Glove It Women's Imperial Golf Glove,3
2017-01-13,Hirzl Women's Hybrid Golf Glove,1
2017-01-13,Nike Men's CJ Elite 2 TD Football Cleat,6
2017-01-13,Nike Men's Dri-FIT Victory Golf Polo,14
2017-01-13,Nike Men's Free 5.0+ Running Shoe,14
2017-01-13,O'Brien Men's Neoprene Life Vest,33
2017-01-13,Pelican Sunstream 100 Kayak,8
2017-01-13,Perfect Fitness Perfect Rip Deck,15
2017-01-13,Team Golf Tennessee Volunteers Putter Grip,1
2017-01-13,Team Golf Texas Longhorns Putter Grip,1
2017-01-13,Titleist Pro V1 High Numbers Personalized Gol,2
2017-01-13,Titleist Pro V1x Golf Balls,1
2017-01-13,Titleist Pro V1x High Numbers Golf Balls,2
2017-01-13,Under Armour Girls' Toddler Spine Surge Runni,11
2017-01-13,Under Armour Women's Ignite PIP VI Slide,1
2017-01-14,Diamondback Women's Serene Classic Comfort Bi,2
2017-01-14,Field & Stream Sportsman 16 Gun Fire Safe,7
2017-01-14,Glove It Women's Mod Oval 3-Zip Carry All Gol,1
2017-01-14,Hirzl Women's Hybrid Golf Glove,1
2017-01-14,Nike Men's CJ Elite 2 TD Football Cleat,9
2017-01-14,Nike Men's Dri-FIT Victory Golf Polo,35
2017-01-14,Nike Men's Free 5.0+ Running Shoe,17
2017-01-14,Nike Women's Tempo Shorts,3
2017-01-14,O'Brien Men's Neoprene Life Vest,14
2017-01-14,Pelican Sunstream 100 Kayak,8
2017-01-14,Perfect Fitness Perfect Rip Deck,29
2017-01-14,Titleist Pro V1x High Numbers Personalized Go,5
2017-01-14,Under Armour Girls' Toddler Spine Surge Runni,8
2017-01-14,Under Armour Hustle Storm Medium Duffle Bag,5
2017-01-14,Under Armour Women's Micro G Skulpt Running S,5
2017-01-15,Diamondback Women's Serene Classic Comfort Bi,12
2017-01-15,Field & Stream Sportsman 16 Gun Fire Safe,5
2017-01-15,Hirzl Women's Soffft Flex Golf Glove,4
2017-01-15,LIJA Women's Eyelet Sleeveless Golf Polo,1
2017-01-15,Nike Men's CJ Elite 2 TD Football Cleat,11
2017-01-15,Nike Men's Dri-FIT Victory Golf Polo,48
2017-01-15,Nike Men's Free 5.0+ Running Shoe,10
2017-01-15,Nike Women's Legend V-Neck T-Shirt,1
2017-01-15,O'Brien Men's Neoprene Life Vest,4
2017-01-15,Pelican Sunstream 100 Kayak,3
2017-01-15,Perfect Fitness Perfect Rip Deck,25
2017-01-15,Titleist Pro V1x Golf Balls,2
2017-01-15,Top Flite Women's 2014 XL Hybrid,4
2017-01-15,Under Armour Girls' Toddler Spine Surge Runni,28
2017-01-15,Under Armour Women's Micro G Skulpt Running S,2
2017-01-16,Bridgestone e6 Straight Distance NFL San Dieg,4
2017-01-16,Diamondback Women's Serene Classic Comfort Bi,5
2017-01-16,Field & Stream Sportsman 16 Gun Fire Safe,11
2017-01-16,Glove It Women's Imperial Golf Glove,5
2017-01-16,Hirzl Women's Hybrid Golf Glove,5
2017-01-16,Nike Men's CJ Elite 2 TD Football Cleat,9
2017-01-16,Nike Men's Dri-FIT Victory Golf Polo,19
2017-01-16,Nike Men's Free 5.0+ Running Shoe,27
2017-01-16,O'Brien Men's Neoprene Life Vest,12
2017-01-16,Pelican Sunstream 100 Kayak,3
2017-01-16,Perfect Fitness Perfect Rip Deck,51
2017-01-16,Titleist Pro V1x High Numbers Golf Balls,2
2017-01-16,Titleist Pro V1x High Numbers Personalized Go,4
2017-01-16,Under Armour Girls' Toddler Spine Surge Runni,12
2017-01-16,Under Armour Hustle Storm Medium Duffle Bag,5
2017-01-16,adidas Kids' F5 Messi FG Soccer Cleat,1
2017-01-17,Clicgear 8.0 Shoe Brush,3
2017-01-17,Columbia Men's PFG Anchor Tough T-Shirt,5
2017-01-17,Diamondback Women's Serene Classic Comfort Bi,3
2017-01-17,Field & Stream Sportsman 16 Gun Fire Safe,5
2017-01-17,Glove It Imperial Golf Towel,1
2017-01-17,Nike Men's CJ Elite 2 TD Football Cleat,10
2017-01-17,Nike Men's Deutschland Weltmeister Winners Bl,2
2017-01-17,Nike Men's Dri-FIT Victory Golf Polo,37
2017-01-17,Nike Men's Free 5.0+ Running Shoe,17
2017-01-17,O'Brien Men's Neoprene Life Vest,33
2017-01-17,Pelican Sunstream 100 Kayak,5
2017-01-17,Perfect Fitness Perfect Rip Deck,37
2017-01-17,Team Golf St. Louis Cardinals Putter Grip,1
2017-01-17,Under Armour Girls' Toddler Spine Surge Runni,3
2017-01-17,Under Armour Women's Ignite Slide,3
2017-01-17,Under Armour Women's Micro G Skulpt Running S,5
2017-01-17,adidas Men's Germany Black Crest Away Tee,5
2017-01-18,Diamondback Women's Serene Classic Comfort Bi,7
2017-01-18,Field & Stream Sportsman 16 Gun Fire Safe,8
2017-01-18,Hirzl Men's Hybrid Golf Glove,2
2017-01-18,Nike Men's CJ Elite 2 TD Football Cleat,5
2017-01-18,Nike Men's Comfort 2 Slide,2
2017-01-18,Nike Men's Dri-FIT Victory Golf Polo,30
2017-01-18,Nike Men's Free 5.0+ Running Shoe,29
2017-01-18,O'Brien Men's Neoprene Life Vest,41
2017-01-18,Pelican Sunstream 100 Kayak,3
2017-01-18,Perfect Fitness Perfect Rip Deck,49
2017-01-18,Team Golf New England Patriots Putter Grip,4
2017-01-18,Under Armour Girls' Toddler Spine Surge Runni,15
2017-01-18,Under Armour Men's Compression EV SL Slide,5
2017-01-18,Under Armour Men's Tech II T-Shirt,4
2017-01-19,Diamondback Women's Serene Classic Comfort Bi,8
2017-01-19,Field & Stream Sportsman 16 Gun Fire Safe,8
2017-01-19,Glove It Women's Mod Oval Golf Glove,4
2017-01-19,Nike Men's CJ Elite 2 TD Football Cleat,8
2017-01-19,Nike Men's Dri-FIT Victory Golf Polo,17
2017-01-19,Nike Men's Free 5.0+ Running Shoe,22
2017-01-19,Nike Women's Tempo Shorts,3
2017-01-19,O'Brien Men's Neoprene Life Vest,31
2017-01-19,Pelican Sunstream 100 Kayak,5
2017-01-19,Perfect Fitness Perfect Rip Deck,22
2017-01-19,Top Flite Women's 2014 XL Hybrid,1
2017-01-19,Under Armour Girls' Toddler Spine Surge Runni,28
2017-01-19,Under Armour Men's Tech II T-Shirt,6
2017-01-19,adidas Kids' F5 Messi FG Soccer Cleat,1
2017-01-20,Diamondback Women's Serene Classic Comfort Bi,11
2017-01-20,Field & Stream Sportsman 16 Gun Fire Safe,7
2017-01-20,Hirzl Women's Soffft Flex Golf Glove,5
2017-01-20,Nike Men's CJ Elite 2 TD Football Cleat,11
2017-01-20,Nike Men's Comfort 2 Slide,5
2017-01-20,Nike Men's Dri-FIT Victory Golf Polo,26
2017-01-20,Nike Men's Free 5.0+ Running Shoe,24
2017-01-20,O'Brien Men's Neoprene Life Vest,22
2017-01-20,Pelican Sunstream 100 Kayak,10
2017-01-20,Perfect Fitness Perfect Rip Deck,26
2017-01-20,Team Golf San Francisco Giants Putter Grip,4
2017-01-20,Team Golf Texas Longhorns Putter Grip,3
2017-01-20,Under Armour Girls' Toddler Spine Surge Runni,11
2017-01-21,Diamondback Women's Serene Classic Comfort Bi,3
2017-01-21,Field & Stream Sportsman 16 Gun Fire Safe,5
2017-01-21,Hirzl Women's Hybrid Golf Glove,5
2017-01-21,Nike Men's CJ Elite 2 TD Football Cleat,7
2017-01-21,Nike Men's Dri-FIT Victory Golf Polo,41
2017-01-21,Nike Men's Free 5.0+ Running Shoe,15
2017-01-21,O'Brien Men's Neoprene Life Vest,12
2017-01-21,Pelican Sunstream 100 Kayak,5
2017-01-21,Perfect Fitness Perfect Rip Deck,35
2017-01-21,Under Armour Girls' Toddler Spine Surge Runni,20
2017-01-21,Under Armour Men's Tech II T-Shirt,4
2017-01-21,Under Armour Women's Micro G Skulpt Running S,1
2017-01-22,Diamondback Women's Serene Classic Comfort Bi,7
2017-01-22,Field & Stream Sportsman 16 Gun Fire Safe,6
2017-01-22,Hirzl Women's Soffft Flex Golf Glove,5
2017-01-22,Nike Men's CJ Elite 2 TD Football Cleat,15
2017-01-22,Nike Men's Dri-FIT Victory Golf Polo,35
2017-01-22,Nike Men's Free 5.0+ Running Shoe,28
2017-01-22,O'Brien Men's Neoprene Life Vest,30
2017-01-22,Pelican Sunstream 100 Kayak,4
2017-01-22,Perfect Fitness Perfect Rip Deck,36
2017-01-22,Team Golf Tennessee Volunteers Putter Grip,1
2017-01-22,Under Armour Girls' Toddler Spine Surge Runni,21
2017-01-22,Under Armour Hustle Storm Medium Duffle Bag,1
2017-01-22,Under Armour Kids' Mercenary Slide,3
2017-01-23,Diamondback Women's Serene Classic Comfort Bi,5
2017-01-23,Field & Stream Sportsman 16 Gun Fire Safe,7
2017-01-23,Glove It Women's Imperial Golf Glove,4
2017-01-23,Glove It Women's Mod Oval 3-Zip Carry All Gol,4
2017-01-23,Nike Men's CJ Elite 2 TD Football Cleat,5
2017-01-23,Nike Men's Dri-FIT Victory Golf Polo,29
2017-01-23,Nike Men's Free 5.0+ Running Shoe,8
2017-01-23,Nike Women's Tempo Shorts,4
2017-01-23,O'Brien Men's Neoprene Life Vest,23
2017-01-23,Pelican Sunstream 100 Kayak,6
2017-01-23,Perfect Fitness Perfect Rip Deck,33
2017-01-23,Team Golf Tennessee Volunteers Putter Grip,1
2017-01-23,Team Golf Texas Longhorns Putter Grip,1
2017-01-23,Titleist Pro V1x High Numbers Personalized Go,4
2017-01-23,Under Armour Girls' Toddler Spine Surge Runni,19
2017-01-23,Under Armour Men's Compression EV SL Slide,5
2017-01-24,Bridgestone e6 Straight Distance NFL Carolina,5
2017-01-24,Clicgear 8.0 Shoe Brush,2
2017-01-24,Diamondback Women's Serene Classic Comfort Bi,7
2017-01-24,Field & Stream Sportsman 16 Gun Fire Safe,6
2017-01-24,Hirzl Women's Hybrid Golf Glove,1
2017-01-24,Hirzl Women's Soffft Flex Golf Glove,1
2017-01-24,Nike Men's CJ Elite 2 TD Football Cleat,6
2017-01-24,Nike Men's Dri-FIT Victory Golf Polo,36
2017-01-24,Nike Men's Free 5.0+ Running Shoe,17
2017-01-24,O'Brien Men's Neoprene Life Vest,33
2017-01-24,Pelican Sunstream 100 Kayak,8
2017-01-24,Perfect Fitness Perfect Rip Deck,30
2017-01-24,Team Golf Pittsburgh Steelers Putter Grip,1
2017-01-24,Under Armour Girls' Toddler Spine Surge Runni,28
2017-01-24,Under Armour Men's Tech II T-Shirt,5
2017-01-25,Diamondback Women's Serene Classic Comfort Bi,6
2017-01-25,ENO Atlas Hammock Straps,4
2017-01-25,Field & Stream Sportsman 16 Gun Fire Safe,6
2017-01-25,Glove It Urban Brick Golf Towel,5
2017-01-25,Hirzl Men's Hybrid Golf Glove,5
2017-01-25,Nike Men's CJ Elite 2 TD Football Cleat,9
2017-01-25,Nike Men's Dri-FIT Victory Golf Polo,13
2017-01-25,Nike Men's Free 5.0+ Running Shoe,19
2017-01-25,O'Brien Men's Neoprene Life Vest,22
2017-01-25,Pelican Sunstream 100 Kayak,6
2017-01-25,Perfect Fitness Perfect Rip Deck,25
2017-01-25,Team Golf San Francisco Giants Putter Grip,1
2017-01-25,Titleist Pro V1 High Numbers Personalized Gol,5
2017-01-25,Titleist Pro V1x High Numbers Golf Balls,4
2017-01-25,Under Armour Girls' Toddler Spine Surge Runni,24
2017-01-25,Under Armour Men's Compression EV SL Slide,3
2017-01-25,Under Armour Women's Ignite PIP VI Slide,5
2017-01-25,adidas Men's F10 Messi TRX FG Soccer Cleat,3
2017-01-26,Diamondback Women's Serene Classic Comfort Bi,7
2017-01-26,Field & Stream Sportsman 16 Gun Fire Safe,6
2017-01-26,Glove It Women's Imperial Golf Glove,4
2017-01-26,Glove It Women's Mod Oval 3-Zip Carry All Gol,4
2017-01-26,Nike Men's CJ Elite 2 TD Football Cleat,16
2017-01-26,Nike Men's Dri-FIT Victory Golf Polo,23
2017-01-26,Nike Men's Free 5.0+ Running Shoe,9
2017-01-26,O'Brien Men's Neoprene Life Vest,36
2017-01-26,Pelican Sunstream 100 Kayak,13
2017-01-26,Perfect Fitness Perfect Rip Deck,47
2017-01-26,TYR Boys' Team Digi Jammer,1
2017-01-26,Team Golf New England Patriots Putter Grip,1
2017-01-26,Team Golf Pittsburgh Steelers Putter Grip,3
2017-01-26,Team Golf Texas Longhorns Putter Grip,5
2017-01-26,Titleist Pro V1x Golf Balls,1
2017-01-26,Under Armour Girls' Toddler Spine Surge Runni,19
2017-01-27,Clicgear Rovic Cooler Bag,5
2017-01-27,Diamondback Women's Serene Classic Comfort Bi,6
2017-01-27,Field & Stream Sportsman 16 Gun Fire Safe,9
2017-01-27,Nike Men's CJ Elite 2 TD Football Cleat,8
2017-01-27,Nike Men's Dri-FIT Victory Golf Polo,22
2017-01-27,Nike Men's Free 5.0+ Running Shoe,10
2017-01-27,O'Brien Men's Neoprene Life Vest,33
2017-01-27,Pelican Sunstream 100 Kayak,5
2017-01-27,Perfect Fitness Perfect Rip Deck,29
2017-01-27,Team Golf Pittsburgh Steelers Putter Grip,2
2017-01-27,Titleist Pro V1x High Numbers Personalized Go,3
2017-01-27,Under Armour Girls' Toddler Spine Surge Runni,19
2017-01-28,Clicgear Rovic Cooler Bag,3
2017-01-28,Diamondback Women's Serene Classic Comfort Bi,3
2017-01-28,Field & Stream Sportsman 16 Gun Fire Safe,2
2017-01-28,Glove It Women's Mod Oval 3-Zip Carry All Gol,4
2017-01-28,Nike Men's CJ Elite 2 TD Football Cleat,6
2017-01-28,Nike Men's Dri-FIT Victory Golf Polo,19
2017-01-28,Nike Men's Free 5.0+ Running Shoe,9
2017-01-28,O'Brien Men's Neoprene Life Vest,33
2017-01-28,Pelican Sunstream 100 Kayak,3
2017-01-28,Perfect Fitness Perfect Rip Deck,19
2017-01-28,Titleist Pro V1x High Numbers Golf Balls,4
2017-01-28,Under Armour Girls' Toddler Spine Surge Runni,18
2017-01-28,adidas Kids' F5 Messi FG Soccer Cleat,2
2017-01-29,Diamondback Women's Serene Classic Comfort Bi,7
2017-01-29,Field & Stream Sportsman 16 Gun Fire Safe,8
2017-01-29,Glove It Women's Mod Oval 3-Zip Carry All Gol,5
2017-01-29,Nike Men's CJ Elite 2 TD Football Cleat,6
2017-01-29,Nike Men's Dri-FIT Victory Golf Polo,39
2017-01-29,Nike Men's Free 5.0+ Running Shoe,20
2017-01-29,Nike Women's Tempo Shorts,5
2017-01-29,O'Brien Men's Neoprene Life Vest,33
2017-01-29,Pelican Sunstream 100 Kayak,7
2017-01-29,Perfect Fitness Perfect Rip Deck,32
2017-01-29,Team Golf Pittsburgh Steelers Putter Grip,3
2017-01-29,Team Golf San Francisco Giants Putter Grip,7
2017-01-29,Titleist Pro V1x Golf Balls,4
2017-01-29,Under Armour Girls' Toddler Spine Surge Runni,8
2017-01-29,adidas Men's F10 Messi TRX FG Soccer Cleat,4
2017-01-29,adidas Youth Germany Black/Red Away Match Soc,1
2017-01-30,Clicgear Rovic Cooler Bag,1
2017-01-30,Diamondback Women's Serene Classic Comfort Bi,8
2017-01-30,Field & Stream Sportsman 16 Gun Fire Safe,8
2017-01-30,Glove It Women's Mod Oval Golf Glove,4
2017-01-30,Nike Men's CJ Elite 2 TD Football Cleat,15
2017-01-30,Nike Men's Comfort 2 Slide,4
2017-01-30,Nike Men's Dri-FIT Victory Golf Polo,11
2017-01-30,Nike Men's Free 5.0+ Running Shoe,7
2017-01-30,O'Brien Men's Neoprene Life Vest,18
2017-01-30,Pelican Sunstream 100 Kayak,4
2017-01-30,Perfect Fitness Perfect Rip Deck,29
2017-01-30,TYR Boys' Team Digi Jammer,2
2017-01-30,Titleist Pro V1x High Numbers Golf Balls,2
2017-01-30,Under Armour Girls' Toddler Spine Surge Runni,26
2017-01-30,adidas Kids' F5 Messi FG Soccer Cleat,4
2017-01-31,Diamondback Women's Serene Classic Comfort Bi,9
2017-01-31,Field & Stream Sportsman 16 Gun Fire Safe,11
2017-01-31,Nike Men's CJ Elite 2 TD Football Cleat,8
2017-01-31,Nike Men's Dri-FIT Victory Golf Polo,44
2017-01-31,Nike Men's Free 5.0+ Running Shoe,16
2017-01-31,O'Brien Men's Neoprene Life Vest,47
2017-01-31,Pelican Sunstream 100 Kayak,6
2017-01-31,Perfect Fitness Perfect Rip Deck,26
2017-01-31,TYR Boys' Team Digi Jammer,1
2017-01-31,Team Golf New England Patriots Putter Grip,1
2017-01-31,Titleist Pro V1 High Numbers Personalized Gol,6
2017-01-31,Under Armour Girls' Toddler Spine Surge Runni,11
2017-01-31,adidas Kids' F5 Messi FG Soccer Cleat,5
2017-01-31,adidas Youth Germany Black/Red Away Match Soc,1
2017-02-01,Bridgestone e6 Straight Distance NFL Tennesse,3
2017-02-01,Columbia Men's PFG Anchor Tough T-Shirt,4
2017-02-01,Diamondback Women's Serene Classic Comfort Bi,9
2017-02-01,Field & Stream Sportsman 16 Gun Fire Safe,7
2017-02-01,Glove It Women's Mod Oval Golf Glove,3
2017-02-01,Nike Men's CJ Elite 2 TD Football Cleat,13
2017-02-01,Nike Men's Deutschland Weltmeister Winners Bl,4
2017-02-01,Nike Men's Dri-FIT Victory Golf Polo,26
2017-02-01,Nike Men's Free 5.0+ Running Shoe,36
2017-02-01,O'Brien Men's Neoprene Life Vest,38
2017-02-01,Pelican Sunstream 100 Kayak,16
2017-02-01,Perfect Fitness Perfect Rip Deck,33
2017-02-01,Team Golf St. Louis Cardinals Putter Grip,4
2017-02-01,Titleist Pro V1 High Numbers Personalized Gol,5
2017-02-01,Under Armour Girls' Toddler Spine Surge Runni,5
2017-02-02,Bridgestone e6 Straight Distance NFL Tennesse,5
2017-02-02,Diamondback Women's Serene Classic Comfort Bi,6
2017-02-02,Field & Stream Sportsman 16 Gun Fire Safe,8
2017-02-02,LIJA Women's Eyelet Sleeveless Golf Polo,6
2017-02-02,Nike Men's CJ Elite 2 TD Football Cleat,12
2017-02-02,Nike Men's Dri-FIT Victory Golf Polo,39
2017-02-02,Nike Men's Free 5.0+ Running Shoe,27
2017-02-02,O'Brien Men's Neoprene Life Vest,27
2017-02-02,Pelican Sunstream 100 Kayak,6
2017-02-02,Perfect Fitness Perfect Rip Deck,40
2017-02-02,Team Golf San Francisco Giants Putter Grip,1
2017-02-02,Under Armour Girls' Toddler Spine Surge Runni,13
2017-02-02,Under Armour Kids' Mercenary Slide,4
2017-02-03,Diamondback Women's Serene Classic Comfort Bi,7
2017-02-03,ENO Atlas Hammock Straps,2
2017-02-03,Field & Stream Sportsman 16 Gun Fire Safe,9
2017-02-03,Glove It Urban Brick Golf Towel,4
2017-02-03,Glove It Women's Mod Oval Golf Glove,2
2017-02-03,Nike Dri-FIT Crew Sock 6 Pack,5
2017-02-03,Nike Men's CJ Elite 2 TD Football Cleat,9
2017-02-03,Nike Men's Comfort 2 Slide,7
2017-02-03,Nike Men's Dri-FIT Victory Golf Polo,44
2017-02-03,Nike Men's Free 5.0+ Running Shoe,24
2017-02-03,O'Brien Men's Neoprene Life Vest,15
2017-02-03,Pelican Sunstream 100 Kayak,9
2017-02-03,Perfect Fitness Perfect Rip Deck,33
2017-02-03,Under Armour Girls' Toddler Spine Surge Runni,12
2017-02-04,Diamondback Women's Serene Classic Comfort Bi,7
2017-02-04,Field & Stream Sportsman 16 Gun Fire Safe,6
2017-02-04,Hirzl Women's Hybrid Golf Glove,2
2017-02-04,Nike Men's CJ Elite 2 TD Football Cleat,9
2017-02-04,Nike Men's Dri-FIT Victory Golf Polo,23
2017-02-04,Nike Men's Free 5.0+ Running Shoe,8
2017-02-04,O'Brien Men's Neoprene Life Vest,29
2017-02-04,Pelican Sunstream 100 Kayak,5
2017-02-04,Perfect Fitness Perfect Rip Deck,17
2017-02-04,Team Golf Pittsburgh Steelers Putter Grip,3
2017-02-04,Team Golf Texas Longhorns Putter Grip,3
2017-02-04,Titleist Pro V1x High Numbers Personalized Go,2
2017-02-04,Under Armour Girls' Toddler Spine Surge Runni,18
2017-02-04,Under Armour Women's Micro G Skulpt Running S,2
2017-02-05,Diamondback Women's Serene Classic Comfort Bi,6
2017-02-05,Field & Stream Sportsman 16 Gun Fire Safe,9
2017-02-05,Glove It Imperial Golf Towel,4
2017-02-05,Nike Men's CJ Elite 2 TD Football Cleat,8
2017-02-05,Nike Men's Dri-FIT Victory Golf Polo,26
2017-02-05,Nike Men's Free 5.0+ Running Shoe,20
2017-02-05,O'Brien Men's Neoprene Life Vest,34
2017-02-05,Pelican Sunstream 100 Kayak,8
2017-02-05,Perfect Fitness Perfect Rip Deck,23
2017-02-05,Team Golf New England Patriots Putter Grip,7
2017-02-05,Under Armour Girls' Toddler Spine Surge Runni,17
2017-02-05,Under Armour Women's Ignite PIP VI Slide,1
2017-02-05,adidas Men's F10 Messi TRX FG Soccer Cleat,4
2017-02-06,Bag Boy Beverage Holder,1
2017-02-06,Bridgestone e6 Straight Distance NFL Carolina,2
2017-02-06,Diamondback Women's Serene Classic Comfort Bi,7
2017-02-06,Field & Stream Sportsman 16 Gun Fire Safe,12
2017-02-06,Glove It Women's Imperial Golf Glove,5
2017-02-06,LIJA Women's Eyelet Sleeveless Golf Polo,5
2017-02-06,Nike Men's CJ Elite 2 TD Football Cleat,11
2017-02-06,Nike Men's Comfort 2 Slide,3
2017-02-06,Nike Men's Dri-FIT Victory Golf Polo,30
2017-02-06,Nike Men's Free 5.0+ Running Shoe,31
2017-02-06,Nike Women's Legend V-Neck T-Shirt,3
2017-02-06,O'Brien Men's Neoprene Life Vest,40
2017-02-06,Pelican Sunstream 100 Kayak,8
2017-02-06,Perfect Fitness Perfect Rip Deck,30
2017-02-06,TYR Boys' Team Digi Jammer,5
2017-02-06,Team Golf San Francisco Giants Putter Grip,2
2017-02-06,Under Armour Girls' Toddler Spine Surge Runni,5
2017-02-06,Under Armour Men's Compression EV SL Slide,3
2017-02-07,Bridgestone e6 Straight Distance NFL San Dieg,2
2017-02-07,Columbia Men's PFG Anchor Tough T-Shirt,4
2017-02-07,Diamondback Women's Serene Classic Comfort Bi,9
2017-02-07,Field & Stream Sportsman 16 Gun Fire Safe,12
2017-02-07,Nike Dri-FIT Crew Sock 6 Pack,2
2017-02-07,Nike Men's CJ Elite 2 TD Football Cleat,13
2017-02-07,Nike Men's Dri-FIT Victory Golf Polo,68
2017-02-07,Nike Men's Free 5.0+ Running Shoe,13
2017-02-07,O'Brien Men's Neoprene Life Vest,36
2017-02-07,Pelican Sunstream 100 Kayak,12
2017-02-07,Perfect Fitness Perfect Rip Deck,48
2017-02-07,TYR Boys' Team Digi Jammer,1
2017-02-07,Team Golf St. Louis Cardinals Putter Grip,4
2017-02-07,Team Golf Tennessee Volunteers Putter Grip,4
2017-02-07,Titleist Pro V1x High Numbers Golf Balls,4
2017-02-07,Under Armour Girls' Toddler Spine Surge Runni,12
2017-02-07,Under Armour Men's Tech II T-Shirt,2
2017-02-07,Under Armour Women's Ignite PIP VI Slide,3
2017-02-08,Columbia Men's PFG Anchor Tough T-Shirt,5
2017-02-08,Diamondback Women's Serene Classic Comfort Bi,8
2017-02-08,Field & Stream Sportsman 16 Gun Fire Safe,7
2017-02-08,Glove It Women's Imperial Golf Glove,4
2017-02-08,Nike Dri-FIT Crew Sock 6 Pack,4
2017-02-08,Nike Men's CJ Elite 2 TD Football Cleat,8
2017-02-08,Nike Men's Comfort 2 Slide,3
2017-02-08,Nike Men's Dri-FIT Victory Golf Polo,15
2017-02-08,Nike Men's Free 5.0+ Running Shoe,20
2017-02-08,O'Brien Men's Neoprene Life Vest,41
2017-02-08,Pelican Sunstream 100 Kayak,10
2017-02-08,Perfect Fitness Perfect Rip Deck,40
2017-02-08,TYR Boys' Team Digi Jammer,4
2017-02-08,Team Golf St. Louis Cardinals Putter Grip,5
2017-02-08,Under Armour Girls' Toddler Spine Surge Runni,16
2017-02-08,Under Armour Men's Tech II T-Shirt,1
2017-02-08,adidas Youth Germany Black/Red Away Match Soc,5
2017-02-09,Bridgestone e6 Straight Distance NFL San Dieg,3
2017-02-09,Diamondback Women's Serene Classic Comfort Bi,8
2017-02-09,Field & Stream Sportsman 16 Gun Fire Safe,12
2017-02-09,Glove It Urban Brick Golf Towel,4
2017-02-09,Glove It Women's Imperial Golf Glove,5
2017-02-09,Glove It Women's Mod Oval 3-Zip Carry All Gol,3
2017-02-09,Hirzl Women's Soffft Flex Golf Glove,4
2017-02-09,LIJA Women's Eyelet Sleeveless Golf Polo,6
2017-02-09,Nike Dri-FIT Crew Sock 6 Pack,5
2017-02-09,Nike Men's CJ Elite 2 TD Football Cleat,11
2017-02-09,Nike Men's Comfort 2 Slide,4
2017-02-09,Nike Men's Dri-FIT Victory Golf Polo,30
2017-02-09,Nike Men's Free 5.0+ Running Shoe,15
2017-02-09,Nike Women's Legend V-Neck T-Shirt,4
2017-02-09,O'Brien Men's Neoprene Life Vest,21
2017-02-09,Pelican Sunstream 100 Kayak,5
2017-02-09,Perfect Fitness Perfect Rip Deck,55
2017-02-09,Under Armour Girls' Toddler Spine Surge Runni,5
2017-02-10,Bridgestone e6 Straight Distance NFL Carolina,3
2017-02-10,Diamondback Women's Serene Classic Comfort Bi,8
2017-02-10,Field & Stream Sportsman 16 Gun Fire Safe,7
2017-02-10,Glove It Urban Brick Golf Towel,1
2017-02-10,Glove It Women's Mod Oval Golf Glove,4
2017-02-10,Nike Men's CJ Elite 2 TD Football Cleat,10
2017-02-10,Nike Men's Dri-FIT Victory Golf Polo,31
2017-02-10,Nike Men's Free 5.0+ Running Shoe,9
2017-02-10,O'Brien Men's Neoprene Life Vest,23
2017-02-10,Pelican Sunstream 100 Kayak,14
2017-02-10,Perfect Fitness Perfect Rip Deck,31
2017-02-10,Team Golf Texas Longhorns Putter Grip,6
2017-02-10,Titleist Pro V1x Golf Balls,2
2017-02-10,Under Armour Girls' Toddler Spine Surge Runni,18
2017-02-11,Clicgear 8.0 Shoe Brush,2
2017-02-11,Diamondback Women's Serene Classic Comfort Bi,6
2017-02-11,Field & Stream Sportsman 16 Gun Fire Safe,9
2017-02-11,Nike Men's CJ Elite 2 TD Football Cleat,5
2017-02-11,Nike Men's Dri-FIT Victory Golf Polo,29
2017-02-11,Nike Men's Free 5.0+ Running Shoe,14
2017-02-11,O'Brien Men's Neoprene Life Vest,17
2017-02-11,Pelican Sunstream 100 Kayak,5
2017-02-11,Perfect Fitness Perfect Rip Deck,36
2017-02-11,Team Golf Pittsburgh Steelers Putter Grip,3
2017-02-11,Titleist Pro V1x Golf Balls,4
2017-02-11,Titleist Pro V1x High Numbers Golf Balls,2
2017-02-11,Under Armour Girls' Toddler Spine Surge Runni,2
2017-02-11,Under Armour Women's Micro G Skulpt Running S,5
2017-02-11,adidas Men's Germany Black Crest Away Tee,3
2017-02-12,Diamondback Women's Serene Classic Comfort Bi,3
2017-02-12,Field & Stream Sportsman 16 Gun Fire Safe,7
2017-02-12,Glove It Urban Brick Golf Towel,4
2017-02-12,Hirzl Women's Hybrid Golf Glove,1
2017-02-12,Nike Men's CJ Elite 2 TD Football Cleat,8
2017-02-12,Nike Men's Comfort 2 Slide,5
2017-02-12,Nike Men's Dri-FIT Victory Golf Polo,11
2017-02-12,Nike Men's Free 5.0+ Running Shoe,6
2017-02-12,O'Brien Men's Neoprene Life Vest,19
2017-02-12,Pelican Sunstream 100 Kayak,4
2017-02-12,Perfect Fitness Perfect Rip Deck,12
2017-02-12,Under Armour Girls' Toddler Spine Surge Runni,7
2017-02-12,adidas Men's F10 Messi TRX FG Soccer Cleat,4
2017-02-13,Bag Boy Beverage Holder,3
2017-02-13,Clicgear Rovic Cooler Bag,3
2017-02-13,Diamondback Women's Serene Classic Comfort Bi,8
2017-02-13,Field & Stream Sportsman 16 Gun Fire Safe,9
2017-02-13,Glove It Urban Brick Golf Towel,2
2017-02-13,Glove It Women's Mod Oval Golf Glove,3
2017-02-13,Hirzl Men's Hybrid Golf Glove,1
2017-02-13,LIJA Women's Eyelet Sleeveless Golf Polo,1
2017-02-13,Nike Men's CJ Elite 2 TD Football Cleat,10
2017-02-13,Nike Men's Deutschland Weltmeister Winners Bl,4
2017-02-13,Nike Men's Dri-FIT Victory Golf Polo,34
2017-02-13,Nike Men's Free 5.0+ Running Shoe,20
2017-02-13,Nike Women's Tempo Shorts,5
2017-02-13,O'Brien Men's Neoprene Life Vest,29
2017-02-13,Pelican Sunstream 100 Kayak,12
2017-02-13,Perfect Fitness Perfect Rip Deck,34
2017-02-13,Team Golf San Francisco Giants Putter Grip,2
2017-02-13,Titleist Pro V1x High Numbers Personalized Go,4
2017-02-13,Top Flite Women's 2014 XL Hybrid,5
2017-02-13,Under Armour Girls' Toddler Spine Surge Runni,8
2017-02-13,Under Armour Hustle Storm Medium Duffle Bag,2
2017-02-13,Under Armour Women's Ignite Slide,2
2017-02-14,Diamondback Women's Serene Classic Comfort Bi,4
2017-02-14,Field & Stream Sportsman 16 Gun Fire Safe,5
2017-02-14,Nike Men's CJ Elite 2 TD Football Cleat,2
2017-02-14,Nike Men's Dri-FIT Victory Golf Polo,20
2017-02-14,Nike Men's Free 5.0+ Running Shoe,1
2017-02-14,O'Brien Men's Neoprene Life Vest,10
2017-02-14,Pelican Sunstream 100 Kayak,3
2017-02-14,Perfect Fitness Perfect Rip Deck,31
2017-02-14,Team Golf Texas Longhorns Putter Grip,3
2017-02-14,Titleist Pro V1x Golf Balls,1
2017-02-14,Under Armour Girls' Toddler Spine Surge Runni,2
2017-02-15,Bridgestone e6 Straight Distance NFL San Dieg,8
2017-02-15,Bridgestone e6 Straight Distance NFL Tennesse,4
2017-02-15,Clicgear 8.0 Shoe Brush,5
2017-02-15,Columbia Men's PFG Anchor Tough T-Shirt,5
2017-02-15,Diamondback Women's Serene Classic Comfort Bi,7
2017-02-15,Field & Stream Sportsman 16 Gun Fire Safe,6
2017-02-15,Hirzl Women's Hybrid Golf Glove,3
2017-02-15,Nike Men's CJ Elite 2 TD Football Cleat,8
2017-02-15,Nike Men's Deutschland Weltmeister Winners Bl,3
2017-02-15,Nike Men's Dri-FIT Victory Golf Polo,29
2017-02-15,Nike Men's Free 5.0+ Running Shoe,17
2017-02-15,O'Brien Men's Neoprene Life Vest,33
2017-02-15,Pelican Sunstream 100 Kayak,5
2017-02-15,Perfect Fitness Perfect Rip Deck,58
2017-02-15,Titleist Pro V1 High Numbers Personalized Gol,3
2017-02-15,Titleist Pro V1x Golf Balls,5
2017-02-15,Under Armour Girls' Toddler Spine Surge Runni,6
2017-02-15,Under Armour Women's Ignite Slide,5
2017-02-15,Under Armour Women's Micro G Skulpt Running S,3
2017-02-16,Columbia Men's PFG Anchor Tough T-Shirt,5
2017-02-16,Diamondback Women's Serene Classic Comfort Bi,4
2017-02-16,Field & Stream Sportsman 16 Gun Fire Safe,8
2017-02-16,LIJA Women's Eyelet Sleeveless Golf Polo,4
2017-02-16,Nike Dri-FIT Crew Sock 6 Pack,4
2017-02-16,Nike Men's CJ Elite 2 TD Football Cleat,5
2017-02-16,Nike Men's Dri-FIT Victory Golf Polo,13
2017-02-16,Nike Men's Free 5.0+ Running Shoe,10
2017-02-16,O'Brien Men's Neoprene Life Vest,21
2017-02-16,Pelican Sunstream 100 Kayak,6
2017-02-16,Perfect Fitness Perfect Rip Deck,37
2017-02-16,Team Golf Tennessee Volunteers Putter Grip,3
2017-02-16,Titleist Pro V1x High Numbers Golf Balls,3
2017-02-16,Under Armour Girls' Toddler Spine Surge Runni,16
2017-02-16,adidas Men's Germany Black Crest Away Tee,5
2017-02-16,adidas Youth Germany Black/Red Away Match Soc,2
2017-02-17,Bridgestone e6 Straight Distance NFL Carolina,5
2017-02-17,Bridgestone e6 Straight Distance NFL Tennesse,5
2017-02-17,Diamondback Women's Serene Classic Comfort Bi,8
2017-02-17,Field & Stream Sportsman 16 Gun Fire Safe,7
2017-02-17,Glove It Imperial Golf Towel,4
2017-02-17,Nike Men's CJ Elite 2 TD Football Cleat,9
2017-02-17,Nike Men's Dri-FIT Victory Golf Polo,54
2017-02-17,Nike Men's Free 5.0+ Running Shoe,17
2017-02-17,O'Brien Men's Neoprene Life Vest,22
2017-02-17,Pelican Sunstream 100 Kayak,4
2017-02-17,Perfect Fitness Perfect Rip Deck,29
2017-02-17,Under Armour Girls' Toddler Spine Surge Runni,5
2017-02-17,Under Armour Hustle Storm Medium Duffle Bag,2
2017-02-17,Under Armour Kids' Mercenary Slide,4
2017-02-17,adidas Kids' F5 Messi FG Soccer Cleat,1
2017-02-18,Diamondback Women's Serene Classic Comfort Bi,6
2017-02-18,Field & Stream Sportsman 16 Gun Fire Safe,8
2017-02-18,Glove It Women's Mod Oval 3-Zip Carry All Gol,2
2017-02-18,Hirzl Women's Soffft Flex Golf Glove,4
2017-02-18,Nike Men's CJ Elite 2 TD Football Cleat,4
2017-02-18,Nike Men's Dri-FIT Victory Golf Polo,48
2017-02-18,Nike Men's Free 5.0+ Running Shoe,21
2017-02-18,O'Brien Men's Neoprene Life Vest,29
2017-02-18,Pelican Sunstream 100 Kayak,10
2017-02-18,Perfect Fitness Perfect Rip Deck,22
2017-02-18,Team Golf New England Patriots Putter Grip,3
2017-02-18,Under Armour Girls' Toddler Spine Surge Runni,8
2017-02-18,Under Armour Hustle Storm Medium Duffle Bag,5
2017-02-18,Under Armour Women's Ignite PIP VI Slide,1
2017-02-18,adidas Men's F10 Messi TRX FG Soccer Cleat,1
2017-02-19,Clicgear Rovic Cooler Bag,1
2017-02-19,Diamondback Women's Serene Classic Comfort Bi,5
2017-02-19,ENO Atlas Hammock Straps,5
2017-02-19,Field & Stream Sportsman 16 Gun Fire Safe,8
2017-02-19,LIJA Women's Eyelet Sleeveless Golf Polo,2
2017-02-19,Nike Men's CJ Elite 2 TD Football Cleat,6
2017-02-19,Nike Men's Dri-FIT Victory Golf Polo,38
2017-02-19,Nike Men's Free 5.0+ Running Shoe,36
2017-02-19,O'Brien Men's Neoprene Life Vest,20
2017-02-19,Pelican Sunstream 100 Kayak,7
2017-02-19,Perfect Fitness Perfect Rip Deck,21
2017-02-19,Team Golf New England Patriots Putter Grip,5
2017-02-19,Team Golf San Francisco Giants Putter Grip,2
2017-02-19,Titleist Pro V1x High Numbers Golf Balls,2
2017-02-19,Under Armour Girls' Toddler Spine Surge Runni,20
2017-02-19,adidas Kids' F5 Messi FG Soccer Cleat,4
2017-02-20,Bag Boy Beverage Holder,3
2017-02-20,Diamondback Women's Serene Classic Comfort Bi,4
2017-02-20,Field & Stream Sportsman 16 Gun Fire Safe,6
2017-02-20,Hirzl Women's Soffft Flex Golf Glove,4
2017-02-20,Nike Dri-FIT Crew Sock 6 Pack,2
2017-02-20,Nike Men's CJ Elite 2 TD Football Cleat,11
2017-02-20,Nike Men's Dri-FIT Victory Golf Polo,12
2017-02-20,Nike Men's Free 5.0+ Running Shoe,30
2017-02-20,O'Brien Men's Neoprene Life Vest,18
2017-02-20,Pelican Sunstream 100 Kayak,6
2017-02-20,Perfect Fitness Perfect Rip Deck,29
2017-02-20,Top Flite Women's 2014 XL Hybrid,2
2017-02-20,Under Armour Girls' Toddler Spine Surge Runni,12
2017-02-20,adidas Youth Germany Black/Red Away Match Soc,5
2017-02-21,Diamondback Women's Serene Classic Comfort Bi,3
2017-02-21,Field & Stream Sportsman 16 Gun Fire Safe,4
2017-02-21,Nike Men's CJ Elite 2 TD Football Cleat,6
2017-02-21,Nike Men's Dri-FIT Victory Golf Polo,36
2017-02-21,Nike Men's Free 5.0+ Running Shoe,27
2017-02-21,Nike Women's Tempo Shorts,5
2017-02-21,O'Brien Men's Neoprene Life Vest,35
2017-02-21,Pelican Sunstream 100 Kayak,4
2017-02-21,Perfect Fitness Perfect Rip Deck,27
2017-02-21,Team Golf Tennessee Volunteers Putter Grip,4
2017-02-21,Titleist Pro V1x Golf Balls,5
2017-02-21,Under Armour Girls' Toddler Spine Surge Runni,10
2017-02-22,Bag Boy Beverage Holder,10
2017-02-22,Diamondback Women's Serene Classic Comfort Bi,8
2017-02-22,Field & Stream Sportsman 16 Gun Fire Safe,6
2017-02-22,Hirzl Men's Hybrid Golf Glove,5
2017-02-22,Nike Dri-FIT Crew Sock 6 Pack,2
2017-02-22,Nike Men's CJ Elite 2 TD Football Cleat,14
2017-02-22,Nike Men's Dri-FIT Victory Golf Polo,58
2017-02-22,Nike Men's Free 5.0+ Running Shoe,36
2017-02-22,O'Brien Men's Neoprene Life Vest,49
2017-02-22,Pelican Sunstream 100 Kayak,11
2017-02-22,Perfect Fitness Perfect Rip Deck,48
2017-02-22,Team Golf Tennessee Volunteers Putter Grip,5
2017-02-22,Under Armour Girls' Toddler Spine Surge Runni,9
2017-02-22,Under Armour Men's Tech II T-Shirt,3
2017-02-23,Bag Boy Beverage Holder,1
2017-02-23,Diamondback Women's Serene Classic Comfort Bi,1
2017-02-23,Field & Stream Sportsman 16 Gun Fire Safe,5
2017-02-23,Glove It Women's Imperial Golf Glove,8
2017-02-23,Hirzl Men's Hybrid Golf Glove,1
2017-02-23,Nike Men's CJ Elite 2 TD Football Cleat,9
2017-02-23,Nike Men's Dri-FIT Victory Golf Polo,25
2017-02-23,Nike Men's Free 5.0+ Running Shoe,28
2017-02-23,O'Brien Men's Neoprene Life Vest,46
2017-02-23,Pelican Sunstream 100 Kayak,6
2017-02-23,Perfect Fitness Perfect Rip Deck,42
2017-02-23,Titleist Pro V1x High Numbers Golf Balls,1
2017-02-23,Top Flite Women's 2014 XL Hybrid,5
2017-02-23,Under Armour Girls' Toddler Spine Surge Runni,14
2017-02-23,Under Armour Women's Ignite Slide,2
2017-02-24,Diamondback Women's Serene Classic Comfort Bi,6
2017-02-24,Field & Stream Sportsman 16 Gun Fire Safe,9
2017-02-24,LIJA Women's Eyelet Sleeveless Golf Polo,3
2017-02-24,Nike Men's CJ Elite 2 TD Football Cleat,11
2017-02-24,Nike Men's Comfort 2 Slide,3
2017-02-24,Nike Men's Deutschland Weltmeister Winners Bl,5
2017-02-24,Nike Men's Dri-FIT Victory Golf Polo,21
2017-02-24,Nike Men's Free 5.0+ Running Shoe,17
2017-02-24,Nike Women's Legend V-Neck T-Shirt,6
2017-02-24,O'Brien Men's Neoprene Life Vest,18
2017-02-24,Pelican Sunstream 100 Kayak,2
2017-02-24,Perfect Fitness Perfect Rip Deck,21
2017-02-24,Titleist Pro V1x Golf Balls,5
2017-02-24,Under Armour Girls' Toddler Spine Surge Runni,21
2017-02-24,Under Armour Men's Compression EV SL Slide,5
2017-02-24,adidas Men's F10 Messi TRX FG Soccer Cleat,4
2017-02-24,adidas Youth Germany Black/Red Away Match Soc,4
2017-02-25,Bag Boy Beverage Holder,1
2017-02-25,Bridgestone e6 Straight Distance NFL San Dieg,3
2017-02-25,Columbia Men's PFG Anchor Tough T-Shirt,3
2017-02-25,Diamondback Women's Serene Classic Comfort Bi,8
2017-02-25,Field & Stream Sportsman 16 Gun Fire Safe,4
2017-02-25,Glove It Urban Brick Golf Towel,2
2017-02-25,Glove It Women's Imperial Golf Glove,5
2017-02-25,Glove It Women's Mod Oval Golf Glove,2
2017-02-25,Hirzl Women's Soffft Flex Golf Glove,3
2017-02-25,Nike Men's CJ Elite 2 TD Football Cleat,11
2017-02-25,Nike Men's Deutschland Weltmeister Winners Bl,1
2017-02-25,Nike Men's Dri-FIT Victory Golf Polo,33
2017-02-25,Nike Men's Free 5.0+ Running Shoe,20
2017-02-25,O'Brien Men's Neoprene Life Vest,16
2017-02-25,Pelican Sunstream 100 Kayak,4
2017-02-25,Perfect Fitness Perfect Rip Deck,40
2017-02-25,Titleist Pro V1x High Numbers Golf Balls,1
2017-02-25,Under Armour Girls' Toddler Spine Surge Runni,14
2017-02-25,Under Armour Hustle Storm Medium Duffle Bag,3
2017-02-26,Diamondback Women's Serene Classic Comfort Bi,8
2017-02-26,Field & Stream Sportsman 16 Gun Fire Safe,7
2017-02-26,Nike Men's CJ Elite 2 TD Football Cleat,7
2017-02-26,Nike Men's Dri-FIT Victory Golf Polo,31
2017-02-26,Nike Men's Free 5.0+ Running Shoe,11
2017-02-26,Nike Women's Legend V-Neck T-Shirt,5
2017-02-26,O'Brien Men's Neoprene Life Vest,47
2017-02-26,Pelican Sunstream 100 Kayak,11
2017-02-26,Perfect Fitness Perfect Rip Deck,38
2017-02-26,Team Golf Tennessee Volunteers Putter Grip,1
2017-02-26,Team Golf Texas Longhorns Putter Grip,3
2017-02-26,Under Armour Girls' Toddler Spine Surge Runni,19
2017-02-26,Under Armour Men's Tech II T-Shirt,5
2017-02-26,Under Armour Women's Ignite PIP VI Slide,4
2017-02-26,adidas Men's Germany Black Crest Away Tee,2
2017-02-27,Clicgear 8.0 Shoe Brush,3
2017-02-27,Diamondback Women's Serene Classic Comfort Bi,5
2017-02-27,Field & Stream Sportsman 16 Gun Fire Safe,5
2017-02-27,Glove It Imperial Golf Towel,2
2017-02-27,Glove It Women's Mod Oval Golf Glove,1
2017-02-27,Hirzl Men's Hybrid Golf Glove,1
2017-02-27,Hirzl Women's Soffft Flex Golf Glove,1
2017-02-27,LIJA Women's Eyelet Sleeveless Golf Polo,3
2017-02-27,Nike Men's CJ Elite 2 TD Football Cleat,5
2017-02-27,Nike Men's Dri-FIT Victory Golf Polo,39
2017-02-27,Nike Men's Free 5.0+ Running Shoe,19
2017-02-27,O'Brien Men's Neoprene Life Vest,12
2017-02-27,Pelican Sunstream 100 Kayak,6
2017-02-27,Perfect Fitness Perfect Rip Deck,23
2017-02-27,TYR Boys' Team Digi Jammer,1
2017-02-27,Under Armour Girls' Toddler Spine Surge Runni,19
2017-02-27,Under Armour Hustle Storm Medium Duffle Bag,5
2017-02-27,Under Armour Men's Compression EV SL Slide,3
2017-02-28,Clicgear Rovic Cooler Bag,4
2017-02-28,Columbia Men's PFG Anchor Tough T-Shirt,1
2017-02-28,Diamondback Women's Serene Classic Comfort Bi,7
2017-02-28,Field & Stream Sportsman 16 Gun Fire Safe,7
2017-02-28,Nike Men's CJ Elite 2 TD Football Cleat,5
2017-02-28,Nike Men's Dri-FIT Victory Golf Polo,35
2017-02-28,Nike Men's Free 5.0+ Running Shoe,4
2017-02-28,Nike Women's Tempo Shorts,1
2017-02-28,O'Brien Men's Neoprene Life Vest,17
2017-02-28,Pelican Sunstream 100 Kayak,11
2017-02-28,Perfect Fitness Perfect Rip Deck,43
2017-02-28,Titleist Pro V1x High Numbers Golf Balls,3
2017-02-28,Under Armour Girls' Toddler Spine Surge Runni,11
2017-02-28,Under Armour Kids' Mercenary Slide,3
2017-03-01,Bag Boy Beverage Holder,5
2017-03-01,Diamondback Women's Serene Classic Comfort Bi,6
2017-03-01,ENO Atlas Hammock Straps,5
2017-03-01,Field & Stream Sportsman 16 Gun Fire Safe,5
2017-03-01,Glove It Urban Brick Golf Towel,7
2017-03-01,Hirzl Women's Hybrid Golf Glove,1
2017-03-01,Nike Men's CJ Elite 2 TD Football Cleat,3
2017-03-01,Nike Men's Comfort 2 Slide,5
2017-03-01,Nike Men's Deutschland Weltmeister Winners Bl,3
2017-03-01,Nike Men's Dri-FIT Victory Golf Polo,26
2017-03-01,Nike Men's Free 5.0+ Running Shoe,10
2017-03-01,O'Brien Men's Neoprene Life Vest,9
2017-03-01,Pelican Sunstream 100 Kayak,6
2017-03-01,Perfect Fitness Perfect Rip Deck,32
2017-03-01,Under Armour Girls' Toddler Spine Surge Runni,1
2017-03-01,Under Armour Hustle Storm Medium Duffle Bag,4
2017-03-01,Under Armour Women's Micro G Skulpt Running S,1
2017-03-02,Diamondback Women's Serene Classic Comfort Bi,8
2017-03-02,Field & Stream Sportsman 16 Gun Fire Safe,6
2017-03-02,Glove It Women's Imperial Golf Glove,3
2017-03-02,Nike Men's CJ Elite 2 TD Football Cleat,11
2017-03-02,Nike Men's Comfort 2 Slide,2
2017-03-02,Nike Men's Dri-FIT Victory Golf Polo,22
2017-03-02,Nike Men's Free 5.0+ Running Shoe,15
2017-03-02,O'Brien Men's Neoprene Life Vest,14
2017-03-02,Pelican Sunstream 100 Kayak,6
2017-03-02,Perfect Fitness Perfect Rip Deck,52
2017-03-02,Team Golf San Francisco Giants Putter Grip,2
2017-03-02,Under Armour Girls' Toddler Spine Surge Runni,12
2017-03-02,adidas Kids' F5 Messi FG Soccer Cleat,4
2017-03-03,Diamondback Women's Serene Classic Comfort Bi,9
2017-03-03,Field & Stream Sportsman 16 Gun Fire Safe,10
2017-03-03,Nike Dri-FIT Crew Sock 6 Pack,5
2017-03-03,Nike Men's CJ Elite 2 TD Football Cleat,4
2017-03-03,Nike Men's Dri-FIT Victory Golf Polo,49
2017-03-03,Nike Men's Free 5.0+ Running Shoe,18
2017-03-03,O'Brien Men's Neoprene Life Vest,25
2017-03-03,Pelican Sunstream 100 Kayak,19
2017-03-03,Perfect Fitness Perfect Rip Deck,56
2017-03-03,Team Golf San Francisco Giants Putter Grip,2
2017-03-03,Under Armour Girls' Toddler Spine Surge Runni,11
2017-03-03,Under Armour Kids' Mercenary Slide,2
2017-03-03,adidas Kids' F5 Messi FG Soccer Cleat,4
2017-03-03,adidas Men's Germany Black Crest Away Tee,4
2017-03-04,Bridgestone e6 Straight Distance NFL Carolina,3
2017-03-04,Diamondback Women's Serene Classic Comfort Bi,7
2017-03-04,Field & Stream Sportsman 16 Gun Fire Safe,7
2017-03-04,Glove It Women's Mod Oval 3-Zip Carry All Gol,5
2017-03-04,Hirzl Women's Hybrid Golf Glove,4
2017-03-04,Nike Men's CJ Elite 2 TD Football Cleat,6
2017-03-04,Nike Men's Dri-FIT Victory Golf Polo,24
2017-03-04,Nike Men's Free 5.0+ Running Shoe,1
2017-03-04,O'Brien Men's Neoprene Life Vest,9
2017-03-04,Pelican Sunstream 100 Kayak,5
2017-03-04,Perfect Fitness Perfect Rip Deck,34
2017-03-04,Team Golf Texas Longhorns Putter Grip,3
2017-03-04,Titleist Pro V1x High Numbers Personalized Go,3
2017-03-04,Under Armour Girls' Toddler Spine Surge Runni,11
2017-03-04,adidas Kids' F5 Messi FG Soccer Cleat,5
2017-03-05,Bridgestone e6 Straight Distance NFL Carolina,3
2017-03-05,Bridgestone e6 Straight Distance NFL San Dieg,7
2017-03-05,Diamondback Women's Serene Classic Comfort Bi,4
2017-03-05,ENO Atlas Hammock Straps,4
2017-03-05,Field & Stream Sportsman 16 Gun Fire Safe,4
2017-03-05,Glove It Imperial Golf Towel,1
2017-03-05,Glove It Urban Brick Golf Towel,4
2017-03-05,Glove It Women's Imperial Golf Glove,4
2017-03-05,Nike Dri-FIT Crew Sock 6 Pack,3
2017-03-05,Nike Men's CJ Elite 2 TD Football Cleat,5
2017-03-05,Nike Men's Dri-FIT Victory Golf Polo,17
2017-03-05,Nike Men's Free 5.0+ Running Shoe,1
2017-03-05,Nike Women's Tempo Shorts,1
2017-03-05,O'Brien Men's Neoprene Life Vest,20
2017-03-05,Pelican Sunstream 100 Kayak,7
2017-03-05,Perfect Fitness Perfect Rip Deck,13
2017-03-05,Team Golf Texas Longhorns Putter Grip,4
2017-03-05,Under Armour Girls' Toddler Spine Surge Runni,21
2017-03-05,Under Armour Hustle Storm Medium Duffle Bag,4
2017-03-05,Under Armour Kids' Mercenary Slide,5
2017-03-05,Under Armour Men's Tech II T-Shirt,5
2017-03-05,Under Armour Women's Ignite Slide,1
2017-03-06,Columbia Men's PFG Anchor Tough T-Shirt,2
2017-03-06,Diamondback Women's Serene Classic Comfort Bi,5
2017-03-06,Field & Stream Sportsman 16 Gun Fire Safe,2
2017-03-06,Nike Men's CJ Elite 2 TD Football Cleat,9
2017-03-06,Nike Men's Dri-FIT Victory Golf Polo,22
2017-03-06,Nike Men's Free 5.0+ Running Shoe,18
2017-03-06,Nike Women's Tempo Shorts,3
2017-03-06,O'Brien Men's Neoprene Life Vest,37
2017-03-06,Pelican Sunstream 100 Kayak,4
2017-03-06,Perfect Fitness Perfect Rip Deck,24
2017-03-06,Team Golf New England Patriots Putter Grip,2
2017-03-06,Team Golf Tennessee Volunteers Putter Grip,2
2017-03-06,Top Flite Women's 2014 XL Hybrid,5
2017-03-06,Under Armour Girls' Toddler Spine Surge Runni,10
2017-03-06,Under Armour Men's Compression EV SL Slide,1
2017-03-07,Bridgestone e6 Straight Distance NFL Tennesse,2
2017-03-07,Diamondback Women's Serene Classic Comfort Bi,3
2017-03-07,Field & Stream Sportsman 16 Gun Fire Safe,7
2017-03-07,Glove It Women's Mod Oval 3-Zip Carry All Gol,1
2017-03-07,Nike Men's CJ Elite 2 TD Football Cleat,15
2017-03-07,Nike Men's Deutschland Weltmeister Winners Bl,3
2017-03-07,Nike Men's Dri-FIT Victory Golf Polo,39
2017-03-07,Nike Men's Free 5.0+ Running Shoe,15
2017-03-07,O'Brien Men's Neoprene Life Vest,21
2017-03-07,Pelican Sunstream 100 Kayak,7
2017-03-07,Perfect Fitness Perfect Rip Deck,54
2017-03-07,Team Golf New England Patriots Putter Grip,5
2017-03-07,Team Golf Tennessee Volunteers Putter Grip,4
2017-03-07,Top Flite Women's 2014 XL Hybrid,3
2017-03-07,Under Armour Girls' Toddler Spine Surge Runni,16
2017-03-07,Under Armour Women's Ignite Slide,5
2017-03-07,adidas Youth Germany Black/Red Away Match Soc,2
2017-03-08,Diamondback Women's Serene Classic Comfort Bi,4
2017-03-08,Field & Stream Sportsman 16 Gun Fire Safe,5
2017-03-08,Nike Men's CJ Elite 2 TD Football Cleat,11
2017-03-08,Nike Men's Dri-FIT Victory Golf Polo,29
2017-03-08,Nike Men's Free 5.0+ Running Shoe,5
2017-03-08,O'Brien Men's Neoprene Life Vest,24
2017-03-08,Pelican Sunstream 100 Kayak,5
2017-03-08,Perfect Fitness Perfect Rip Deck,31
2017-03-08,Team Golf St. Louis Cardinals Putter Grip,3
2017-03-08,Team Golf Tennessee Volunteers Putter Grip,3
2017-03-08,Under Armour Girls' Toddler Spine Surge Runni,5
2017-03-08,Under Armour Women's Micro G Skulpt Running S,1
2017-03-09,Clicgear 8.0 Shoe Brush,1
2017-03-09,Columbia Men's PFG Anchor Tough T-Shirt,4
2017-03-09,Diamondback Women's Serene Classic Comfort Bi,8
2017-03-09,Field & Stream Sportsman 16 Gun Fire Safe,11
2017-03-09,Hirzl Women's Hybrid Golf Glove,3
2017-03-09,Nike Dri-FIT Crew Sock 6 Pack,5
2017-03-09,Nike Men's CJ Elite 2 TD Football Cleat,9
2017-03-09,Nike Men's Comfort 2 Slide,5
2017-03-09,Nike Men's Dri-FIT Victory Golf Polo,29
2017-03-09,Nike Men's Free 5.0+ Running Shoe,11
2017-03-09,Nike Women's Tempo Shorts,1
2017-03-09,O'Brien Men's Neoprene Life Vest,18
2017-03-09,Pelican Sunstream 100 Kayak,6
2017-03-09,Perfect Fitness Perfect Rip Deck,25
2017-03-09,Team Golf Texas Longhorns Putter Grip,3
2017-03-09,Under Armour Girls' Toddler Spine Surge Runni,13
2017-03-09,Under Armour Men's Tech II T-Shirt,4
2017-03-09,Under Armour Women's Micro G Skulpt Running S,5
2017-03-09,adidas Youth Germany Black/Red Away Match Soc,7
2017-03-10,Bridgestone e6 Straight Distance NFL San Dieg,4
2017-03-10,Diamondback Women's Serene Classic Comfort Bi,3
2017-03-10,Field & Stream Sportsman 16 Gun Fire Safe,3
2017-03-10,Glove It Imperial Golf Towel,7
2017-03-10,Glove It Urban Brick Golf Towel,4
2017-03-10,Glove It Women's Mod Oval Golf Glove,3
2017-03-10,Hirzl Women's Hybrid Golf Glove,5
2017-03-10,Nike Men's CJ Elite 2 TD Football Cleat,10
2017-03-10,Nike Men's Dri-FIT Victory Golf Polo,20
2017-03-10,Nike Men's Free 5.0+ Running Shoe,21
2017-03-10,O'Brien Men's Neoprene Life Vest,20
2017-03-10,Pelican Sunstream 100 Kayak,5
2017-03-10,Perfect Fitness Perfect Rip Deck,26
2017-03-10,Team Golf San Francisco Giants Putter Grip,5
2017-03-10,Titleist Pro V1 High Numbers Personalized Gol,5
2017-03-10,Under Armour Girls' Toddler Spine Surge Runni,12
2017-03-11,Clicgear Rovic Cooler Bag,1
2017-03-11,Diamondback Women's Serene Classic Comfort Bi,2
2017-03-11,Field & Stream Sportsman 16 Gun Fire Safe,3
2017-03-11,LIJA Women's Eyelet Sleeveless Golf Polo,2
2017-03-11,Nike Men's CJ Elite 2 TD Football Cleat,3
2017-03-11,Nike Men's Dri-FIT Victory Golf Polo,10
2017-03-11,Nike Men's Free 5.0+ Running Shoe,14
2017-03-11,O'Brien Men's Neoprene Life Vest,21
2017-03-11,Pelican Sunstream 100 Kayak,2
2017-03-11,Perfect Fitness Perfect Rip Deck,46
2017-03-11,Under Armour Girls' Toddler Spine Surge Runni,14
2017-03-11,Under Armour Men's Tech II T-Shirt,2
2017-03-11,Under Armour Women's Ignite Slide,3
2017-03-11,adidas Kids' F5 Messi FG Soccer Cleat,5
2017-03-11,adidas Youth Germany Black/Red Away Match Soc,2
2017-03-12,Bridgestone e6 Straight Distance NFL Tennesse,4
2017-03-12,Clicgear 8.0 Shoe Brush,3
2017-03-12,Diamondback Women's Serene Classic Comfort Bi,4
2017-03-12,Field & Stream Sportsman 16 Gun Fire Safe,8
2017-03-12,Glove It Women's Imperial Golf Glove,7
2017-03-12,Nike Men's CJ Elite 2 TD Football Cleat,12
2017-03-12,Nike Men's Comfort 2 Slide,2
2017-03-12,Nike Men's Dri-FIT Victory Golf Polo,49
2017-03-12,Nike Men's Free 5.0+ Running Shoe,19
2017-03-12,Nike Women's Tempo Shorts,5
2017-03-12,O'Brien Men's Neoprene Life Vest,39
2017-03-12,Pelican Sunstream 100 Kayak,10
2017-03-12,Perfect Fitness Perfect Rip Deck,33
2017-03-12,Titleist Pro V1 High Numbers Personalized Gol,2
2017-03-12,Titleist Pro V1x High Numbers Personalized Go,4
2017-03-12,Under Armour Girls' Toddler Spine Surge Runni,10
2017-03-12,Under Armour Men's Compression EV SL Slide,4
2017-03-13,Diamondback Women's Serene Classic Comfort Bi,6
2017-03-13,Field & Stream Sportsman 16 Gun Fire Safe,7
2017-03-13,Nike Men's CJ Elite 2 TD Football Cleat,4
2017-03-13,Nike Men's Dri-FIT Victory Golf Polo,11
2017-03-13,Nike Men's Free 5.0+ Running Shoe,10
2017-03-13,O'Brien Men's Neoprene Life Vest,11
2017-03-13,Pelican Sunstream 100 Kayak,3
2017-03-13,Perfect Fitness Perfect Rip Deck,28
2017-03-13,Team Golf San Francisco Giants Putter Grip,2
2017-03-13,Top Flite Women's 2014 XL Hybrid,1
2017-03-13,Under Armour Girls' Toddler Spine Surge Runni,22
2017-03-13,Under Armour Men's Compression EV SL Slide,5
2017-03-13,Under Armour Men's Tech II T-Shirt,3
2017-03-13,adidas Men's Germany Black Crest Away Tee,1
2017-03-14,Bag Boy Beverage Holder,2
2017-03-14,Diamondback Women's Serene Classic Comfort Bi,7
2017-03-14,Field & Stream Sportsman 16 Gun Fire Safe,4
2017-03-14,Glove It Urban Brick Golf Towel,5
2017-03-14,Glove It Women's Mod Oval 3-Zip Carry All Gol,5
2017-03-14,Nike Men's CJ Elite 2 TD Football Cleat,12
2017-03-14,Nike Men's Dri-FIT Victory Golf Polo,11
2017-03-14,Nike Men's Free 5.0+ Running Shoe,22
2017-03-14,O'Brien Men's Neoprene Life Vest,21
2017-03-14,Pelican Sunstream 100 Kayak,4
2017-03-14,Perfect Fitness Perfect Rip Deck,32
2017-03-14,Team Golf St. Louis Cardinals Putter Grip,2
2017-03-14,Team Golf Texas Longhorns Putter Grip,1
2017-03-14,Under Armour Girls' Toddler Spine Surge Runni,1
2017-03-14,Under Armour Women's Ignite Slide,5
2017-03-15,Clicgear 8.0 Shoe Brush,3
2017-03-15,Diamondback Women's Serene Classic Comfort Bi,4
2017-03-15,Field & Stream Sportsman 16 Gun Fire Safe,5
2017-03-15,Nike Men's CJ Elite 2 TD Football Cleat,6
2017-03-15,Nike Men's Dri-FIT Victory Golf Polo,20
2017-03-15,Nike Men's Free 5.0+ Running Shoe,13
2017-03-15,O'Brien Men's Neoprene Life Vest,28
2017-03-15,Pelican Sunstream 100 Kayak,12
2017-03-15,Perfect Fitness Perfect Rip Deck,20
2017-03-15,TYR Boys' Team Digi Jammer,1
2017-03-15,Titleist Pro V1x High Numbers Golf Balls,5
2017-03-15,Under Armour Girls' Toddler Spine Surge Runni,3
2017-03-15,adidas Kids' F5 Messi FG Soccer Cleat,3
2017-03-16,Bag Boy Beverage Holder,1
2017-03-16,Bridgestone e6 Straight Distance NFL Carolina,2
2017-03-16,Diamondback Women's Serene Classic Comfort Bi,9
2017-03-16,Field & Stream Sportsman 16 Gun Fire Safe,9
2017-03-16,Glove It Women's Mod Oval 3-Zip Carry All Gol,4
2017-03-16,Nike Men's CJ Elite 2 TD Football Cleat,11
2017-03-16,Nike Men's Comfort 2 Slide,4
2017-03-16,Nike Men's Dri-FIT Victory Golf Polo,41
2017-03-16,Nike Men's Free 5.0+ Running Shoe,23
2017-03-16,O'Brien Men's Neoprene Life Vest,43
2017-03-16,Pelican Sunstream 100 Kayak,8
2017-03-16,Perfect Fitness Perfect Rip Deck,44
2017-03-16,Team Golf Texas Longhorns Putter Grip,3
2017-03-16,Titleist Pro V1x High Numbers Personalized Go,4
2017-03-16,Under Armour Girls' Toddler Spine Surge Runni,14
2017-03-17,Bag Boy Beverage Holder,4
2017-03-17,Clicgear Rovic Cooler Bag,4
2017-03-17,Columbia Men's PFG Anchor Tough T-Shirt,1
2017-03-17,Diamondback Women's Serene Classic Comfort Bi,5
2017-03-17,Field & Stream Sportsman 16 Gun Fire Safe,5
2017-03-17,Hirzl Men's Hybrid Golf Glove,3
2017-03-17,Nike Men's CJ Elite 2 TD Football Cleat,9
2017-03-17,Nike Men's Dri-FIT Victory Golf Polo,26
2017-03-17,Nike Men's Free 5.0+ Running Shoe,15
2017-03-17,O'Brien Men's Neoprene Life Vest,23
2017-03-17,Pelican Sunstream 100 Kayak,7
2017-03-17,Perfect Fitness Perfect Rip Deck,32
2017-03-17,Team Golf San Francisco Giants Putter Grip,3
2017-03-17,Titleist Pro V1x Golf Balls,6
2017-03-17,Under Armour Girls' Toddler Spine Surge Runni,26
2017-03-18,Bridgestone e6 Straight Distance NFL San Dieg,4
2017-03-18,Diamondback Women's Serene Classic Comfort Bi,3
2017-03-18,Field & Stream Sportsman 16 Gun Fire Safe,4
2017-03-18,Glove It Women's Mod Oval 3-Zip Carry All Gol,5
2017-03-18,Hirzl Men's Hybrid Golf Glove,2
2017-03-18,Nike Men's CJ Elite 2 TD Football Cleat,13
2017-03-18,Nike Men's Dri-FIT Victory Golf Polo,17
2017-03-18,Nike Men's Free 5.0+ Running Shoe,24
2017-03-18,O'Brien Men's Neoprene Life Vest,20
2017-03-18,Pelican Sunstream 100 Kayak,9
2017-03-18,Perfect Fitness Perfect Rip Deck,53
2017-03-18,Team Golf San Francisco Giants Putter Grip,2
2017-03-18,Titleist Pro V1 High Numbers Personalized Gol,2
2017-03-18,Titleist Pro V1x Golf Balls,3
2017-03-18,Under Armour Girls' Toddler Spine Surge Runni,5
2017-03-18,Under Armour Men's Compression EV SL Slide,5
2017-03-19,Diamondback Women's Serene Classic Comfort Bi,9
2017-03-19,Field & Stream Sportsman 16 Gun Fire Safe,12
2017-03-19,Glove It Imperial Golf Towel,2
2017-03-19,Hirzl Women's Hybrid Golf Glove,2
2017-03-19,Nike Men's CJ Elite 2 TD Football Cleat,13
2017-03-19,Nike Men's Dri-FIT Victory Golf Polo,41
2017-03-19,Nike Men's Free 5.0+ Running Shoe,14
2017-03-19,Nike Women's Tempo Shorts,2
2017-03-19,O'Brien Men's Neoprene Life Vest,15
2017-03-19,Pelican Sunstream 100 Kayak,10
2017-03-19,Perfect Fitness Perfect Rip Deck,53
2017-03-19,TYR Boys' Team Digi Jammer,2
2017-03-19,Team Golf New England Patriots Putter Grip,4
2017-03-19,Team Golf Pittsburgh Steelers Putter Grip,1
2017-03-19,Team Golf Tennessee Volunteers Putter Grip,2
2017-03-19,Titleist Pro V1 High Numbers Personalized Gol,1
2017-03-19,Titleist Pro V1x Golf Balls,3
2017-03-19,Under Armour Girls' Toddler Spine Surge Runni,8
2017-03-19,Under Armour Women's Ignite PIP VI Slide,4
2017-03-20,Diamondback Women's Serene Classic Comfort Bi,8
2017-03-20,Field & Stream Sportsman 16 Gun Fire Safe,8
2017-03-20,Glove It Imperial Golf Towel,1
2017-03-20,Hirzl Men's Hybrid Golf Glove,2
2017-03-20,Nike Dri-FIT Crew Sock 6 Pack,3
2017-03-20,Nike Men's CJ Elite 2 TD Football Cleat,16
2017-03-20,Nike Men's Dri-FIT Victory Golf Polo,39
2017-03-20,Nike Men's Free 5.0+ Running Shoe,7
2017-03-20,Nike Women's Tempo Shorts,4
2017-03-20,O'Brien Men's Neoprene Life Vest,14
2017-03-20,Pelican Sunstream 100 Kayak,6
2017-03-20,Perfect Fitness Perfect Rip Deck,34
2017-03-20,Team Golf New England Patriots Putter Grip,4
2017-03-20,Under Armour Girls' Toddler Spine Surge Runni,21
2017-03-20,adidas Kids' F5 Messi FG Soccer Cleat,2
2017-03-20,adidas Men's Germany Black Crest Away Tee,1
2017-03-20,adidas Youth Germany Black/Red Away Match Soc,5
2017-03-21,Bridgestone e6 Straight Distance NFL Carolina,1
2017-03-21,Clicgear Rovic Cooler Bag,4
2017-03-21,Diamondback Women's Serene Classic Comfort Bi,4
2017-03-21,ENO Atlas Hammock Straps,4
2017-03-21,Field & Stream Sportsman 16 Gun Fire Safe,3
2017-03-21,Nike Men's CJ Elite 2 TD Football Cleat,12
2017-03-21,Nike Men's Dri-FIT Victory Golf Polo,6
2017-03-21,Nike Men's Free 5.0+ Running Shoe,20
2017-03-21,O'Brien Men's Neoprene Life Vest,26
2017-03-21,Pelican Sunstream 100 Kayak,9
2017-03-21,Perfect Fitness Perfect Rip Deck,39
2017-03-21,Team Golf Pittsburgh Steelers Putter Grip,5
2017-03-21,Under Armour Girls' Toddler Spine Surge Runni,12
2017-03-21,Under Armour Kids' Mercenary Slide,4
2017-03-21,Under Armour Women's Ignite Slide,2
2017-03-21,adidas Men's F10 Messi TRX FG Soccer Cleat,3
2017-03-22,Bridgestone e6 Straight Distance NFL Tennesse,2
2017-03-22,Columbia Men's PFG Anchor Tough T-Shirt,3
2017-03-22,Diamondback Women's Serene Classic Comfort Bi,7
2017-03-22,Field & Stream Sportsman 16 Gun Fire Safe,6
2017-03-22,Glove It Imperial Golf Towel,2
2017-03-22,Glove It Urban Brick Golf Towel,3
2017-03-22,Nike Men's CJ Elite 2 TD Football Cleat,10
2017-03-22,Nike Men's Dri-FIT Victory Golf Polo,35
2017-03-22,Nike Men's Free 5.0+ Running Shoe,14
2017-03-22,Nike Women's Tempo Shorts,5
2017-03-22,O'Brien Men's Neoprene Life Vest,12
2017-03-22,Pelican Sunstream 100 Kayak,11
2017-03-22,Perfect Fitness Perfect Rip Deck,10
2017-03-22,Titleist Pro V1 High Numbers Personalized Gol,1
2017-03-22,Under Armour Girls' Toddler Spine Surge Runni,5
2017-03-22,adidas Kids' F5 Messi FG Soccer Cleat,5
2017-03-22,adidas Youth Germany Black/Red Away Match Soc,3
2017-03-23,Columbia Men's PFG Anchor Tough T-Shirt,5
2017-03-23,Diamondback Women's Serene Classic Comfort Bi,8
2017-03-23,Field & Stream Sportsman 16 Gun Fire Safe,7
2017-03-23,Hirzl Men's Hybrid Golf Glove,3
2017-03-23,Hirzl Women's Hybrid Golf Glove,8
2017-03-23,LIJA Women's Eyelet Sleeveless Golf Polo,4
2017-03-23,Nike Men's CJ Elite 2 TD Football Cleat,9
2017-03-23,Nike Men's Dri-FIT Victory Golf Polo,43
2017-03-23,Nike Men's Free 5.0+ Running Shoe,14
2017-03-23,O'Brien Men's Neoprene Life Vest,41
2017-03-23,Pelican Sunstream 100 Kayak,3
2017-03-23,Perfect Fitness Perfect Rip Deck,33
2017-03-23,Titleist Pro V1x High Numbers Golf Balls,2
2017-03-23,Under Armour Girls' Toddler Spine Surge Runni,32
2017-03-24,Diamondback Women's Serene Classic Comfort Bi,4
2017-03-24,Field & Stream Sportsman 16 Gun Fire Safe,10
2017-03-24,Nike Men's CJ Elite 2 TD Football Cleat,8
2017-03-24,Nike Men's Dri-FIT Victory Golf Polo,31
2017-03-24,Nike Men's Free 5.0+ Running Shoe,21
2017-03-24,O'Brien Men's Neoprene Life Vest,19
2017-03-24,Pelican Sunstream 100 Kayak,8
2017-03-24,Perfect Fitness Perfect Rip Deck,21
2017-03-24,TYR Boys' Team Digi Jammer,2
2017-03-24,Team Golf Texas Longhorns Putter Grip,4
2017-03-24,Under Armour Girls' Toddler Spine Surge Runni,7
2017-03-24,Under Armour Hustle Storm Medium Duffle Bag,4
2017-03-24,Under Armour Men's Tech II T-Shirt,1
2017-03-25,Diamondback Women's Serene Classic Comfort Bi,10
2017-03-25,Field & Stream Sportsman 16 Gun Fire Safe,8
2017-03-25,Glove It Imperial Golf Towel,3
2017-03-25,Hirzl Men's Hybrid Golf Glove,4
2017-03-25,Nike Dri-FIT Crew Sock 6 Pack,1
2017-03-25,Nike Men's CJ Elite 2 TD Football Cleat,8
2017-03-25,Nike Men's Dri-FIT Victory Golf Polo,19
2017-03-25,Nike Men's Free 5.0+ Running Shoe,17
2017-03-25,O'Brien Men's Neoprene Life Vest,14
2017-03-25,Pelican Sunstream 100 Kayak,6
2017-03-25,Perfect Fitness Perfect Rip Deck,24
2017-03-25,Under Armour Girls' Toddler Spine Surge Runni,16
2017-03-25,Under Armour Kids' Mercenary Slide,1
2017-03-25,adidas Kids' F5 Messi FG Soccer Cleat,2
2017-03-25,adidas Men's F10 Messi TRX FG Soccer Cleat,5
2017-03-26,Bridgestone e6 Straight Distance NFL San Dieg,5
2017-03-26,Diamondback Women's Serene Classic Comfort Bi,2
2017-03-26,Field & Stream Sportsman 16 Gun Fire Safe,7
2017-03-26,LIJA Women's Eyelet Sleeveless Golf Polo,2
2017-03-26,Nike Men's CJ Elite 2 TD Football Cleat,11
2017-03-26,Nike Men's Dri-FIT Victory Golf Polo,38
2017-03-26,Nike Men's Free 5.0+ Running Shoe,11
2017-03-26,O'Brien Men's Neoprene Life Vest,3
2017-03-26,Pelican Sunstream 100 Kayak,5
2017-03-26,Perfect Fitness Perfect Rip Deck,12
2017-03-26,Titleist Pro V1x Golf Balls,4
2017-03-26,Under Armour Girls' Toddler Spine Surge Runni,6
2017-03-26,Under Armour Hustle Storm Medium Duffle Bag,2
2017-03-26,Under Armour Men's Tech II T-Shirt,5
2017-03-27,Columbia Men's PFG Anchor Tough T-Shirt,5
2017-03-27,Diamondback Women's Serene Classic Comfort Bi,4
2017-03-27,ENO Atlas Hammock Straps,1
2017-03-27,Field & Stream Sportsman 16 Gun Fire Safe,6
2017-03-27,Nike Men's CJ Elite 2 TD Football Cleat,12
2017-03-27,Nike Men's Dri-FIT Victory Golf Polo,32
2017-03-27,Nike Men's Free 5.0+ Running Shoe,1
2017-03-27,Nike Women's Tempo Shorts,6
2017-03-27,O'Brien Men's Neoprene Life Vest,18
2017-03-27,Pelican Sunstream 100 Kayak,3
2017-03-27,Perfect Fitness Perfect Rip Deck,11
2017-03-27,Team Golf New England Patriots Putter Grip,3
2017-03-27,Titleist Pro V1x Golf Balls,9
2017-03-27,Titleist Pro V1x High Numbers Personalized Go,3
2017-03-27,Under Armour Girls' Toddler Spine Surge Runni,16
2017-03-27,adidas Kids' F5 Messi FG Soccer Cleat,1
2017-03-28,Diamondback Women's Serene Classic Comfort Bi,6
2017-03-28,Field & Stream Sportsman 16 Gun Fire Safe,5
2017-03-28,Nike Men's CJ Elite 2 TD Football Cleat,7
2017-03-28,Nike Men's Dri-FIT Victory Golf Polo,31
2017-03-28,Nike Men's Free 5.0+ Running Shoe,5
2017-03-28,O'Brien Men's Neoprene Life Vest,37
2017-03-28,Pelican Sunstream 100 Kayak,7
2017-03-28,Perfect Fitness Perfect Rip Deck,20
2017-03-28,Team Golf New England Patriots Putter Grip,4
2017-03-28,Titleist Pro V1x Golf Balls,3
2017-03-28,Titleist Pro V1x High Numbers Golf Balls,5
2017-03-28,Under Armour Girls' Toddler Spine Surge Runni,30
2017-03-29,Bag Boy Beverage Holder,3
2017-03-29,Clicgear 8.0 Shoe Brush,5
2017-03-29,Diamondback Women's Serene Classic Comfort Bi,4
2017-03-29,Field & Stream Sportsman 16 Gun Fire Safe,6
2017-03-29,Glove It Women's Imperial Golf Glove,1
2017-03-29,Nike Men's CJ Elite 2 TD Football Cleat,13
2017-03-29,Nike Men's Dri-FIT Victory Golf Polo,30
2017-03-29,Nike Men's Free 5.0+ Running Shoe,8
2017-03-29,O'Brien Men's Neoprene Life Vest,41
2017-03-29,Pelican Sunstream 100 Kayak,12
2017-03-29,Perfect Fitness Perfect Rip Deck,58
2017-03-29,Team Golf Tennessee Volunteers Putter Grip,2
2017-03-29,Under Armour Girls' Toddler Spine Surge Runni,4
2017-03-29,adidas Kids' F5 Messi FG Soccer Cleat,1
2017-03-30,Diamondback Women's Serene Classic Comfort Bi,3
2017-03-30,ENO Atlas Hammock Straps,4
2017-03-30,Field & Stream Sportsman 16 Gun Fire Safe,11
2017-03-30,Nike Men's CJ Elite 2 TD Football Cleat,13
2017-03-30,Nike Men's Dri-FIT Victory Golf Polo,27
2017-03-30,Nike Men's Free 5.0+ Running Shoe,16
2017-03-30,O'Brien Men's Neoprene Life Vest,31
2017-03-30,Pelican Sunstream 100 Kayak,8
2017-03-30,Perfect Fitness Perfect Rip Deck,17
2017-03-30,TYR Boys' Team Digi Jammer,5
2017-03-30,Team Golf New England Patriots Putter Grip,5
2017-03-30,Team Golf Tennessee Volunteers Putter Grip,4
2017-03-30,Titleist Pro V1x Golf Balls,2
2017-03-30,Under Armour Girls' Toddler Spine Surge Runni,22
2017-03-30,adidas Kids' F5 Messi FG Soccer Cleat,1
2017-03-31,Diamondback Women's Serene Classic Comfort Bi,1
2017-03-31,Field & Stream Sportsman 16 Gun Fire Safe,4
2017-03-31,Nike Dri-FIT Crew Sock 6 Pack,5
2017-03-31,Nike Men's CJ Elite 2 TD Football Cleat,7
2017-03-31,Nike Men's Deutschland Weltmeister Winners Bl,4
2017-03-31,Nike Men's Dri-FIT Victory Golf Polo,15
2017-03-31,Nike Men's Free 5.0+ Running Shoe,6
2017-03-31,O'Brien Men's Neoprene Life Vest,12
2017-03-31,Pelican Sunstream 100 Kayak,5
2017-03-31,Perfect Fitness Perfect Rip Deck,15
2017-03-31,TYR Boys' Team Digi Jammer,5
2017-03-31,Titleist Pro V1 High Numbers Personalized Gol,3
2017-03-31,Under Armour Girls' Toddler Spine Surge Runni,8
2017-04-01,Bridgestone e6 Straight Distance NFL San Dieg,1
2017-04-01,Diamondback Women's Serene Classic Comfort Bi,5
2017-04-01,Field & Stream Sportsman 16 Gun Fire Safe,10
2017-04-01,Nike Men's CJ Elite 2 TD Football Cleat,14
2017-04-01,Nike Men's Dri-FIT Victory Golf Polo,21
2017-04-01,Nike Men's Free 5.0+ Running Shoe,21
2017-04-01,O'Brien Men's Neoprene Life Vest,56
2017-04-01,Pelican Sunstream 100 Kayak,9
2017-04-01,Perfect Fitness Perfect Rip Deck,34
2017-04-01,Team Golf St. Louis Cardinals Putter Grip,3
2017-04-01,Team Golf Texas Longhorns Putter Grip,2
2017-04-01,Under Armour Girls' Toddler Spine Surge Runni,6
2017-04-01,Under Armour Men's Compression EV SL Slide,1
2017-04-01,adidas Men's Germany Black Crest Away Tee,4
2017-04-02,Bridgestone e6 Straight Distance NFL Tennesse,5
2017-04-02,Clicgear 8.0 Shoe Brush,2
2017-04-02,Diamondback Women's Serene Classic Comfort Bi,9
2017-04-02,Field & Stream Sportsman 16 Gun Fire Safe,10
2017-04-02,LIJA Women's Eyelet Sleeveless Golf Polo,1
2017-04-02,Nike Men's CJ Elite 2 TD Football Cleat,8
2017-04-02,Nike Men's Dri-FIT Victory Golf Polo,35
2017-04-02,Nike Men's Free 5.0+ Running Shoe,27
2017-04-02,O'Brien Men's Neoprene Life Vest,38
2017-04-02,Pelican Sunstream 100 Kayak,11
2017-04-02,Perfect Fitness Perfect Rip Deck,39
2017-04-02,Team Golf San Francisco Giants Putter Grip,2
2017-04-02,Titleist Pro V1 High Numbers Personalized Gol,1
2017-04-02,Titleist Pro V1x High Numbers Personalized Go,4
2017-04-02,Under Armour Girls' Toddler Spine Surge Runni,10
2017-04-03,Bag Boy Beverage Holder,4
2017-04-03,Bridgestone e6 Straight Distance NFL Tennesse,4
2017-04-03,Diamondback Women's Serene Classic Comfort Bi,2
2017-04-03,Field & Stream Sportsman 16 Gun Fire Safe,7
2017-04-03,Glove It Imperial Golf Towel,5
2017-04-03,Glove It Women's Imperial Golf Glove,4
2017-04-03,Hirzl Women's Soffft Flex Golf Glove,1
2017-04-03,LIJA Women's Eyelet Sleeveless Golf Polo,1
2017-04-03,Nike Men's CJ Elite 2 TD Football Cleat,10
2017-04-03,Nike Men's Dri-FIT Victory Golf Polo,19
2017-04-03,Nike Men's Free 5.0+ Running Shoe,13
2017-04-03,O'Brien Men's Neoprene Life Vest,40
2017-04-03,Pelican Sunstream 100 Kayak,6
2017-04-03,Perfect Fitness Perfect Rip Deck,35
2017-04-03,Titleist Pro V1x High Numbers Personalized Go,4
2017-04-03,Top Flite Women's 2014 XL Hybrid,2
2017-04-03,Under Armour Girls' Toddler Spine Surge Runni,25
2017-04-04,Bag Boy Beverage Holder,4
2017-04-04,Diamondback Women's Serene Classic Comfort Bi,5
2017-04-04,Field & Stream Sportsman 16 Gun Fire Safe,12
2017-04-04,Glove It Urban Brick Golf Towel,1
2017-04-04,Hirzl Women's Hybrid Golf Glove,2
2017-04-04,Hirzl Women's Soffft Flex Golf Glove,3
2017-04-04,Nike Men's CJ Elite 2 TD Football Cleat,15
2017-04-04,Nike Men's Dri-FIT Victory Golf Polo,20
2017-04-04,Nike Men's Free 5.0+ Running Shoe,28
2017-04-04,O'Brien Men's Neoprene Life Vest,27
2017-04-04,Pelican Sunstream 100 Kayak,7
2017-04-04,Perfect Fitness Perfect Rip Deck,29
2017-04-04,Team Golf St. Louis Cardinals Putter Grip,4
2017-04-04,Titleist Pro V1 High Numbers Personalized Gol,2
2017-04-04,Titleist Pro V1x High Numbers Golf Balls,1
2017-04-04,Top Flite Women's 2014 XL Hybrid,2
2017-04-04,Under Armour Girls' Toddler Spine Surge Runni,26
2017-04-04,Under Armour Men's Tech II T-Shirt,1
2017-04-04,Under Armour Women's Ignite Slide,2
2017-04-05,Bridgestone e6 Straight Distance NFL San Dieg,5
2017-04-05,Diamondback Women's Serene Classic Comfort Bi,3
2017-04-05,Field & Stream Sportsman 16 Gun Fire Safe,4
2017-04-05,Hirzl Men's Hybrid Golf Glove,4
2017-04-05,Nike Men's CJ Elite 2 TD Football Cleat,4
2017-04-05,Nike Men's Dri-FIT Victory Golf Polo,5
2017-04-05,Nike Men's Free 5.0+ Running Shoe,24
2017-04-05,O'Brien Men's Neoprene Life Vest,24
2017-04-05,Pelican Sunstream 100 Kayak,2
2017-04-05,Perfect Fitness Perfect Rip Deck,19
2017-04-05,Team Golf New England Patriots Putter Grip,2
2017-04-05,Team Golf Pittsburgh Steelers Putter Grip,3
2017-04-05,Team Golf San Francisco Giants Putter Grip,4
2017-04-05,Top Flite Women's 2014 XL Hybrid,2
2017-04-05,Under Armour Girls' Toddler Spine Surge Runni,14
2017-04-05,Under Armour Men's Tech II T-Shirt,3
2017-04-05,Under Armour Women's Micro G Skulpt Running S,3
2017-04-05,adidas Men's F10 Messi TRX FG Soccer Cleat,4
2017-04-05,adidas Youth Germany Black/Red Away Match Soc,4
2017-04-06,Diamondback Women's Serene Classic Comfort Bi,2
2017-04-06,Field & Stream Sportsman 16 Gun Fire Safe,5
2017-04-06,Glove It Imperial Golf Towel,4
2017-04-06,Nike Men's CJ Elite 2 TD Football Cleat,6
2017-04-06,Nike Men's Comfort 2 Slide,3
2017-04-06,Nike Men's Dri-FIT Victory Golf Polo,13
2017-04-06,Nike Men's Free 5.0+ Running Shoe,10
2017-04-06,Nike Women's Legend V-Neck T-Shirt,1
2017-04-06,O'Brien Men's Neoprene Life Vest,19
2017-04-06,Pelican Sunstream 100 Kayak,5
2017-04-06,Perfect Fitness Perfect Rip Deck,30
2017-04-06,Team Golf San Francisco Giants Putter Grip,9
2017-04-06,Team Golf St. Louis Cardinals Putter Grip,2
2017-04-06,Team Golf Tennessee Volunteers Putter Grip,1
2017-04-06,Under Armour Girls' Toddler Spine Surge Runni,13
2017-04-06,Under Armour Hustle Storm Medium Duffle Bag,5
2017-04-07,Bridgestone e6 Straight Distance NFL San Dieg,5
2017-04-07,Diamondback Women's Serene Classic Comfort Bi,8
2017-04-07,ENO Atlas Hammock Straps,3
2017-04-07,Field & Stream Sportsman 16 Gun Fire Safe,11
2017-04-07,LIJA Women's Eyelet Sleeveless Golf Polo,2
2017-04-07,Nike Men's CJ Elite 2 TD Football Cleat,15
2017-04-07,Nike Men's Dri-FIT Victory Golf Polo,32
2017-04-07,Nike Men's Free 5.0+ Running Shoe,12
2017-04-07,Nike Women's Legend V-Neck T-Shirt,2
2017-04-07,O'Brien Men's Neoprene Life Vest,23
2017-04-07,Pelican Sunstream 100 Kayak,5
2017-04-07,Perfect Fitness Perfect Rip Deck,24
2017-04-07,TYR Boys' Team Digi Jammer,3
2017-04-07,Under Armour Girls' Toddler Spine Surge Runni,13
2017-04-07,Under Armour Men's Tech II T-Shirt,1
2017-04-07,adidas Men's Germany Black Crest Away Tee,4
2017-04-08,Diamondback Women's Serene Classic Comfort Bi,2
2017-04-08,Field & Stream Sportsman 16 Gun Fire Safe,9
2017-04-08,Nike Men's CJ Elite 2 TD Football Cleat,11
2017-04-08,Nike Men's Dri-FIT Victory Golf Polo,17
2017-04-08,Nike Men's Free 5.0+ Running Shoe,6
2017-04-08,O'Brien Men's Neoprene Life Vest,4
2017-04-08,Pelican Sunstream 100 Kayak,8
2017-04-08,Perfect Fitness Perfect Rip Deck,26
2017-04-08,Team Golf Pittsburgh Steelers Putter Grip,2
2017-04-08,Under Armour Girls' Toddler Spine Surge Runni,15
2017-04-08,Under Armour Kids' Mercenary Slide,5
2017-04-08,adidas Men's F10 Messi TRX FG Soccer Cleat,5
2017-04-09,Clicgear 8.0 Shoe Brush,3
2017-04-09,Clicgear Rovic Cooler Bag,4
2017-04-09,Diamondback Women's Serene Classic Comfort Bi,3
2017-04-09,Field & Stream Sportsman 16 Gun Fire Safe,7
2017-04-09,Glove It Urban Brick Golf Towel,4
2017-04-09,Glove It Women's Mod Oval 3-Zip Carry All Gol,5
2017-04-09,LIJA Women's Eyelet Sleeveless Golf Polo,1
2017-04-09,Nike Men's CJ Elite 2 TD Football Cleat,4
2017-04-09,Nike Men's Deutschland Weltmeister Winners Bl,2
2017-04-09,Nike Men's Dri-FIT Victory Golf Polo,37
2017-04-09,Nike Men's Free 5.0+ Running Shoe,18
2017-04-09,Nike Women's Tempo Shorts,5
2017-04-09,O'Brien Men's Neoprene Life Vest,11
2017-04-09,Pelican Sunstream 100 Kayak,7
2017-04-09,Perfect Fitness Perfect Rip Deck,21
2017-04-09,TYR Boys' Team Digi Jammer,1
2017-04-09,Under Armour Girls' Toddler Spine Surge Runni,4
2017-04-09,Under Armour Women's Micro G Skulpt Running S,5
2017-04-10,Clicgear Rovic Cooler Bag,3
2017-04-10,Diamondback Women's Serene Classic Comfort Bi,6
2017-04-10,Field & Stream Sportsman 16 Gun Fire Safe,7
2017-04-10,Hirzl Men's Hybrid Golf Glove,4
2017-04-10,Nike Men's CJ Elite 2 TD Football Cleat,14
2017-04-10,Nike Men's Dri-FIT Victory Golf Polo,22
2017-04-10,Nike Men's Free 5.0+ Running Shoe,9
2017-04-10,O'Brien Men's Neoprene Life Vest,19
2017-04-10,Pelican Sunstream 100 Kayak,4
2017-04-10,Perfect Fitness Perfect Rip Deck,26
2017-04-10,Team Golf Texas Longhorns Putter Grip,1
2017-04-10,Under Armour Girls' Toddler Spine Surge Runni,21
2017-04-10,Under Armour Men's Compression EV SL Slide,2
2017-04-10,Under Armour Women's Ignite PIP VI Slide,3
2017-04-11,Columbia Men's PFG Anchor Tough T-Shirt,2
2017-04-11,Diamondback Women's Serene Classic Comfort Bi,6
2017-04-11,ENO Atlas Hammock Straps,4
2017-04-11,Field & Stream Sportsman 16 Gun Fire Safe,6
2017-04-11,Glove It Women's Imperial Golf Glove,5
2017-04-11,Nike Men's CJ Elite 2 TD Football Cleat,11
2017-04-11,Nike Men's Dri-FIT Victory Golf Polo,23
2017-04-11,Nike Men's Free 5.0+ Running Shoe,16
2017-04-11,O'Brien Men's Neoprene Life Vest,35
2017-04-11,Pelican Sunstream 100 Kayak,6
2017-04-11,Perfect Fitness Perfect Rip Deck,22
2017-04-11,Team Golf San Francisco Giants Putter Grip,5
2017-04-11,Team Golf Tennessee Volunteers Putter Grip,2
2017-04-11,Under Armour Girls' Toddler Spine Surge Runni,6
2017-04-11,Under Armour Women's Ignite PIP VI Slide,3
2017-04-12,Diamondback Women's Serene Classic Comfort Bi,8
2017-04-12,ENO Atlas Hammock Straps,4
2017-04-12,Field & Stream Sportsman 16 Gun Fire Safe,13
2017-04-12,Hirzl Women's Soffft Flex Golf Glove,2
2017-04-12,Nike Men's CJ Elite 2 TD Football Cleat,12
2017-04-12,Nike Men's Dri-FIT Victory Golf Polo,28
2017-04-12,Nike Men's Free 5.0+ Running Shoe,7
2017-04-12,O'Brien Men's Neoprene Life Vest,23
2017-04-12,Pelican Sunstream 100 Kayak,6
2017-04-12,Perfect Fitness Perfect Rip Deck,28
2017-04-12,Team Golf Pittsburgh Steelers Putter Grip,2
2017-04-12,Titleist Pro V1 High Numbers Personalized Gol,2
2017-04-12,Under Armour Girls' Toddler Spine Surge Runni,8
2017-04-12,adidas Men's Germany Black Crest Away Tee,2
2017-04-13,Diamondback Women's Serene Classic Comfort Bi,1
2017-04-13,Field & Stream Sportsman 16 Gun Fire Safe,7
2017-04-13,Nike Men's CJ Elite 2 TD Football Cleat,9
2017-04-13,Nike Men's Deutschland Weltmeister Winners Bl,1
2017-04-13,Nike Men's Dri-FIT Victory Golf Polo,18
2017-04-13,Nike Men's Free 5.0+ Running Shoe,17
2017-04-13,Nike Women's Tempo Shorts,2
2017-04-13,O'Brien Men's Neoprene Life Vest,23
2017-04-13,Pelican Sunstream 100 Kayak,7
2017-04-13,Perfect Fitness Perfect Rip Deck,23
2017-04-13,TYR Boys' Team Digi Jammer,3
2017-04-13,Under Armour Girls' Toddler Spine Surge Runni,8
2017-04-13,adidas Men's F10 Messi TRX FG Soccer Cleat,4
2017-04-14,Clicgear 8.0 Shoe Brush,2
2017-04-14,Diamondback Women's Serene Classic Comfort Bi,8
2017-04-14,ENO Atlas Hammock Straps,5
2017-04-14,Field & Stream Sportsman 16 Gun Fire Safe,10
2017-04-14,Nike Men's CJ Elite 2 TD Football Cleat,10
2017-04-14,Nike Men's Comfort 2 Slide,5
2017-04-14,Nike Men's Dri-FIT Victory Golf Polo,33
2017-04-14,Nike Men's Free 5.0+ Running Shoe,29
2017-04-14,O'Brien Men's Neoprene Life Vest,42
2017-04-14,Pelican Sunstream 100 Kayak,12
2017-04-14,Perfect Fitness Perfect Rip Deck,25
2017-04-14,Titleist Pro V1x Golf Balls,1
2017-04-14,Titleist Pro V1x High Numbers Personalized Go,6
2017-04-14,Top Flite Women's 2014 XL Hybrid,8
2017-04-14,Under Armour Girls' Toddler Spine Surge Runni,25
2017-04-14,Under Armour Women's Ignite Slide,2
2017-04-15,Diamondback Women's Serene Classic Comfort Bi,5
2017-04-15,Field & Stream Sportsman 16 Gun Fire Safe,2
2017-04-15,Nike Men's CJ Elite 2 TD Football Cleat,10
2017-04-15,Nike Men's Dri-FIT Victory Golf Polo,18
2017-04-15,Nike Men's Free 5.0+ Running Shoe,12
2017-04-15,O'Brien Men's Neoprene Life Vest,22
2017-04-15,Pelican Sunstream 100 Kayak,6
2017-04-15,Perfect Fitness Perfect Rip Deck,33
2017-04-15,Top Flite Women's 2014 XL Hybrid,2
2017-04-15,Under Armour Girls' Toddler Spine Surge Runni,20
2017-04-15,Under Armour Men's Tech II T-Shirt,1
2017-04-16,Clicgear Rovic Cooler Bag,3
2017-04-16,Diamondback Women's Serene Classic Comfort Bi,3
2017-04-16,ENO Atlas Hammock Straps,2
2017-04-16,Field & Stream Sportsman 16 Gun Fire Safe,1
2017-04-16,Nike Men's CJ Elite 2 TD Football Cleat,10
2017-04-16,Nike Men's Dri-FIT Victory Golf Polo,27
2017-04-16,Nike Men's Free 5.0+ Running Shoe,15
2017-04-16,O'Brien Men's Neoprene Life Vest,19
2017-04-16,Pelican Sunstream 100 Kayak,13
2017-04-16,Perfect Fitness Perfect Rip Deck,38
2017-04-16,Team Golf New England Patriots Putter Grip,3
2017-04-16,Team Golf San Francisco Giants Putter Grip,4
2017-04-16,Team Golf Texas Longhorns Putter Grip,1
2017-04-16,Titleist Pro V1 High Numbers Personalized Gol,2
2017-04-16,Titleist Pro V1x High Numbers Golf Balls,1
2017-04-16,Under Armour Girls' Toddler Spine Surge Runni,4
2017-04-16,adidas Men's F10 Messi TRX FG Soccer Cleat,1
2017-04-17,Clicgear 8.0 Shoe Brush,3
2017-04-17,Columbia Men's PFG Anchor Tough T-Shirt,6
2017-04-17,Diamondback Women's Serene Classic Comfort Bi,9
2017-04-17,Field & Stream Sportsman 16 Gun Fire Safe,8
2017-04-17,Glove It Urban Brick Golf Towel,2
2017-04-17,Nike Dri-FIT Crew Sock 6 Pack,1
2017-04-17,Nike Men's CJ Elite 2 TD Football Cleat,13
2017-04-17,Nike Men's Dri-FIT Victory Golf Polo,31
2017-04-17,Nike Men's Free 5.0+ Running Shoe,31
2017-04-17,Nike Women's Legend V-Neck T-Shirt,4
2017-04-17,O'Brien Men's Neoprene Life Vest,23
2017-04-17,Pelican Sunstream 100 Kayak,17
2017-04-17,Perfect Fitness Perfect Rip Deck,40
2017-04-17,Under Armour Girls' Toddler Spine Surge Runni,13
2017-04-17,Under Armour Men's Tech II T-Shirt,2
2017-04-17,Under Armour Women's Micro G Skulpt Running S,4
2017-04-17,adidas Men's F10 Messi TRX FG Soccer Cleat,1
2017-04-17,adidas Youth Germany Black/Red Away Match Soc,5
2017-04-18,Diamondback Women's Serene Classic Comfort Bi,11
2017-04-18,ENO Atlas Hammock Straps,3
2017-04-18,Field & Stream Sportsman 16 Gun Fire Safe,5
2017-04-18,Glove It Women's Imperial Golf Glove,5
2017-04-18,Nike Men's CJ Elite 2 TD Football Cleat,16
2017-04-18,Nike Men's Dri-FIT Victory Golf Polo,28
2017-04-18,Nike Men's Free 5.0+ Running Shoe,30
2017-04-18,O'Brien Men's Neoprene Life Vest,13
2017-04-18,Pelican Sunstream 100 Kayak,8
2017-04-18,Perfect Fitness Perfect Rip Deck,48
2017-04-18,Titleist Pro V1x High Numbers Personalized Go,2
2017-04-18,Under Armour Girls' Toddler Spine Surge Runni,10
2017-04-18,Under Armour Hustle Storm Medium Duffle Bag,3
2017-04-18,adidas Youth Germany Black/Red Away Match Soc,3
2017-04-19,Diamondback Women's Serene Classic Comfort Bi,12
2017-04-19,Field & Stream Sportsman 16 Gun Fire Safe,12
2017-04-19,Glove It Women's Imperial Golf Glove,4
2017-04-19,Glove It Women's Mod Oval Golf Glove,5
2017-04-19,Hirzl Women's Hybrid Golf Glove,2
2017-04-19,LIJA Women's Eyelet Sleeveless Golf Polo,5
2017-04-19,Nike Men's CJ Elite 2 TD Football Cleat,11
2017-04-19,Nike Men's Dri-FIT Victory Golf Polo,13
2017-04-19,Nike Men's Free 5.0+ Running Shoe,16
2017-04-19,O'Brien Men's Neoprene Life Vest,20
2017-04-19,Pelican Sunstream 100 Kayak,8
2017-04-19,Perfect Fitness Perfect Rip Deck,47
2017-04-19,Under Armour Girls' Toddler Spine Surge Runni,34
2017-04-19,Under Armour Women's Ignite Slide,2
2017-04-19,adidas Youth Germany Black/Red Away Match Soc,2
2017-04-20,Diamondback Women's Serene Classic Comfort Bi,2
2017-04-20,Field & Stream Sportsman 16 Gun Fire Safe,3
2017-04-20,Hirzl Men's Hybrid Golf Glove,3
2017-04-20,Nike Men's CJ Elite 2 TD Football Cleat,10
2017-04-20,Nike Men's Deutschland Weltmeister Winners Bl,4
2017-04-20,Nike Men's Dri-FIT Victory Golf Polo,20
2017-04-20,Nike Men's Free 5.0+ Running Shoe,12
2017-04-20,O'Brien Men's Neoprene Life Vest,17
2017-04-20,Pelican Sunstream 100 Kayak,2
2017-04-20,Perfect Fitness Perfect Rip Deck,46
2017-04-20,Top Flite Women's 2014 XL Hybrid,1
2017-04-20,Under Armour Girls' Toddler Spine Surge Runni,7
2017-04-20,adidas Youth Germany Black/Red Away Match Soc,1
2017-04-21,Bridgestone e6 Straight Distance NFL San Dieg,4
2017-04-21,Columbia Men's PFG Anchor Tough T-Shirt,4
2017-04-21,Diamondback Women's Serene Classic Comfort Bi,4
2017-04-21,Field & Stream Sportsman 16 Gun Fire Safe,8
2017-04-21,Glove It Women's Mod Oval Golf Glove,1
2017-04-21,Hirzl Men's Hybrid Golf Glove,2
2017-04-21,Hirzl Women's Hybrid Golf Glove,1
2017-04-21,Hirzl Women's Soffft Flex Golf Glove,2
2017-04-21,Nike Men's CJ Elite 2 TD Football Cleat,11
2017-04-21,Nike Men's Deutschland Weltmeister Winners Bl,3
2017-04-21,Nike Men's Dri-FIT Victory Golf Polo,36
2017-04-21,Nike Men's Free 5.0+ Running Shoe,20
2017-04-21,O'Brien Men's Neoprene Life Vest,23
2017-04-21,Pelican Sunstream 100 Kayak,5
2017-04-21,Perfect Fitness Perfect Rip Deck,46
2017-04-21,Team Golf Pittsburgh Steelers Putter Grip,3
2017-04-21,Team Golf Texas Longhorns Putter Grip,1
2017-04-21,Top Flite Women's 2014 XL Hybrid,2
2017-04-21,Under Armour Girls' Toddler Spine Surge Runni,7
2017-04-21,Under Armour Women's Ignite PIP VI Slide,2
2017-04-22,Clicgear Rovic Cooler Bag,4
2017-04-22,Diamondback Women's Serene Classic Comfort Bi,12
2017-04-22,Field & Stream Sportsman 16 Gun Fire Safe,12
2017-04-22,Glove It Imperial Golf Towel,2
2017-04-22,Glove It Women's Mod Oval 3-Zip Carry All Gol,2
2017-04-22,Glove It Women's Mod Oval Golf Glove,2
2017-04-22,Nike Men's CJ Elite 2 TD Football Cleat,13
2017-04-22,Nike Men's Dri-FIT Victory Golf Polo,32
2017-04-22,Nike Men's Free 5.0+ Running Shoe,25
2017-04-22,Nike Women's Tempo Shorts,1
2017-04-22,O'Brien Men's Neoprene Life Vest,35
2017-04-22,Pelican Sunstream 100 Kayak,8
2017-04-22,Perfect Fitness Perfect Rip Deck,34
2017-04-22,Team Golf New England Patriots Putter Grip,3
2017-04-22,Titleist Pro V1x High Numbers Golf Balls,5
2017-04-22,Under Armour Girls' Toddler Spine Surge Runni,35
2017-04-22,Under Armour Kids' Mercenary Slide,5
2017-04-22,Under Armour Women's Ignite PIP VI Slide,1
2017-04-22,adidas Kids' F5 Messi FG Soccer Cleat,5
2017-04-23,Cleveland Golf Women's 588 RTX CB Satin Chrom,1
2017-04-23,Diamondback Women's Serene Classic Comfort Bi,5
2017-04-23,Elevation Training Mask 2.0,4
2017-04-23,Field & Stream Sportsman 16 Gun Fire Safe,15
2017-04-23,LIJA Women's Button Golf Dress,1
2017-04-23,MDGolf Pittsburgh Penguins Putter,5
2017-04-23,Merrell Men's All Out Flash Trail Running Sho,1
2017-04-23,Nike Men's CJ Elite 2 TD Football Cleat,13
2017-04-23,Nike Men's Dri-FIT Victory Golf Polo,19
2017-04-23,Nike Men's Free 5.0+ Running Shoe,38
2017-04-23,Nike Men's Kobe IX Elite Low Basketball Shoe,1
2017-04-23,O'Brien Men's Neoprene Life Vest,48
2017-04-23,Pelican Sunstream 100 Kayak,6
2017-04-23,Perfect Fitness Perfect Rip Deck,29
2017-04-23,TaylorMade Women's RBZ SL Rescue,1
2017-04-23,Under Armour Girls' Toddler Spine Surge Runni,12
2017-04-23,insta-bed Neverflat Air Mattress,1
2017-04-24,Diamondback Women's Serene Classic Comfort Bi,8
2017-04-24,Field & Stream Sportsman 16 Gun Fire Safe,6
2017-04-24,GolfBuddy VT3 GPS Watch,1
2017-04-24,Merrell Men's All Out Flash Trail Running Sho,1
2017-04-24,Merrell Women's Siren Mid Waterproof Hiking B,1
2017-04-24,Nike Men's CJ Elite 2 TD Football Cleat,10
2017-04-24,Nike Men's Dri-FIT Victory Golf Polo,32
2017-04-24,Nike Men's Free 5.0+ Running Shoe,11
2017-04-24,O'Brien Men's Neoprene Life Vest,23
2017-04-24,Pelican Sunstream 100 Kayak,7
2017-04-24,Perfect Fitness Perfect Rip Deck,20
2017-04-24,The North Face Women's Recon Backpack,5
2017-04-24,Under Armour Girls' Toddler Spine Surge Runni,23
2017-04-24,Yakima DoubleDown Ace Hitch Mount 4-Bike Rack,1
2017-04-24,adidas Brazuca 2014 Official Match Ball,2
2017-04-25,Brooks Women's Ghost 6 Running Shoe,2
2017-04-25,Diamondback Women's Serene Classic Comfort Bi,4
2017-04-25,Field & Stream Sportsman 16 Gun Fire Safe,11
2017-04-25,Merrell Men's All Out Flash Trail Running Sho,1
2017-04-25,Mio ALPHA Heart Rate Monitor/Sport Watch,1
2017-04-25,Nike Men's CJ Elite 2 TD Football Cleat,7
2017-04-25,Nike Men's Dri-FIT Victory Golf Polo,36
2017-04-25,Nike Men's Free 5.0+ Running Shoe,18
2017-04-25,Nike Women's Free 5.0 TR FIT PRT 4 Training S,2
2017-04-25,O'Brien Men's Neoprene Life Vest,58
2017-04-25,Pelican Sunstream 100 Kayak,7
2017-04-25,Perfect Fitness Perfect Rip Deck,41
2017-04-25,Polar FT4 Heart Rate Monitor,1
2017-04-25,TaylorMade 2014 Purelite Stand Bag,1
2017-04-25,Under Armour Girls' Toddler Spine Surge Runni,23
2017-04-25,Yakima DoubleDown Ace Hitch Mount 4-Bike Rack,1
2017-04-25,insta-bed Neverflat Air Mattress,1
2017-04-26,Diamondback Women's Serene Classic Comfort Bi,6
2017-04-26,Field & Stream Sportsman 16 Gun Fire Safe,4
2017-04-26,LIJA Women's Mid-Length Panel Golf Shorts,1
2017-04-26,Mio ALPHA Heart Rate Monitor/Sport Watch,1
2017-04-26,Nike Kids' Grade School KD VI Basketball Shoe,5
2017-04-26,Nike Men's CJ Elite 2 TD Football Cleat,7
2017-04-26,Nike Men's Dri-FIT Victory Golf Polo,25
2017-04-26,Nike Men's Fingertrap Max Training Shoe,1
2017-04-26,Nike Men's Free 5.0+ Running Shoe,16
2017-04-26,O'Brien Men's Neoprene Life Vest,21
2017-04-26,Pelican Sunstream 100 Kayak,4
2017-04-26,Perfect Fitness Perfect Rip Deck,13
2017-04-26,Polar Loop Activity Tracker,1
2017-04-26,TaylorMade 2014 Purelite Stand Bag,1
2017-04-26,Titleist Small Wheeled Travel Cover,1
2017-04-26,Under Armour Girls' Toddler Spine Surge Runni,13
2017-04-27,Cleveland Golf Collegiate My Custom Wedge 588,2
2017-04-27,Cleveland Golf Women's 588 RTX CB Satin Chrom,1
2017-04-27,Diamondback Women's Serene Classic Comfort Bi,7
2017-04-27,Field & Stream Sportsman 16 Gun Fire Safe,6
2017-04-27,LIJA Women's Button Golf Dress,2
2017-04-27,Merrell Women's Grassbow Sport Hiking Shoe,2
2017-04-27,Nike Men's CJ Elite 2 TD Football Cleat,10
2017-04-27,Nike Men's Dri-FIT Victory Golf Polo,31
2017-04-27,Nike Men's Free 5.0+ Running Shoe,8
2017-04-27,O'Brien Men's Neoprene Life Vest,21
2017-04-27,Pelican Sunstream 100 Kayak,12
2017-04-27,Perfect Fitness Perfect Rip Deck,35
2017-04-27,TaylorMade 2014 Purelite Stand Bag,1
2017-04-27,Under Armour Girls' Toddler Spine Surge Runni,21
2017-04-27,Yakima DoubleDown Ace Hitch Mount 4-Bike Rack,1
2017-04-28,Diamondback Women's Serene Classic Comfort Bi,8
2017-04-28,Field & Stream Sportsman 16 Gun Fire Safe,7
2017-04-28,Garmin Approach S3 Golf GPS Watch,2
2017-04-28,Mio ALPHA Heart Rate Monitor/Sport Watch,1
2017-04-28,Nike Men's CJ Elite 2 TD Football Cleat,9
2017-04-28,Nike Men's Dri-FIT Victory Golf Polo,13
2017-04-28,Nike Men's Free 5.0+ Running Shoe,18
2017-04-28,Nike Women's Free 5.0 TR FIT PRT 4 Training S,5
2017-04-28,O'Brien Men's Neoprene Life Vest,22
2017-04-28,Pelican Sunstream 100 Kayak,3
2017-04-28,Perfect Fitness Perfect Rip Deck,31
2017-04-28,Polar FT4 Heart Rate Monitor,3
2017-04-28,Under Armour Girls' Toddler Spine Surge Runni,5
2017-04-28,adidas Brazuca 2014 Official Match Ball,1
2017-04-29,Cleveland Golf Women's 588 RTX CB Satin Chrom,1
2017-04-29,Diamondback Women's Serene Classic Comfort Bi,7
2017-04-29,Field & Stream Sportsman 16 Gun Fire Safe,5
2017-04-29,Garmin Approach S3 Golf GPS Watch,1
2017-04-29,LIJA Women's Button Golf Dress,1
2017-04-29,LIJA Women's Mid-Length Panel Golf Shorts,5
2017-04-29,Nike Men's CJ Elite 2 TD Football Cleat,7
2017-04-29,Nike Men's Dri-FIT Victory Golf Polo,35
2017-04-29,Nike Men's Free 5.0+ Running Shoe,24
2017-04-29,Nike Men's Free TR 5.0 TB Training Shoe,4
2017-04-29,O'Brien Men's Neoprene Life Vest,25
2017-04-29,Pelican Sunstream 100 Kayak,7
2017-04-29,Perfect Fitness Perfect Rip Deck,26
2017-04-29,Under Armour Girls' Toddler Spine Surge Runni,10
2017-04-30,Brooks Women's Ghost 6 Running Shoe,5
2017-04-30,Diamondback Women's Serene Classic Comfort Bi,4
2017-04-30,Field & Stream Sportsman 16 Gun Fire Safe,12
2017-04-30,Fitbit The One Wireless Activity & Sleep Trac,1
2017-04-30,MDGolf Pittsburgh Penguins Putter,4
2017-04-30,Merrell Women's Siren Mid Waterproof Hiking B,1
2017-04-30,Nike Men's CJ Elite 2 TD Football Cleat,12
2017-04-30,Nike Men's Dri-FIT Victory Golf Polo,23
2017-04-30,Nike Men's Free 5.0+ Running Shoe,23
2017-04-30,Nike Men's Kobe IX Elite Low Basketball Shoe,1
2017-04-30,O'Brien Men's Neoprene Life Vest,40
2017-04-30,Ogio Race Golf Shoes,1
2017-04-30,Pelican Sunstream 100 Kayak,6
2017-04-30,Perfect Fitness Perfect Rip Deck,55
2017-04-30,Polar Loop Activity Tracker,1
2017-04-30,Under Armour Girls' Toddler Spine Surge Runni,22
2017-05-01,Diamondback Women's Serene Classic Comfort Bi,13
2017-05-01,Elevation Training Mask 2.0,5
2017-05-01,Field & Stream Sportsman 16 Gun Fire Safe,10
2017-05-01,Nike Men's CJ Elite 2 TD Football Cleat,9
2017-05-01,Nike Men's Dri-FIT Victory Golf Polo,36
2017-05-01,Nike Men's Free 5.0+ Running Shoe,16
2017-05-01,O'Brien Men's Neoprene Life Vest,13
2017-05-01,Pelican Sunstream 100 Kayak,6
2017-05-01,Perfect Fitness Perfect Rip Deck,26
2017-05-01,The North Face Women's Recon Backpack,3
2017-05-01,Under Armour Girls' Toddler Spine Surge Runni,11
2017-05-01,adidas Brazuca 2014 Official Match Ball,1
2017-05-02,Diamondback Women's Serene Classic Comfort Bi,6
2017-05-02,Elevation Training Mask 2.0,5
2017-05-02,Field & Stream Sportsman 16 Gun Fire Safe,15
2017-05-02,Merrell Women's Grassbow Sport Hiking Shoe,2
2017-05-02,Merrell Women's Grassbow Sport Waterproof Hik,1
2017-05-02,Nike Kids' Grade School KD VI Basketball Shoe,1
2017-05-02,Nike Men's CJ Elite 2 TD Football Cleat,9
2017-05-02,Nike Men's Dri-FIT Victory Golf Polo,40
2017-05-02,Nike Men's Free 5.0+ Running Shoe,28
2017-05-02,Nike Men's Free TR 5.0 TB Training Shoe,4
2017-05-02,O'Brien Men's Neoprene Life Vest,22
2017-05-02,Pelican Sunstream 100 Kayak,8
2017-05-02,Perfect Fitness Perfect Rip Deck,36
2017-05-02,TaylorMade Women's RBZ SL Rescue,1
2017-05-02,The North Face Women's Recon Backpack,3
2017-05-02,Under Armour Girls' Toddler Spine Surge Runni,7
2017-05-02,adidas Brazuca 2014 Official Match Ball,1
2017-05-03,Cleveland Golf Collegiate My Custom Wedge 588,1
2017-05-03,Cleveland Golf Women's 588 RTX CB Satin Chrom,1
2017-05-03,Diamondback Women's Serene Classic Comfort Bi,4
2017-05-03,Elevation Training Mask 2.0,1
2017-05-03,Field & Stream Sportsman 16 Gun Fire Safe,9
2017-05-03,Merrell Women's Siren Mid Waterproof Hiking B,2
2017-05-03,Nike Kids' Grade School KD VI Basketball Shoe,3
2017-05-03,Nike Men's CJ Elite 2 TD Football Cleat,7
2017-05-03,Nike Men's Dri-FIT Victory Golf Polo,6
2017-05-03,Nike Men's Free 5.0+ Running Shoe,10
2017-05-03,Nike Men's Free TR 5.0 TB Training Shoe,3
2017-05-03,O'Brien Men's Neoprene Life Vest,37
2017-05-03,Pelican Sunstream 100 Kayak,7
2017-05-03,Perfect Fitness Perfect Rip Deck,39
2017-05-03,Under Armour Girls' Toddler Spine Surge Runni,11
2017-05-04,Diamondback Women's Serene Classic Comfort Bi,8
2017-05-04,Field & Stream Sportsman 16 Gun Fire Safe,8
2017-05-04,Merrell Women's Grassbow Sport Waterproof Hik,1
2017-05-04,Nike Men's CJ Elite 2 TD Football Cleat,13
2017-05-04,Nike Men's Dri-FIT Victory Golf Polo,33
2017-05-04,Nike Men's Free 5.0+ Running Shoe,19
2017-05-04,Nike Men's Kobe IX Elite Low Basketball Shoe,1
2017-05-04,O'Brien Men's Neoprene Life Vest,21
2017-05-04,Pelican Sunstream 100 Kayak,7
2017-05-04,Perfect Fitness Perfect Rip Deck,20
2017-05-04,TaylorMade Women's RBZ SL Rescue,1
2017-05-04,Under Armour Girls' Toddler Spine Surge Runni,30
2017-05-05,Brooks Women's Ghost 6 Running Shoe,5
2017-05-05,Diamondback Women's Serene Classic Comfort Bi,7
2017-05-05,Elevation Training Mask 2.0,3
2017-05-05,Field & Stream Sportsman 16 Gun Fire Safe,4
2017-05-05,GolfBuddy VT3 GPS Watch,1
2017-05-05,LIJA Women's Button Golf Dress,1
2017-05-05,Merrell Men's All Out Flash Trail Running Sho,1
2017-05-05,Merrell Women's Grassbow Sport Hiking Shoe,2
2017-05-05,Nike Men's CJ Elite 2 TD Football Cleat,11
2017-05-05,Nike Men's Dri-FIT Victory Golf Polo,53
2017-05-05,Nike Men's Free 5.0+ Running Shoe,2
2017-05-05,O'Brien Men's Neoprene Life Vest,36
2017-05-05,Pelican Sunstream 100 Kayak,7
2017-05-05,Perfect Fitness Perfect Rip Deck,23
2017-05-05,Polar Loop Activity Tracker,1
2017-05-05,TaylorMade White Smoke IN-12 Putter,2
2017-05-05,Titleist Small Wheeled Travel Cover,1
2017-05-05,Under Armour Girls' Toddler Spine Surge Runni,5
2017-05-06,Diamondback Women's Serene Classic Comfort Bi,5
2017-05-06,Field & Stream Sportsman 16 Gun Fire Safe,1
2017-05-06,GolfBuddy VT3 GPS Watch,1
2017-05-06,Merrell Women's Grassbow Sport Waterproof Hik,1
2017-05-06,Nike Men's CJ Elite 2 TD Football Cleat,14
2017-05-06,Nike Men's Dri-FIT Victory Golf Polo,25
2017-05-06,Nike Men's Fingertrap Max Training Shoe,1
2017-05-06,Nike Men's Free 5.0+ Running Shoe,27
2017-05-06,O'Brien Men's Neoprene Life Vest,33
2017-05-06,Pelican Sunstream 100 Kayak,8
2017-05-06,Perfect Fitness Perfect Rip Deck,24
2017-05-06,The North Face Women's Recon Backpack,4
2017-05-06,Under Armour Girls' Toddler Spine Surge Runni,20
2017-05-06,insta-bed Neverflat Air Mattress,1
2017-05-07,Bag Boy M330 Push Cart,5
2017-05-07,Brooks Women's Ghost 6 Running Shoe,3
2017-05-07,Cleveland Golf Women's 588 RTX CB Satin Chrom,1
2017-05-07,Diamondback Women's Serene Classic Comfort Bi,6
2017-05-07,Elevation Training Mask 2.0,5
2017-05-07,Field & Stream Sportsman 16 Gun Fire Safe,3
2017-05-07,Garmin Approach S3 Golf GPS Watch,1
2017-05-07,LIJA Women's Argyle Golf Polo,4
2017-05-07,LIJA Women's Mid-Length Panel Golf Shorts,1
2017-05-07,Nike Men's CJ Elite 2 TD Football Cleat,9
2017-05-07,Nike Men's Dri-FIT Victory Golf Polo,27
2017-05-07,Nike Men's Free 5.0+ Running Shoe,10
2017-05-07,O'Brien Men's Neoprene Life Vest,36
2017-05-07,Pelican Sunstream 100 Kayak,6
2017-05-07,Perfect Fitness Perfect Rip Deck,37
2017-05-07,Polar FT4 Heart Rate Monitor,7
2017-05-07,Polar Loop Activity Tracker,1
2017-05-07,insta-bed Neverflat Air Mattress,1
2017-05-08,Brooks Women's Ghost 6 Running Shoe,4
2017-05-08,Cleveland Golf Collegiate My Custom Wedge 588,1
2017-05-08,Diamondback Women's Serene Classic Comfort Bi,10
2017-05-08,Field & Stream Sportsman 16 Gun Fire Safe,10
2017-05-08,GolfBuddy VT3 GPS Watch,1
2017-05-08,LIJA Women's Argyle Golf Polo,3
2017-05-08,Merrell Women's Grassbow Sport Waterproof Hik,1
2017-05-08,Nike Men's CJ Elite 2 TD Football Cleat,7
2017-05-08,Nike Men's Dri-FIT Victory Golf Polo,17
2017-05-08,Nike Men's Free 5.0+ Running Shoe,26
2017-05-08,Nike Women's Free 5.0 TR FIT PRT 4 Training S,4
2017-05-08,O'Brien Men's Neoprene Life Vest,32
2017-05-08,Ogio Race Golf Shoes,1
2017-05-08,Pelican Sunstream 100 Kayak,4
2017-05-08,Perfect Fitness Perfect Rip Deck,41
2017-05-08,TaylorMade White Smoke IN-12 Putter,2
2017-05-08,TaylorMade Women's RBZ SL Rescue,1
2017-05-08,Under Armour Girls' Toddler Spine Surge Runni,25
2017-05-09,Diamondback Women's Serene Classic Comfort Bi,12
2017-05-09,Field & Stream Sportsman 16 Gun Fire Safe,7
2017-05-09,Garmin Approach S3 Golf GPS Watch,2
2017-05-09,LIJA Women's Argyle Golf Polo,4
2017-05-09,LIJA Women's Button Golf Dress,2
2017-05-09,Nike Men's CJ Elite 2 TD Football Cleat,19
2017-05-09,Nike Men's Dri-FIT Victory Golf Polo,24
2017-05-09,Nike Men's Free 5.0+ Running Shoe,14
2017-05-09,Nike Women's Free 5.0 TR FIT PRT 4 Training S,2
2017-05-09,O'Brien Men's Neoprene Life Vest,18
2017-05-09,Ogio Race Golf Shoes,1
2017-05-09,Pelican Sunstream 100 Kayak,14
2017-05-09,Perfect Fitness Perfect Rip Deck,29
2017-05-09,TaylorMade White Smoke IN-12 Putter,1
2017-05-09,Under Armour Girls' Toddler Spine Surge Runni,5
2017-05-10,Bag Boy M330 Push Cart,4
2017-05-10,Cleveland Golf Collegiate My Custom Wedge 588,1
2017-05-10,Diamondback Women's Serene Classic Comfort Bi,5
2017-05-10,Field & Stream Sportsman 16 Gun Fire Safe,5
2017-05-10,Merrell Men's All Out Flash Trail Running Sho,1
2017-05-10,Merrell Women's Siren Mid Waterproof Hiking B,1
2017-05-10,Nike Men's CJ Elite 2 TD Football Cleat,8
2017-05-10,Nike Men's Dri-FIT Victory Golf Polo,21
2017-05-10,Nike Men's Free 5.0+ Running Shoe,18
2017-05-10,Nike Men's Free TR 5.0 TB Training Shoe,4
2017-05-10,Nike Men's Kobe IX Elite Low Basketball Shoe,1
2017-05-10,O'Brien Men's Neoprene Life Vest,22
2017-05-10,Pelican Sunstream 100 Kayak,8
2017-05-10,Perfect Fitness Perfect Rip Deck,29
2017-05-10,Under Armour Girls' Toddler Spine Surge Runni,10
2017-05-11,Bag Boy M330 Push Cart,1
2017-05-11,Diamondback Women's Serene Classic Comfort Bi,9
2017-05-11,Field & Stream Sportsman 16 Gun Fire Safe,7
2017-05-11,LIJA Women's Button Golf Dress,1
2017-05-11,Mio ALPHA Heart Rate Monitor/Sport Watch,1
2017-05-11,Nike Men's CJ Elite 2 TD Football Cleat,14
2017-05-11,Nike Men's Dri-FIT Victory Golf Polo,15
2017-05-11,Nike Men's Free 5.0+ Running Shoe,16
2017-05-11,O'Brien Men's Neoprene Life Vest,31
2017-05-11,Pelican Sunstream 100 Kayak,9
2017-05-11,Perfect Fitness Perfect Rip Deck,36
2017-05-11,TaylorMade White Smoke IN-12 Putter,1
2017-05-11,TaylorMade Women's RBZ SL Rescue,1
2017-05-11,Under Armour Girls' Toddler Spine Surge Runni,3
2017-05-12,Diamondback Women's Serene Classic Comfort Bi,6
2017-05-12,Field & Stream Sportsman 16 Gun Fire Safe,8
2017-05-12,Garmin Approach S3 Golf GPS Watch,1
2017-05-12,LIJA Women's Mid-Length Panel Golf Shorts,3
2017-05-12,MDGolf Pittsburgh Penguins Putter,4
2017-05-12,Nike Kids' Grade School KD VI Basketball Shoe,3
2017-05-12,Nike Men's CJ Elite 2 TD Football Cleat,8
2017-05-12,Nike Men's Dri-FIT Victory Golf Polo,22
2017-05-12,Nike Men's Free 5.0+ Running Shoe,6
2017-05-12,O'Brien Men's Neoprene Life Vest,12
2017-05-12,Pelican Sunstream 100 Kayak,6
2017-05-12,Perfect Fitness Perfect Rip Deck,39
2017-05-12,TaylorMade 2014 Purelite Stand Bag,1
2017-05-12,TaylorMade White Smoke IN-12 Putter,4
2017-05-12,Under Armour Girls' Toddler Spine Surge Runni,24
2017-05-12,adidas Brazuca 2014 Official Match Ball,1
2017-05-13,Diamondback Women's Serene Classic Comfort Bi,6
2017-05-13,Field & Stream Sportsman 16 Gun Fire Safe,9
2017-05-13,Garmin Approach S3 Golf GPS Watch,1
2017-05-13,LIJA Women's Mid-Length Panel Golf Shorts,2
2017-05-13,Merrell Women's Grassbow Sport Hiking Shoe,3
2017-05-13,Merrell Women's Grassbow Sport Waterproof Hik,1
2017-05-13,Nike Men's CJ Elite 2 TD Football Cleat,14
2017-05-13,Nike Men's Dri-FIT Victory Golf Polo,30
2017-05-13,Nike Men's Free 5.0+ Running Shoe,27
2017-05-13,Nike Men's Kobe IX Elite Low Basketball Shoe,1
2017-05-13,O'Brien Men's Neoprene Life Vest,30
2017-05-13,Pelican Sunstream 100 Kayak,10
2017-05-13,Perfect Fitness Perfect Rip Deck,18
2017-05-13,Polar Loop Activity Tracker,3
2017-05-13,TaylorMade 2014 Purelite Stand Bag,2
2017-05-13,Under Armour Girls' Toddler Spine Surge Runni,28
2017-05-14,Diamondback Women's Serene Classic Comfort Bi,4
2017-05-14,Field & Stream Sportsman 16 Gun Fire Safe,7
2017-05-14,Merrell Men's All Out Flash Trail Running Sho,1
2017-05-14,Merrell Women's Grassbow Sport Hiking Shoe,2
2017-05-14,Nike Men's CJ Elite 2 TD Football Cleat,16
2017-05-14,Nike Men's Dri-FIT Victory Golf Polo,33
2017-05-14,Nike Men's Fingertrap Max Training Shoe,1
2017-05-14,Nike Men's Free 5.0+ Running Shoe,3
2017-05-14,O'Brien Men's Neoprene Life Vest,16
2017-05-14,Pelican Sunstream 100 Kayak,6
2017-05-14,Perfect Fitness Perfect Rip Deck,15
2017-05-14,Titleist Small Wheeled Travel Cover,2
2017-05-14,Under Armour Girls' Toddler Spine Surge Runni,3
2017-05-15,Bag Boy M330 Push Cart,2
2017-05-15,Cleveland Golf Collegiate My Custom Wedge 588,1
2017-05-15,Diamondback Women's Serene Classic Comfort Bi,6
2017-05-15,Field & Stream Sportsman 16 Gun Fire Safe,10
2017-05-15,Nike Kids' Grade School KD VI Basketball Shoe,1
2017-05-15,Nike Men's CJ Elite 2 TD Football Cleat,11
2017-05-15,Nike Men's Dri-FIT Victory Golf Polo,20
2017-05-15,Nike Men's Free 5.0+ Running Shoe,14
2017-05-15,O'Brien Men's Neoprene Life Vest,6
2017-05-15,Pelican Sunstream 100 Kayak,5
2017-05-15,Perfect Fitness Perfect Rip Deck,38
2017-05-15,The North Face Women's Recon Backpack,2
2017-05-15,Under Armour Girls' Toddler Spine Surge Runni,15
2017-05-16,Diamondback Women's Serene Classic Comfort Bi,6
2017-05-16,Field & Stream Sportsman 16 Gun Fire Safe,7
2017-05-16,LIJA Women's Button Golf Dress,1
2017-05-16,LIJA Women's Mid-Length Panel Golf Shorts,1
2017-05-16,Merrell Women's Siren Mid Waterproof Hiking B,2
2017-05-16,Nike Kids' Grade School KD VI Basketball Shoe,7
2017-05-16,Nike Men's CJ Elite 2 TD Football Cleat,7
2017-05-16,Nike Men's Dri-FIT Victory Golf Polo,23
2017-05-16,Nike Men's Free 5.0+ Running Shoe,16
2017-05-16,Nike Men's Kobe IX Elite Low Basketball Shoe,1
2017-05-16,O'Brien Men's Neoprene Life Vest,20
2017-05-16,Pelican Sunstream 100 Kayak,8
2017-05-16,Perfect Fitness Perfect Rip Deck,53
2017-05-16,TaylorMade White Smoke IN-12 Putter,4
2017-05-16,Under Armour Girls' Toddler Spine Surge Runni,13
2017-05-17,Bag Boy M330 Push Cart,1
2017-05-17,Diamondback Women's Serene Classic Comfort Bi,3
2017-05-17,Field & Stream Sportsman 16 Gun Fire Safe,7
2017-05-17,LIJA Women's Button Golf Dress,1
2017-05-17,Nike Kids' Grade School KD VI Basketball Shoe,1
2017-05-17,Nike Men's CJ Elite 2 TD Football Cleat,8
2017-05-17,Nike Men's Dri-FIT Victory Golf Polo,18
2017-05-17,Nike Men's Free 5.0+ Running Shoe,23
2017-05-17,O'Brien Men's Neoprene Life Vest,18
2017-05-17,Ogio Race Golf Shoes,1
2017-05-17,Pelican Sunstream 100 Kayak,6
2017-05-17,Perfect Fitness Perfect Rip Deck,29
2017-05-17,TaylorMade Women's RBZ SL Rescue,1
2017-05-17,The North Face Women's Recon Backpack,3
2017-05-17,Under Armour Girls' Toddler Spine Surge Runni,7
2017-05-17,adidas Brazuca 2014 Official Match Ball,1
2017-05-18,Bag Boy M330 Push Cart,1
2017-05-18,Brooks Women's Ghost 6 Running Shoe,3
2017-05-18,Diamondback Women's Serene Classic Comfort Bi,9
2017-05-18,Field & Stream Sportsman 16 Gun Fire Safe,10
2017-05-18,Merrell Women's Grassbow Sport Hiking Shoe,2
2017-05-18,Merrell Women's Siren Mid Waterproof Hiking B,1
2017-05-18,Nike Kids' Grade School KD VI Basketball Shoe,4
2017-05-18,Nike Men's CJ Elite 2 TD Football Cleat,12
2017-05-18,Nike Men's Dri-FIT Victory Golf Polo,23
2017-05-18,Nike Men's Free 5.0+ Running Shoe,13
2017-05-18,Nike Men's Free TR 5.0 TB Training Shoe,4
2017-05-18,O'Brien Men's Neoprene Life Vest,32
2017-05-18,Pelican Sunstream 100 Kayak,7
2017-05-18,Perfect Fitness Perfect Rip Deck,34
2017-05-18,TaylorMade White Smoke IN-12 Putter,6
2017-05-18,Under Armour Girls' Toddler Spine Surge Runni,16
2017-05-19,Cleveland Golf Collegiate My Custom Wedge 588,1
2017-05-19,Diamondback Women's Serene Classic Comfort Bi,2
2017-05-19,Field & Stream Sportsman 16 Gun Fire Safe,10
2017-05-19,Nike Men's CJ Elite 2 TD Football Cleat,10
2017-05-19,Nike Men's Dri-FIT Victory Golf Polo,38
2017-05-19,Nike Men's Free 5.0+ Running Shoe,17
2017-05-19,O'Brien Men's Neoprene Life Vest,34
2017-05-19,Ogio Race Golf Shoes,1
2017-05-19,Pelican Sunstream 100 Kayak,8
2017-05-19,Perfect Fitness Perfect Rip Deck,27
2017-05-19,Polar Loop Activity Tracker,1
2017-05-19,TaylorMade White Smoke IN-12 Putter,2
2017-05-19,Under Armour Girls' Toddler Spine Surge Runni,20
2017-05-19,Yakima DoubleDown Ace Hitch Mount 4-Bike Rack,1
2017-05-20,Diamondback Women's Serene Classic Comfort Bi,8
2017-05-20,Elevation Training Mask 2.0,1
2017-05-20,Field & Stream Sportsman 16 Gun Fire Safe,1
2017-05-20,Nike Kids' Grade School KD VI Basketball Shoe,1
2017-05-20,Nike Men's CJ Elite 2 TD Football Cleat,10
2017-05-20,Nike Men's Dri-FIT Victory Golf Polo,38
2017-05-20,Nike Men's Free 5.0+ Running Shoe,13
2017-05-20,Nike Men's Free TR 5.0 TB Training Shoe,2
2017-05-20,O'Brien Men's Neoprene Life Vest,19
2017-05-20,Ogio Race Golf Shoes,1
2017-05-20,Pelican Sunstream 100 Kayak,5
2017-05-20,Perfect Fitness Perfect Rip Deck,40
2017-05-20,TaylorMade 2014 Purelite Stand Bag,1
2017-05-20,Under Armour Girls' Toddler Spine Surge Runni,8
2017-05-21,Diamondback Women's Serene Classic Comfort Bi,4
2017-05-21,Elevation Training Mask 2.0,5
2017-05-21,Field & Stream Sportsman 16 Gun Fire Safe,3
2017-05-21,LIJA Women's Argyle Golf Polo,1
2017-05-21,Mio ALPHA Heart Rate Monitor/Sport Watch,2
2017-05-21,Nike Men's CJ Elite 2 TD Football Cleat,6
2017-05-21,Nike Men's Dri-FIT Victory Golf Polo,17
2017-05-21,Nike Men's Free 5.0+ Running Shoe,13
2017-05-21,O'Brien Men's Neoprene Life Vest,13
2017-05-21,Pelican Sunstream 100 Kayak,9
2017-05-21,Perfect Fitness Perfect Rip Deck,20
2017-05-21,Polar Loop Activity Tracker,1
2017-05-21,Under Armour Girls' Toddler Spine Surge Runni,24
2017-05-22,Bag Boy M330 Push Cart,3
2017-05-22,Diamondback Women's Serene Classic Comfort Bi,7
2017-05-22,Elevation Training Mask 2.0,3
2017-05-22,Field & Stream Sportsman 16 Gun Fire Safe,4
2017-05-22,MDGolf Pittsburgh Penguins Putter,2
2017-05-22,Nike Men's CJ Elite 2 TD Football Cleat,11
2017-05-22,Nike Men's Dri-FIT Victory Golf Polo,31
2017-05-22,Nike Men's Fingertrap Max Training Shoe,1
2017-05-22,Nike Men's Free 5.0+ Running Shoe,16
2017-05-22,O'Brien Men's Neoprene Life Vest,50
2017-05-22,Ogio Race Golf Shoes,1
2017-05-22,Pelican Sunstream 100 Kayak,11
2017-05-22,Perfect Fitness Perfect Rip Deck,31
2017-05-22,TaylorMade White Smoke IN-12 Putter,1
2017-05-22,Under Armour Girls' Toddler Spine Surge Runni,14
2017-05-22,insta-bed Neverflat Air Mattress,1
2017-05-23,Diamondback Women's Serene Classic Comfort Bi,2
2017-05-23,Field & Stream Sportsman 16 Gun Fire Safe,8
2017-05-23,Merrell Women's Grassbow Sport Waterproof Hik,2
2017-05-23,Merrell Women's Siren Mid Waterproof Hiking B,2
2017-05-23,Nike Men's CJ Elite 2 TD Football Cleat,10
2017-05-23,Nike Men's Dri-FIT Victory Golf Polo,22
2017-05-23,Nike Men's Fingertrap Max Training Shoe,1
2017-05-23,Nike Men's Free 5.0+ Running Shoe,17
2017-05-23,O'Brien Men's Neoprene Life Vest,22
2017-05-23,Ogio Race Golf Shoes,1
2017-05-23,Pelican Sunstream 100 Kayak,9
2017-05-23,Perfect Fitness Perfect Rip Deck,41
2017-05-23,TaylorMade 2014 Purelite Stand Bag,1
2017-05-23,Under Armour Girls' Toddler Spine Surge Runni,15
2017-05-24,Cleveland Golf Collegiate My Custom Wedge 588,1
2017-05-24,Diamondback Women's Serene Classic Comfort Bi,6
2017-05-24,Field & Stream Sportsman 16 Gun Fire Safe,15
2017-05-24,Garmin Approach S3 Golf GPS Watch,1
2017-05-24,LIJA Women's Argyle Golf Polo,1
2017-05-24,Nike Men's CJ Elite 2 TD Football Cleat,12
2017-05-24,Nike Men's Dri-FIT Victory Golf Polo,29
2017-05-24,Nike Men's Free 5.0+ Running Shoe,13
2017-05-24,O'Brien Men's Neoprene Life Vest,21
2017-05-24,Pelican Sunstream 100 Kayak,7
2017-05-24,Perfect Fitness Perfect Rip Deck,38
2017-05-24,Polar FT4 Heart Rate Monitor,4
2017-05-24,Polar Loop Activity Tracker,1
2017-05-24,Titleist Small Wheeled Travel Cover,1
2017-05-24,Under Armour Girls' Toddler Spine Surge Runni,21
2017-05-25,Diamondback Women's Serene Classic Comfort Bi,6
2017-05-25,Elevation Training Mask 2.0,10
2017-05-25,Field & Stream Sportsman 16 Gun Fire Safe,6
2017-05-25,Fitbit The One Wireless Activity & Sleep Trac,3
2017-05-25,Garmin Approach S3 Golf GPS Watch,1
2017-05-25,Mio ALPHA Heart Rate Monitor/Sport Watch,1
2017-05-25,Nike Men's CJ Elite 2 TD Football Cleat,9
2017-05-25,Nike Men's Dri-FIT Victory Golf Polo,47
2017-05-25,Nike Men's Free 5.0+ Running Shoe,16
2017-05-25,O'Brien Men's Neoprene Life Vest,38
2017-05-25,Pelican Sunstream 100 Kayak,11
2017-05-25,Perfect Fitness Perfect Rip Deck,31
2017-05-25,TaylorMade 2014 Purelite Stand Bag,1
2017-05-25,Under Armour Girls' Toddler Spine Surge Runni,12
2017-05-25,insta-bed Neverflat Air Mattress,1
2017-05-26,Bag Boy M330 Push Cart,3
2017-05-26,Brooks Women's Ghost 6 Running Shoe,4
2017-05-26,Diamondback Women's Serene Classic Comfort Bi,4
2017-05-26,Field & Stream Sportsman 16 Gun Fire Safe,11
2017-05-26,MDGolf Pittsburgh Penguins Putter,5
2017-05-26,Merrell Women's Grassbow Sport Hiking Shoe,1
2017-05-26,Mio ALPHA Heart Rate Monitor/Sport Watch,1
2017-05-26,Nike Kids' Grade School KD VI Basketball Shoe,1
2017-05-26,Nike Men's CJ Elite 2 TD Football Cleat,16
2017-05-26,Nike Men's Dri-FIT Victory Golf Polo,28
2017-05-26,Nike Men's Free 5.0+ Running Shoe,18
2017-05-26,Nike Men's Free TR 5.0 TB Training Shoe,1
2017-05-26,Nike Women's Free 5.0 TR FIT PRT 4 Training S,8
2017-05-26,O'Brien Men's Neoprene Life Vest,15
2017-05-26,Pelican Sunstream 100 Kayak,5
2017-05-26,Perfect Fitness Perfect Rip Deck,43
2017-05-26,Titleist Small Wheeled Travel Cover,1
2017-05-26,Under Armour Girls' Toddler Spine Surge Runni,14
2017-05-27,Diamondback Women's Serene Classic Comfort Bi,7
2017-05-27,Field & Stream Sportsman 16 Gun Fire Safe,17
2017-05-27,GolfBuddy VT3 GPS Watch,1
2017-05-27,LIJA Women's Button Golf Dress,1
2017-05-27,Merrell Women's Grassbow Sport Waterproof Hik,2
2017-05-27,Merrell Women's Siren Mid Waterproof Hiking B,1
2017-05-27,Nike Men's CJ Elite 2 TD Football Cleat,9
2017-05-27,Nike Men's Dri-FIT Victory Golf Polo,11
2017-05-27,Nike Men's Free 5.0+ Running Shoe,16
2017-05-27,Nike Men's Kobe IX Elite Low Basketball Shoe,1
2017-05-27,O'Brien Men's Neoprene Life Vest,14
2017-05-27,Ogio Race Golf Shoes,1
2017-05-27,Pelican Sunstream 100 Kayak,5
2017-05-27,Perfect Fitness Perfect Rip Deck,30
2017-05-27,Under Armour Girls' Toddler Spine Surge Runni,7
2017-05-27,insta-bed Neverflat Air Mattress,1
2017-05-28,Diamondback Women's Serene Classic Comfort Bi,4
2017-05-28,Field & Stream Sportsman 16 Gun Fire Safe,7
2017-05-28,Merrell Women's Siren Mid Waterproof Hiking B,1
2017-05-28,Mio ALPHA Heart Rate Monitor/Sport Watch,1
2017-05-28,Nike Men's CJ Elite 2 TD Football Cleat,12
2017-05-28,Nike Men's Dri-FIT Victory Golf Polo,12
2017-05-28,Nike Men's Free 5.0+ Running Shoe,15
2017-05-28,O'Brien Men's Neoprene Life Vest,14
2017-05-28,Pelican Sunstream 100 Kayak,2
2017-05-28,Perfect Fitness Perfect Rip Deck,46
2017-05-28,Polar FT4 Heart Rate Monitor,2
2017-05-28,Under Armour Girls' Toddler Spine Surge Runni,10
2017-05-28,adidas Brazuca 2014 Official Match Ball,1
2017-05-29,Cleveland Golf Women's 588 RTX CB Satin Chrom,1
2017-05-29,Diamondback Women's Serene Classic Comfort Bi,7
2017-05-29,Elevation Training Mask 2.0,5
2017-05-29,Field & Stream Sportsman 16 Gun Fire Safe,6
2017-05-29,Fitbit The One Wireless Activity & Sleep Trac,3
2017-05-29,GolfBuddy VT3 GPS Watch,1
2017-05-29,Merrell Women's Grassbow Sport Hiking Shoe,2
2017-05-29,Nike Men's CJ Elite 2 TD Football Cleat,9
2017-05-29,Nike Men's Dri-FIT Victory Golf Polo,16
2017-05-29,Nike Men's Free 5.0+ Running Shoe,9
2017-05-29,Nike Men's Free TR 5.0 TB Training Shoe,2
2017-05-29,O'Brien Men's Neoprene Life Vest,10
2017-05-29,Pelican Sunstream 100 Kayak,3
2017-05-29,Perfect Fitness Perfect Rip Deck,34
2017-05-29,TaylorMade Women's RBZ SL Rescue,1
2017-05-29,Under Armour Girls' Toddler Spine Surge Runni,16
2017-05-29,adidas Brazuca 2014 Official Match Ball,1
2017-05-30,Diamondback Women's Serene Classic Comfort Bi,8
2017-05-30,Elevation Training Mask 2.0,1
2017-05-30,Field & Stream Sportsman 16 Gun Fire Safe,6
2017-05-30,Merrell Women's Siren Mid Waterproof Hiking B,1
2017-05-30,Mio ALPHA Heart Rate Monitor/Sport Watch,1
2017-05-30,Nike Men's CJ Elite 2 TD Football Cleat,13
2017-05-30,Nike Men's Dri-FIT Victory Golf Polo,29
2017-05-30,Nike Men's Free 5.0+ Running Shoe,9
2017-05-30,Nike Men's Kobe IX Elite Low Basketball Shoe,1
2017-05-30,Nike Women's Free 5.0 TR FIT PRT 4 Training S,1
2017-05-30,O'Brien Men's Neoprene Life Vest,39
2017-05-30,Pelican Sunstream 100 Kayak,7
2017-05-30,Perfect Fitness Perfect Rip Deck,41
2017-05-30,TaylorMade White Smoke IN-12 Putter,3
2017-05-30,Under Armour Girls' Toddler Spine Surge Runni,15
2017-05-30,Yakima DoubleDown Ace Hitch Mount 4-Bike Rack,1
2017-05-31,Diamondback Women's Serene Classic Comfort Bi,7
2017-05-31,Field & Stream Sportsman 16 Gun Fire Safe,6
2017-05-31,Fitbit The One Wireless Activity & Sleep Trac,2
2017-05-31,LIJA Women's Button Golf Dress,1
2017-05-31,Nike Men's CJ Elite 2 TD Football Cleat,14
2017-05-31,Nike Men's Dri-FIT Victory Golf Polo,19
2017-05-31,Nike Men's Free 5.0+ Running Shoe,8
2017-05-31,O'Brien Men's Neoprene Life Vest,29
2017-05-31,Ogio Race Golf Shoes,1
2017-05-31,Pelican Sunstream 100 Kayak,4
2017-05-31,Perfect Fitness Perfect Rip Deck,26
2017-05-31,Polar Loop Activity Tracker,1
2017-05-31,TaylorMade 2014 Purelite Stand Bag,1
2017-05-31,Under Armour Girls' Toddler Spine Surge Runni,5
2017-06-01,Diamondback Women's Serene Classic Comfort Bi,12
2017-06-01,Field & Stream Sportsman 16 Gun Fire Safe,8
2017-06-01,LIJA Women's Argyle Golf Polo,5
2017-06-01,LIJA Women's Mid-Length Panel Golf Shorts,3
2017-06-01,Nike Men's CJ Elite 2 TD Football Cleat,18
2017-06-01,Nike Men's Dri-FIT Victory Golf Polo,17
2017-06-01,Nike Men's Free 5.0+ Running Shoe,35
2017-06-01,Nike Women's Free 5.0 TR FIT PRT 4 Training S,5
2017-06-01,O'Brien Men's Neoprene Life Vest,52
2017-06-01,Pelican Sunstream 100 Kayak,6
2017-06-01,Perfect Fitness Perfect Rip Deck,24
2017-06-01,TaylorMade 2014 Purelite Stand Bag,1
2017-06-01,TaylorMade White Smoke IN-12 Putter,5
2017-06-01,Under Armour Girls' Toddler Spine Surge Runni,4
2017-06-01,Yakima DoubleDown Ace Hitch Mount 4-Bike Rack,2
2017-06-02,Diamondback Women's Serene Classic Comfort Bi,8
2017-06-02,Field & Stream Sportsman 16 Gun Fire Safe,8
2017-06-02,Garmin Approach S3 Golf GPS Watch,1
2017-06-02,LIJA Women's Argyle Golf Polo,7
2017-06-02,Merrell Men's All Out Flash Trail Running Sho,2
2017-06-02,Nike Men's CJ Elite 2 TD Football Cleat,16
2017-06-02,Nike Men's Dri-FIT Victory Golf Polo,16
2017-06-02,Nike Men's Free 5.0+ Running Shoe,18
2017-06-02,O'Brien Men's Neoprene Life Vest,15
2017-06-02,Pelican Sunstream 100 Kayak,5
2017-06-02,Perfect Fitness Perfect Rip Deck,38
2017-06-02,Polar Loop Activity Tracker,1
2017-06-02,TaylorMade 2014 Purelite Stand Bag,1
2017-06-02,TaylorMade Women's RBZ SL Rescue,1
2017-06-02,Titleist Small Wheeled Travel Cover,1
2017-06-02,Under Armour Girls' Toddler Spine Surge Runni,14
2017-06-02,adidas Brazuca 2014 Official Match Ball,1
2017-06-03,Diamondback Women's Serene Classic Comfort Bi,4
2017-06-03,Field & Stream Sportsman 16 Gun Fire Safe,4
2017-06-03,GolfBuddy VT3 GPS Watch,1
2017-06-03,Nike Men's CJ Elite 2 TD Football Cleat,10
2017-06-03,Nike Men's Dri-FIT Victory Golf Polo,9
2017-06-03,Nike Men's Free 5.0+ Running Shoe,14
2017-06-03,O'Brien Men's Neoprene Life Vest,15
2017-06-03,Pelican Sunstream 100 Kayak,8
2017-06-03,Perfect Fitness Perfect Rip Deck,18
2017-06-03,TaylorMade White Smoke IN-12 Putter,2
2017-06-03,Under Armour Girls' Toddler Spine Surge Runni,10
2017-06-04,Diamondback Women's Serene Classic Comfort Bi,6
2017-06-04,Field & Stream Sportsman 16 Gun Fire Safe,5
2017-06-04,Fitbit The One Wireless Activity & Sleep Trac,4
2017-06-04,LIJA Women's Button Golf Dress,1
2017-06-04,Nike Men's CJ Elite 2 TD Football Cleat,8
2017-06-04,Nike Men's Dri-FIT Victory Golf Polo,33
2017-06-04,Nike Men's Free 5.0+ Running Shoe,8
2017-06-04,Nike Men's Kobe IX Elite Low Basketball Shoe,1
2017-06-04,O'Brien Men's Neoprene Life Vest,31
2017-06-04,Pelican Sunstream 100 Kayak,8
2017-06-04,Perfect Fitness Perfect Rip Deck,29
2017-06-04,Titleist Small Wheeled Travel Cover,1
2017-06-04,Under Armour Girls' Toddler Spine Surge Runni,3
2017-06-05,Bag Boy M330 Push Cart,2
2017-06-05,Diamondback Women's Serene Classic Comfort Bi,7
2017-06-05,Elevation Training Mask 2.0,3
2017-06-05,Field & Stream Sportsman 16 Gun Fire Safe,5
2017-06-05,LIJA Women's Button Golf Dress,1
2017-06-05,Merrell Women's Siren Mid Waterproof Hiking B,1
2017-06-05,Nike Men's CJ Elite 2 TD Football Cleat,10
2017-06-05,Nike Men's Dri-FIT Victory Golf Polo,20
2017-06-05,Nike Men's Free 5.0+ Running Shoe,3
2017-06-05,O'Brien Men's Neoprene Life Vest,14
2017-06-05,Pelican Sunstream 100 Kayak,7
2017-06-05,Perfect Fitness Perfect Rip Deck,27
2017-06-05,Under Armour Girls' Toddler Spine Surge Runni,4
2017-06-06,Diamondback Women's Serene Classic Comfort Bi,2
2017-06-06,Elevation Training Mask 2.0,5
2017-06-06,Field & Stream Sportsman 16 Gun Fire Safe,9
2017-06-06,Fitbit The One Wireless Activity & Sleep Trac,2
2017-06-06,LIJA Women's Argyle Golf Polo,5
2017-06-06,LIJA Women's Button Golf Dress,1
2017-06-06,LIJA Women's Mid-Length Panel Golf Shorts,2
2017-06-06,MDGolf Pittsburgh Penguins Putter,1
2017-06-06,Nike Men's CJ Elite 2 TD Football Cleat,8
2017-06-06,Nike Men's Dri-FIT Victory Golf Polo,21
2017-06-06,Nike Men's Free 5.0+ Running Shoe,10
2017-06-06,Nike Men's Kobe IX Elite Low Basketball Shoe,1
2017-06-06,Nike Women's Free 5.0 TR FIT PRT 4 Training S,1
2017-06-06,O'Brien Men's Neoprene Life Vest,26
2017-06-06,Pelican Sunstream 100 Kayak,3
2017-06-06,Perfect Fitness Perfect Rip Deck,17
2017-06-06,Polar FT4 Heart Rate Monitor,5
2017-06-06,TaylorMade White Smoke IN-12 Putter,2
2017-06-06,The North Face Women's Recon Backpack,2
2017-06-06,Titleist Small Wheeled Travel Cover,1
2017-06-06,Under Armour Girls' Toddler Spine Surge Runni,12
2017-06-06,adidas Brazuca 2014 Official Match Ball,1
2017-06-06,insta-bed Neverflat Air Mattress,1
2017-06-07,Diamondback Women's Serene Classic Comfort Bi,3
2017-06-07,Field & Stream Sportsman 16 Gun Fire Safe,3
2017-06-07,Mio ALPHA Heart Rate Monitor/Sport Watch,1
2017-06-07,Nike Men's CJ Elite 2 TD Football Cleat,6
2017-06-07,Nike Men's Dri-FIT Victory Golf Polo,10
2017-06-07,Nike Men's Free 5.0+ Running Shoe,9
2017-06-07,Nike Men's Free TR 5.0 TB Training Shoe,1
2017-06-07,O'Brien Men's Neoprene Life Vest,14
2017-06-07,Pelican Sunstream 100 Kayak,1
2017-06-07,Perfect Fitness Perfect Rip Deck,30
2017-06-07,The North Face Women's Recon Backpack,3
2017-06-07,Titleist Small Wheeled Travel Cover,2
2017-06-07,Under Armour Girls' Toddler Spine Surge Runni,19
2017-06-08,Cleveland Golf Collegiate My Custom Wedge 588,1
2017-06-08,Cleveland Golf Women's 588 RTX CB Satin Chrom,1
2017-06-08,Diamondback Women's Serene Classic Comfort Bi,5
2017-06-08,Field & Stream Sportsman 16 Gun Fire Safe,4
2017-06-08,Nike Men's CJ Elite 2 TD Football Cleat,8
2017-06-08,Nike Men's Dri-FIT Victory Golf Polo,27
2017-06-08,Nike Men's Kobe IX Elite Low Basketball Shoe,1
2017-06-08,O'Brien Men's Neoprene Life Vest,29
2017-06-08,Pelican Sunstream 100 Kayak,4
2017-06-08,Perfect Fitness Perfect Rip Deck,16
2017-06-08,Under Armour Girls' Toddler Spine Surge Runni,9
2017-06-09,Diamondback Women's Serene Classic Comfort Bi,6
2017-06-09,Field & Stream Sportsman 16 Gun Fire Safe,6
2017-06-09,LIJA Women's Argyle Golf Polo,3
2017-06-09,LIJA Women's Button Golf Dress,1
2017-06-09,Merrell Men's All Out Flash Trail Running Sho,1
2017-06-09,Merrell Women's Siren Mid Waterproof Hiking B,1
2017-06-09,Nike Men's CJ Elite 2 TD Football Cleat,8
2017-06-09,Nike Men's Dri-FIT Victory Golf Polo,31
2017-06-09,Nike Men's Free 5.0+ Running Shoe,10
2017-06-09,O'Brien Men's Neoprene Life Vest,7
2017-06-09,Pelican Sunstream 100 Kayak,8
2017-06-09,Perfect Fitness Perfect Rip Deck,24
2017-06-09,TaylorMade 2014 Purelite Stand Bag,2
2017-06-09,Under Armour Girls' Toddler Spine Surge Runni,14
2017-06-10,Diamondback Women's Serene Classic Comfort Bi,8
2017-06-10,Field & Stream Sportsman 16 Gun Fire Safe,7
2017-06-10,LIJA Women's Button Golf Dress,1
2017-06-10,Merrell Men's All Out Flash Trail Running Sho,1
2017-06-10,Merrell Women's Grassbow Sport Hiking Shoe,2
2017-06-10,Merrell Women's Grassbow Sport Waterproof Hik,1
2017-06-10,Nike Men's CJ Elite 2 TD Football Cleat,13
2017-06-10,Nike Men's Dri-FIT Victory Golf Polo,23
2017-06-10,Nike Men's Free 5.0+ Running Shoe,17
2017-06-10,Nike Women's Free 5.0 TR FIT PRT 4 Training S,1
2017-06-10,O'Brien Men's Neoprene Life Vest,29
2017-06-10,Pelican Sunstream 100 Kayak,6
2017-06-10,Perfect Fitness Perfect Rip Deck,31
2017-06-10,Under Armour Girls' Toddler Spine Surge Runni,24
2017-06-11,Diamondback Women's Serene Classic Comfort Bi,4
2017-06-11,Field & Stream Sportsman 16 Gun Fire Safe,5
2017-06-11,Merrell Women's Grassbow Sport Waterproof Hik,1
2017-06-11,Nike Men's CJ Elite 2 TD Football Cleat,8
2017-06-11,Nike Men's Dri-FIT Victory Golf Polo,30
2017-06-11,Nike Men's Free 5.0+ Running Shoe,33
2017-06-11,O'Brien Men's Neoprene Life Vest,13
2017-06-11,Ogio Race Golf Shoes,1
2017-06-11,Pelican Sunstream 100 Kayak,5
2017-06-11,Perfect Fitness Perfect Rip Deck,36
2017-06-11,Under Armour Girls' Toddler Spine Surge Runni,17
2017-06-11,insta-bed Neverflat Air Mattress,1
2017-06-12,Diamondback Women's Serene Classic Comfort Bi,5
2017-06-12,Elevation Training Mask 2.0,5
2017-06-12,Field & Stream Sportsman 16 Gun Fire Safe,11
2017-06-12,Merrell Women's Grassbow Sport Waterproof Hik,1
2017-06-12,Nike Men's CJ Elite 2 TD Football Cleat,7
2017-06-12,Nike Men's Dri-FIT Victory Golf Polo,24
2017-06-12,Nike Men's Free 5.0+ Running Shoe,13
2017-06-12,O'Brien Men's Neoprene Life Vest,31
2017-06-12,Pelican Sunstream 100 Kayak,5
2017-06-12,Perfect Fitness Perfect Rip Deck,32
2017-06-12,TaylorMade White Smoke IN-12 Putter,3
2017-06-12,Under Armour Girls' Toddler Spine Surge Runni,8
2017-06-13,Brooks Women's Ghost 6 Running Shoe,10
2017-06-13,Cleveland Golf Women's 588 RTX CB Satin Chrom,1
2017-06-13,Diamondback Women's Serene Classic Comfort Bi,6
2017-06-13,Field & Stream Sportsman 16 Gun Fire Safe,7
2017-06-13,Fitbit The One Wireless Activity & Sleep Trac,5
2017-06-13,LIJA Women's Argyle Golf Polo,1
2017-06-13,Nike Kids' Grade School KD VI Basketball Shoe,1
2017-06-13,Nike Men's CJ Elite 2 TD Football Cleat,9
2017-06-13,Nike Men's Dri-FIT Victory Golf Polo,38
2017-06-13,Nike Men's Free 5.0+ Running Shoe,3
2017-06-13,Nike Men's Free TR 5.0 TB Training Shoe,1
2017-06-13,O'Brien Men's Neoprene Life Vest,12
2017-06-13,Pelican Sunstream 100 Kayak,7
2017-06-13,Perfect Fitness Perfect Rip Deck,16
2017-06-13,Under Armour Girls' Toddler Spine Surge Runni,13
2017-06-14,Diamondback Women's Serene Classic Comfort Bi,8
2017-06-14,Field & Stream Sportsman 16 Gun Fire Safe,8
2017-06-14,Fitbit The One Wireless Activity & Sleep Trac,5
2017-06-14,LIJA Women's Button Golf Dress,2
2017-06-14,MDGolf Pittsburgh Penguins Putter,2
2017-06-14,Merrell Men's All Out Flash Trail Running Sho,1
2017-06-14,Nike Men's CJ Elite 2 TD Football Cleat,12
2017-06-14,Nike Men's Dri-FIT Victory Golf Polo,17
2017-06-14,Nike Men's Free 5.0+ Running Shoe,31
2017-06-14,O'Brien Men's Neoprene Life Vest,43
2017-06-14,Pelican Sunstream 100 Kayak,1
2017-06-14,Perfect Fitness Perfect Rip Deck,34
2017-06-14,Under Armour Girls' Toddler Spine Surge Runni,14
2017-06-14,Yakima DoubleDown Ace Hitch Mount 4-Bike Rack,1
2017-06-15,Diamondback Women's Serene Classic Comfort Bi,3
2017-06-15,Field & Stream Sportsman 16 Gun Fire Safe,4
2017-06-15,GolfBuddy VT3 GPS Watch,1
2017-06-15,Merrell Men's All Out Flash Trail Running Sho,1
2017-06-15,Merrell Women's Siren Mid Waterproof Hiking B,1
2017-06-15,Nike Men's CJ Elite 2 TD Football Cleat,4
2017-06-15,Nike Men's Dri-FIT Victory Golf Polo,33
2017-06-15,Nike Men's Kobe IX Elite Low Basketball Shoe,1
2017-06-15,Nike Women's Free 5.0 TR FIT PRT 4 Training S,1
2017-06-15,O'Brien Men's Neoprene Life Vest,15
2017-06-15,Pelican Sunstream 100 Kayak,3
2017-06-15,Perfect Fitness Perfect Rip Deck,18
2017-06-15,Polar FT4 Heart Rate Monitor,5
2017-06-15,Polar Loop Activity Tracker,1
2017-06-15,Under Armour Girls' Toddler Spine Surge Runni,13
2017-06-16,Diamondback Women's Serene Classic Comfort Bi,12
2017-06-16,Field & Stream Sportsman 16 Gun Fire Safe,4
2017-06-16,Garmin Approach S3 Golf GPS Watch,1
2017-06-16,LIJA Women's Mid-Length Panel Golf Shorts,9
2017-06-16,Mio ALPHA Heart Rate Monitor/Sport Watch,1
2017-06-16,Nike Men's CJ Elite 2 TD Football Cleat,8
2017-06-16,Nike Men's Dri-FIT Victory Golf Polo,19
2017-06-16,Nike Men's Free 5.0+ Running Shoe,6
2017-06-16,O'Brien Men's Neoprene Life Vest,8
2017-06-16,Pelican Sunstream 100 Kayak,5
2017-06-16,Perfect Fitness Perfect Rip Deck,39
2017-06-16,Under Armour Girls' Toddler Spine Surge Runni,17
2017-06-16,adidas Brazuca 2014 Official Match Ball,1
2017-06-17,Cleveland Golf Collegiate My Custom Wedge 588,1
2017-06-17,Diamondback Women's Serene Classic Comfort Bi,9
2017-06-17,Elevation Training Mask 2.0,5
2017-06-17,Field & Stream Sportsman 16 Gun Fire Safe,11
2017-06-17,Fitbit The One Wireless Activity & Sleep Trac,2
2017-06-17,LIJA Women's Argyle Golf Polo,4
2017-06-17,LIJA Women's Button Golf Dress,1
2017-06-17,Nike Men's CJ Elite 2 TD Football Cleat,12
2017-06-17,Nike Men's Dri-FIT Victory Golf Polo,36
2017-06-17,Nike Men's Free 5.0+ Running Shoe,4
2017-06-17,Nike Women's Free 5.0 TR FIT PRT 4 Training S,5
2017-06-17,O'Brien Men's Neoprene Life Vest,17
2017-06-17,Pelican Sunstream 100 Kayak,2
2017-06-17,Perfect Fitness Perfect Rip Deck,21
2017-06-17,TaylorMade Women's RBZ SL Rescue,1
2017-06-17,Under Armour Girls' Toddler Spine Surge Runni,15
2017-06-18,Cleveland Golf Collegiate My Custom Wedge 588,1
2017-06-18,Cleveland Golf Women's 588 RTX CB Satin Chrom,1
2017-06-18,Diamondback Women's Serene Classic Comfort Bi,5
2017-06-18,Field & Stream Sportsman 16 Gun Fire Safe,4
2017-06-18,LIJA Women's Mid-Length Panel Golf Shorts,4
2017-06-18,Merrell Men's All Out Flash Trail Running Sho,2
2017-06-18,Merrell Women's Grassbow Sport Hiking Shoe,1
2017-06-18,Mio ALPHA Heart Rate Monitor/Sport Watch,1
2017-06-18,Nike Men's CJ Elite 2 TD Football Cleat,7
2017-06-18,Nike Men's Dri-FIT Victory Golf Polo,2
2017-06-18,Nike Men's Free 5.0+ Running Shoe,8
2017-06-18,O'Brien Men's Neoprene Life Vest,21
2017-06-18,Pelican Sunstream 100 Kayak,6
2017-06-18,Perfect Fitness Perfect Rip Deck,25
2017-06-18,Polar Loop Activity Tracker,1
2017-06-18,Under Armour Girls' Toddler Spine Surge Runni,16
2017-06-18,insta-bed Neverflat Air Mattress,1
2017-06-19,Bag Boy M330 Push Cart,1
2017-06-19,Diamondback Women's Serene Classic Comfort Bi,6
2017-06-19,Field & Stream Sportsman 16 Gun Fire Safe,8
2017-06-19,Nike Men's CJ Elite 2 TD Football Cleat,9
2017-06-19,Nike Men's Dri-FIT Victory Golf Polo,28
2017-06-19,Nike Men's Free 5.0+ Running Shoe,5
2017-06-19,O'Brien Men's Neoprene Life Vest,8
2017-06-19,Ogio Race Golf Shoes,1
2017-06-19,Pelican Sunstream 100 Kayak,7
2017-06-19,Perfect Fitness Perfect Rip Deck,27
2017-06-19,TaylorMade 2014 Purelite Stand Bag,1
2017-06-19,Under Armour Girls' Toddler Spine Surge Runni,12
2017-06-20,Diamondback Women's Serene Classic Comfort Bi,9
2017-06-20,Field & Stream Sportsman 16 Gun Fire Safe,11
2017-06-20,Garmin Approach S3 Golf GPS Watch,1
2017-06-20,MDGolf Pittsburgh Penguins Putter,1
2017-06-20,Nike Men's CJ Elite 2 TD Football Cleat,11
2017-06-20,Nike Men's Dri-FIT Victory Golf Polo,38
2017-06-20,Nike Men's Free 5.0+ Running Shoe,14
2017-06-20,Nike Women's Free 5.0 TR FIT PRT 4 Training S,3
2017-06-20,O'Brien Men's Neoprene Life Vest,10
2017-06-20,Ogio Race Golf Shoes,2
2017-06-20,Pelican Sunstream 100 Kayak,8
2017-06-20,Perfect Fitness Perfect Rip Deck,29
2017-06-20,Polar FT4 Heart Rate Monitor,8
2017-06-20,TaylorMade 2014 Purelite Stand Bag,1
2017-06-20,The North Face Women's Recon Backpack,2
2017-06-20,Under Armour Girls' Toddler Spine Surge Runni,5
2017-06-20,adidas Brazuca 2014 Official Match Ball,1
2017-06-21,Cleveland Golf Collegiate My Custom Wedge 588,1
2017-06-21,Diamondback Women's Serene Classic Comfort Bi,5
2017-06-21,Field & Stream Sportsman 16 Gun Fire Safe,8
2017-06-21,LIJA Women's Button Golf Dress,1
2017-06-21,Merrell Men's All Out Flash Trail Running Sho,1
2017-06-21,Nike Kids' Grade School KD VI Basketball Shoe,4
2017-06-21,Nike Men's CJ Elite 2 TD Football Cleat,11
2017-06-21,Nike Men's Dri-FIT Victory Golf Polo,30
2017-06-21,Nike Men's Free 5.0+ Running Shoe,33
2017-06-21,O'Brien Men's Neoprene Life Vest,24
2017-06-21,Pelican Sunstream 100 Kayak,10
2017-06-21,Perfect Fitness Perfect Rip Deck,51
2017-06-21,TaylorMade White Smoke IN-12 Putter,4
2017-06-21,Under Armour Girls' Toddler Spine Surge Runni,24
2017-06-22,Bag Boy M330 Push Cart,4
2017-06-22,Diamondback Women's Serene Classic Comfort Bi,7
2017-06-22,Field & Stream Sportsman 16 Gun Fire Safe,11
2017-06-22,LIJA Women's Mid-Length Panel Golf Shorts,5
2017-06-22,Merrell Men's All Out Flash Trail Running Sho,1
2017-06-22,Mio ALPHA Heart Rate Monitor/Sport Watch,1
2017-06-22,Nike Men's CJ Elite 2 TD Football Cleat,6
2017-06-22,Nike Men's Dri-FIT Victory Golf Polo,24
2017-06-22,Nike Men's Fingertrap Max Training Shoe,1
2017-06-22,Nike Men's Free 5.0+ Running Shoe,10
2017-06-22,Nike Men's Free TR 5.0 TB Training Shoe,5
2017-06-22,Nike Men's Kobe IX Elite Low Basketball Shoe,1
2017-06-22,O'Brien Men's Neoprene Life Vest,29
2017-06-22,Pelican Sunstream 100 Kayak,7
2017-06-22,Perfect Fitness Perfect Rip Deck,28
2017-06-22,Polar Loop Activity Tracker,1
2017-06-22,Under Armour Girls' Toddler Spine Surge Runni,14
2017-06-22,Yakima DoubleDown Ace Hitch Mount 4-Bike Rack,2
2017-06-23,Diamondback Women's Serene Classic Comfort Bi,3
2017-06-23,Field & Stream Sportsman 16 Gun Fire Safe,9
2017-06-23,LIJA Women's Argyle Golf Polo,1
2017-06-23,Merrell Women's Siren Mid Waterproof Hiking B,1
2017-06-23,Nike Men's CJ Elite 2 TD Football Cleat,10
2017-06-23,Nike Men's Dri-FIT Victory Golf Polo,23
2017-06-23,O'Brien Men's Neoprene Life Vest,17
2017-06-23,Pelican Sunstream 100 Kayak,7
2017-06-23,Perfect Fitness Perfect Rip Deck,30
2017-06-23,Under Armour Girls' Toddler Spine Surge Runni,17
2017-06-24,Brooks Women's Ghost 6 Running Shoe,3
2017-06-24,Diamondback Women's Serene Classic Comfort Bi,5
2017-06-24,Field & Stream Sportsman 16 Gun Fire Safe,2
2017-06-24,LIJA Women's Argyle Golf Polo,2
2017-06-24,LIJA Women's Mid-Length Panel Golf Shorts,8
2017-06-24,Nike Men's CJ Elite 2 TD Football Cleat,9
2017-06-24,Nike Men's Dri-FIT Victory Golf Polo,25
2017-06-24,Nike Men's Free 5.0+ Running Shoe,17
2017-06-24,O'Brien Men's Neoprene Life Vest,9
2017-06-24,Ogio Race Golf Shoes,2
2017-06-24,Pelican Sunstream 100 Kayak,8
2017-06-24,Perfect Fitness Perfect Rip Deck,22
2017-06-24,Polar FT4 Heart Rate Monitor,8
2017-06-24,Under Armour Girls' Toddler Spine Surge Runni,2
2017-06-25,Diamondback Women's Serene Classic Comfort Bi,6
2017-06-25,Field & Stream Sportsman 16 Gun Fire Safe,10
2017-06-25,GolfBuddy VT3 GPS Watch,1
2017-06-25,Merrell Men's All Out Flash Trail Running Sho,1
2017-06-25,Nike Men's CJ Elite 2 TD Football Cleat,5
2017-06-25,Nike Men's Dri-FIT Victory Golf Polo,27
2017-06-25,Nike Men's Free 5.0+ Running Shoe,15
2017-06-25,O'Brien Men's Neoprene Life Vest,14
2017-06-25,Pelican Sunstream 100 Kayak,2
2017-06-25,Perfect Fitness Perfect Rip Deck,20
2017-06-25,Under Armour Girls' Toddler Spine Surge Runni,12
2017-06-26,Diamondback Women's Serene Classic Comfort Bi,4
2017-06-26,Elevation Training Mask 2.0,1
2017-06-26,Field & Stream Sportsman 16 Gun Fire Safe,12
2017-06-26,Merrell Women's Grassbow Sport Hiking Shoe,3
2017-06-26,Merrell Women's Grassbow Sport Waterproof Hik,1
2017-06-26,Nike Men's CJ Elite 2 TD Football Cleat,10
2017-06-26,Nike Men's Dri-FIT Victory Golf Polo,58
2017-06-26,Nike Men's Free 5.0+ Running Shoe,11
2017-06-26,O'Brien Men's Neoprene Life Vest,20
2017-06-26,Pelican Sunstream 100 Kayak,11
2017-06-26,Perfect Fitness Perfect Rip Deck,27
2017-06-26,Under Armour Girls' Toddler Spine Surge Runni,20
2017-06-26,insta-bed Neverflat Air Mattress,1
2017-06-27,Brooks Women's Ghost 6 Running Shoe,3
2017-06-27,Diamondback Women's Serene Classic Comfort Bi,7
2017-06-27,Field & Stream Sportsman 16 Gun Fire Safe,10
2017-06-27,Merrell Men's All Out Flash Trail Running Sho,1
2017-06-27,Nike Men's CJ Elite 2 TD Football Cleat,5
2017-06-27,Nike Men's Dri-FIT Victory Golf Polo,15
2017-06-27,Nike Men's Free 5.0+ Running Shoe,23
2017-06-27,O'Brien Men's Neoprene Life Vest,29
2017-06-27,Pelican Sunstream 100 Kayak,11
2017-06-27,Perfect Fitness Perfect Rip Deck,28
2017-06-27,TaylorMade Women's RBZ SL Rescue,1
2017-06-27,Under Armour Girls' Toddler Spine Surge Runni,12
2017-06-28,Brooks Women's Ghost 6 Running Shoe,3
2017-06-28,Elevation Training Mask 2.0,3
2017-06-28,Field & Stream Sportsman 16 Gun Fire Safe,7
2017-06-28,GolfBuddy VT3 GPS Watch,1
2017-06-28,LIJA Women's Button Golf Dress,2
2017-06-28,Merrell Men's All Out Flash Trail Running Sho,1
2017-06-28,Nike Men's CJ Elite 2 TD Football Cleat,7
2017-06-28,Nike Men's Dri-FIT Victory Golf Polo,19
2017-06-28,Nike Men's Fingertrap Max Training Shoe,1
2017-06-28,Nike Men's Free 5.0+ Running Shoe,29
2017-06-28,O'Brien Men's Neoprene Life Vest,17
2017-06-28,Ogio Race Golf Shoes,1
2017-06-28,Pelican Sunstream 100 Kayak,8
2017-06-28,Perfect Fitness Perfect Rip Deck,19
2017-06-28,Polar Loop Activity Tracker,1
2017-06-28,Under Armour Girls' Toddler Spine Surge Runni,11
2017-06-28,adidas Brazuca 2014 Official Match Ball,1
2017-06-29,Cleveland Golf Women's 588 RTX CB Satin Chrom,1
2017-06-29,Diamondback Women's Serene Classic Comfort Bi,5
2017-06-29,Field & Stream Sportsman 16 Gun Fire Safe,4
2017-06-29,GolfBuddy VT3 GPS Watch,1
2017-06-29,LIJA Women's Argyle Golf Polo,4
2017-06-29,LIJA Women's Mid-Length Panel Golf Shorts,2
2017-06-29,Merrell Men's All Out Flash Trail Running Sho,1
2017-06-29,Merrell Women's Grassbow Sport Hiking Shoe,2
2017-06-29,Mio ALPHA Heart Rate Monitor/Sport Watch,1
2017-06-29,Nike Kids' Grade School KD VI Basketball Shoe,4
2017-06-29,Nike Men's CJ Elite 2 TD Football Cleat,8
2017-06-29,Nike Men's Dri-FIT Victory Golf Polo,27
2017-06-29,Nike Men's Free 5.0+ Running Shoe,4
2017-06-29,Nike Women's Free 5.0 TR FIT PRT 4 Training S,3
2017-06-29,O'Brien Men's Neoprene Life Vest,8
2017-06-29,Pelican Sunstream 100 Kayak,5
2017-06-29,Perfect Fitness Perfect Rip Deck,32
2017-06-29,TaylorMade Women's RBZ SL Rescue,1
2017-06-29,Titleist Small Wheeled Travel Cover,1
2017-06-29,Under Armour Girls' Toddler Spine Surge Runni,23
2017-06-30,Diamondback Women's Serene Classic Comfort Bi,5
2017-06-30,Field & Stream Sportsman 16 Gun Fire Safe,8
2017-06-30,LIJA Women's Mid-Length Panel Golf Shorts,1
2017-06-30,Merrell Women's Grassbow Sport Waterproof Hik,1
2017-06-30,Mio ALPHA Heart Rate Monitor/Sport Watch,1
2017-06-30,Nike Men's CJ Elite 2 TD Football Cleat,6
2017-06-30,Nike Men's Dri-FIT Victory Golf Polo,44
2017-06-30,Nike Men's Fingertrap Max Training Shoe,2
2017-06-30,Nike Men's Free 5.0+ Running Shoe,5
2017-06-30,O'Brien Men's Neoprene Life Vest,11
2017-06-30,Pelican Sunstream 100 Kayak,6
2017-06-30,Perfect Fitness Perfect Rip Deck,26
2017-06-30,Titleist Small Wheeled Travel Cover,1
2017-06-30,Under Armour Girls' Toddler Spine Surge Runni,12
2017-07-01,Diamondback Women's Serene Classic Comfort Bi,7
2017-07-01,Field & Stream Sportsman 16 Gun Fire Safe,9
2017-07-01,LIJA Women's Button Golf Dress,1
2017-07-01,LIJA Women's Mid-Length Panel Golf Shorts,5
2017-07-01,Merrell Women's Siren Mid Waterproof Hiking B,1
2017-07-01,Nike Men's CJ Elite 2 TD Football Cleat,9
2017-07-01,Nike Men's Dri-FIT Victory Golf Polo,16
2017-07-01,Nike Men's Free 5.0+ Running Shoe,26
2017-07-01,Nike Men's Free TR 5.0 TB Training Shoe,4
2017-07-01,O'Brien Men's Neoprene Life Vest,5
2017-07-01,Pelican Sunstream 100 Kayak,3
2017-07-01,Perfect Fitness Perfect Rip Deck,21
2017-07-01,Under Armour Girls' Toddler Spine Surge Runni,11
2017-07-02,Diamondback Women's Serene Classic Comfort Bi,7
2017-07-02,Field & Stream Sportsman 16 Gun Fire Safe,13
2017-07-02,GolfBuddy VT3 GPS Watch,1
2017-07-02,Merrell Women's Grassbow Sport Waterproof Hik,2
2017-07-02,Merrell Women's Siren Mid Waterproof Hiking B,1
2017-07-02,Nike Men's CJ Elite 2 TD Football Cleat,10
2017-07-02,Nike Men's Dri-FIT Victory Golf Polo,36
2017-07-02,Nike Men's Free 5.0+ Running Shoe,5
2017-07-02,Nike Women's Free 5.0 TR FIT PRT 4 Training S,3
2017-07-02,O'Brien Men's Neoprene Life Vest,39
2017-07-02,Pelican Sunstream 100 Kayak,7
2017-07-02,Perfect Fitness Perfect Rip Deck,53
2017-07-02,TaylorMade White Smoke IN-12 Putter,2
2017-07-02,Under Armour Girls' Toddler Spine Surge Runni,18
2017-07-02,Yakima DoubleDown Ace Hitch Mount 4-Bike Rack,1
2017-07-03,Cleveland Golf Women's 588 RTX CB Satin Chrom,1
2017-07-03,Diamondback Women's Serene Classic Comfort Bi,7
2017-07-03,Elevation Training Mask 2.0,5
2017-07-03,Field & Stream Sportsman 16 Gun Fire Safe,5
2017-07-03,Garmin Approach S3 Golf GPS Watch,1
2017-07-03,GolfBuddy VT3 GPS Watch,1
2017-07-03,MDGolf Pittsburgh Penguins Putter,1
2017-07-03,Nike Men's CJ Elite 2 TD Football Cleat,10
2017-07-03,Nike Men's Dri-FIT Victory Golf Polo,12
2017-07-03,Nike Men's Free 5.0+ Running Shoe,18
2017-07-03,O'Brien Men's Neoprene Life Vest,3
2017-07-03,Pelican Sunstream 100 Kayak,3
2017-07-03,Perfect Fitness Perfect Rip Deck,26
2017-07-03,Polar FT4 Heart Rate Monitor,3
2017-07-03,TaylorMade Women's RBZ SL Rescue,1
2017-07-03,The North Face Women's Recon Backpack,5
2017-07-04,Brooks Women's Ghost 6 Running Shoe,1
2017-07-04,Diamondback Women's Serene Classic Comfort Bi,10
2017-07-04,Field & Stream Sportsman 16 Gun Fire Safe,8
2017-07-04,Garmin Approach S3 Golf GPS Watch,1
2017-07-04,Mio ALPHA Heart Rate Monitor/Sport Watch,1
2017-07-04,Nike Kids' Grade School KD VI Basketball Shoe,3
2017-07-04,Nike Men's CJ Elite 2 TD Football Cleat,12
2017-07-04,Nike Men's Dri-FIT Victory Golf Polo,44
2017-07-04,Nike Men's Free 5.0+ Running Shoe,22
2017-07-04,O'Brien Men's Neoprene Life Vest,32
2017-07-04,Pelican Sunstream 100 Kayak,5
2017-07-04,Perfect Fitness Perfect Rip Deck,48
2017-07-04,TaylorMade Women's RBZ SL Rescue,1
2017-07-04,Under Armour Girls' Toddler Spine Surge Runni,9
2017-07-05,Diamondback Women's Serene Classic Comfort Bi,3
2017-07-05,Field & Stream Sportsman 16 Gun Fire Safe,8
2017-07-05,Fitbit The One Wireless Activity & Sleep Trac,5
2017-07-05,Merrell Men's All Out Flash Trail Running Sho,1
2017-07-05,Nike Kids' Grade School KD VI Basketball Shoe,5
2017-07-05,Nike Men's CJ Elite 2 TD Football Cleat,11
2017-07-05,Nike Men's Dri-FIT Victory Golf Polo,29
2017-07-05,Nike Men's Free 5.0+ Running Shoe,17
2017-07-05,O'Brien Men's Neoprene Life Vest,27
2017-07-05,Pelican Sunstream 100 Kayak,7
2017-07-05,Perfect Fitness Perfect Rip Deck,21
2017-07-05,Polar Loop Activity Tracker,1
2017-07-05,TaylorMade 2014 Purelite Stand Bag,1
2017-07-05,Under Armour Girls' Toddler Spine Surge Runni,16
2017-07-05,adidas Brazuca 2014 Official Match Ball,1
2017-07-06,Diamondback Women's Serene Classic Comfort Bi,12
2017-07-06,Field & Stream Sportsman 16 Gun Fire Safe,9
2017-07-06,Fitbit The One Wireless Activity & Sleep Trac,2
2017-07-06,LIJA Women's Button Golf Dress,1
2017-07-06,LIJA Women's Mid-Length Panel Golf Shorts,6
2017-07-06,Nike Men's CJ Elite 2 TD Football Cleat,19
2017-07-06,Nike Men's Dri-FIT Victory Golf Polo,27
2017-07-06,Nike Men's Fingertrap Max Training Shoe,1
2017-07-06,Nike Men's Free 5.0+ Running Shoe,15
2017-07-06,O'Brien Men's Neoprene Life Vest,32
2017-07-06,Pelican Sunstream 100 Kayak,11
2017-07-06,Perfect Fitness Perfect Rip Deck,61
2017-07-06,Polar Loop Activity Tracker,2
2017-07-06,TaylorMade 2014 Purelite Stand Bag,1
2017-07-06,Under Armour Girls' Toddler Spine Surge Runni,16
2017-07-06,insta-bed Neverflat Air Mattress,1
2017-07-07,Brooks Women's Ghost 6 Running Shoe,1
2017-07-07,Cleveland Golf Women's 588 RTX CB Satin Chrom,1
2017-07-07,Diamondback Women's Serene Classic Comfort Bi,5
2017-07-07,Field & Stream Sportsman 16 Gun Fire Safe,11
2017-07-07,LIJA Women's Argyle Golf Polo,3
2017-07-07,Merrell Women's Grassbow Sport Waterproof Hik,2
2017-07-07,Nike Men's CJ Elite 2 TD Football Cleat,6
2017-07-07,Nike Men's Dri-FIT Victory Golf Polo,25
2017-07-07,Nike Men's Free 5.0+ Running Shoe,16
2017-07-07,O'Brien Men's Neoprene Life Vest,10
2017-07-07,Pelican Sunstream 100 Kayak,6
2017-07-07,Perfect Fitness Perfect Rip Deck,21
2017-07-07,Under Armour Girls' Toddler Spine Surge Runni,22
2017-07-08,Diamondback Women's Serene Classic Comfort Bi,3
2017-07-08,Field & Stream Sportsman 16 Gun Fire Safe,5
2017-07-08,GolfBuddy VT3 GPS Watch,1
2017-07-08,LIJA Women's Button Golf Dress,1
2017-07-08,Nike Men's CJ Elite 2 TD Football Cleat,6
2017-07-08,Nike Men's Dri-FIT Victory Golf Polo,31
2017-07-08,Nike Men's Free 5.0+ Running Shoe,11
2017-07-08,O'Brien Men's Neoprene Life Vest,41
2017-07-08,Pelican Sunstream 100 Kayak,6
2017-07-08,Perfect Fitness Perfect Rip Deck,21
2017-07-08,Under Armour Girls' Toddler Spine Surge Runni,9
2017-07-09,Diamondback Women's Serene Classic Comfort Bi,8
2017-07-09,Field & Stream Sportsman 16 Gun Fire Safe,6
2017-07-09,GolfBuddy VT3 GPS Watch,1
2017-07-09,LIJA Women's Argyle Golf Polo,2
2017-07-09,Nike Men's CJ Elite 2 TD Football Cleat,5
2017-07-09,Nike Men's Dri-FIT Victory Golf Polo,17
2017-07-09,Nike Men's Free 5.0+ Running Shoe,4
2017-07-09,Nike Men's Free TR 5.0 TB Training Shoe,2
2017-07-09,O'Brien Men's Neoprene Life Vest,24
2017-07-09,Pelican Sunstream 100 Kayak,9
2017-07-09,Perfect Fitness Perfect Rip Deck,27
2017-07-09,Under Armour Girls' Toddler Spine Surge Runni,11
2017-07-10,Cleveland Golf Women's 588 RTX CB Satin Chrom,1
2017-07-10,Diamondback Women's Serene Classic Comfort Bi,3
2017-07-10,Field & Stream Sportsman 16 Gun Fire Safe,6
2017-07-10,LIJA Women's Button Golf Dress,1
2017-07-10,Merrell Men's All Out Flash Trail Running Sho,1
2017-07-10,Nike Men's CJ Elite 2 TD Football Cleat,10
2017-07-10,Nike Men's Dri-FIT Victory Golf Polo,5
2017-07-10,Nike Men's Free 5.0+ Running Shoe,10
2017-07-10,O'Brien Men's Neoprene Life Vest,19
2017-07-10,Pelican Sunstream 100 Kayak,10
2017-07-10,Perfect Fitness Perfect Rip Deck,20
2017-07-10,Yakima DoubleDown Ace Hitch Mount 4-Bike Rack,1
2017-07-11,Cleveland Golf Collegiate My Custom Wedge 588,1
2017-07-11,Diamondback Women's Serene Classic Comfort Bi,6
2017-07-11,Elevation Training Mask 2.0,2
2017-07-11,Field & Stream Sportsman 16 Gun Fire Safe,11
2017-07-11,LIJA Women's Argyle Golf Polo,2
2017-07-11,Merrell Women's Grassbow Sport Waterproof Hik,1
2017-07-11,Nike Men's CJ Elite 2 TD Football Cleat,11
2017-07-11,Nike Men's Dri-FIT Victory Golf Polo,42
2017-07-11,Nike Men's Free 5.0+ Running Shoe,5
2017-07-11,Nike Men's Kobe IX Elite Low Basketball Shoe,1
2017-07-11,Nike Women's Free 5.0 TR FIT PRT 4 Training S,4
2017-07-11,O'Brien Men's Neoprene Life Vest,31
2017-07-11,Ogio Race Golf Shoes,2
2017-07-11,Pelican Sunstream 100 Kayak,10
2017-07-11,Perfect Fitness Perfect Rip Deck,55
2017-07-11,Polar FT4 Heart Rate Monitor,3
2017-07-11,Polar Loop Activity Tracker,1
2017-07-11,TaylorMade 2014 Purelite Stand Bag,1
2017-07-11,TaylorMade Women's RBZ SL Rescue,1
2017-07-11,Under Armour Girls' Toddler Spine Surge Runni,5
2017-07-12,Diamondback Women's Serene Classic Comfort Bi,4
2017-07-12,Field & Stream Sportsman 16 Gun Fire Safe,5
2017-07-12,Garmin Approach S3 Golf GPS Watch,2
2017-07-12,LIJA Women's Argyle Golf Polo,4
2017-07-12,LIJA Women's Mid-Length Panel Golf Shorts,2
2017-07-12,Merrell Women's Siren Mid Waterproof Hiking B,1
2017-07-12,Mio ALPHA Heart Rate Monitor/Sport Watch,1
2017-07-12,Nike Men's CJ Elite 2 TD Football Cleat,4
2017-07-12,Nike Men's Dri-FIT Victory Golf Polo,22
2017-07-12,Nike Men's Free 5.0+ Running Shoe,12
2017-07-12,Nike Women's Free 5.0 TR FIT PRT 4 Training S,3
2017-07-12,O'Brien Men's Neoprene Life Vest,18
2017-07-12,Pelican Sunstream 100 Kayak,8
2017-07-12,Perfect Fitness Perfect Rip Deck,25
2017-07-12,TaylorMade 2014 Purelite Stand Bag,1
2017-07-12,Under Armour Girls' Toddler Spine Surge Runni,3
2017-07-12,adidas Brazuca 2014 Official Match Ball,2
2017-07-13,Diamondback Women's Serene Classic Comfort Bi,3
2017-07-13,Field & Stream Sportsman 16 Gun Fire Safe,6
2017-07-13,Nike Kids' Grade School KD VI Basketball Shoe,2
2017-07-13,Nike Men's CJ Elite 2 TD Football Cleat,13
2017-07-13,Nike Men's Dri-FIT Victory Golf Polo,43
2017-07-13,Nike Men's Free 5.0+ Running Shoe,22
2017-07-13,Nike Men's Free TR 5.0 TB Training Shoe,4
2017-07-13,O'Brien Men's Neoprene Life Vest,32
2017-07-13,Pelican Sunstream 100 Kayak,7
2017-07-13,Perfect Fitness Perfect Rip Deck,36
2017-07-13,TaylorMade 2014 Purelite Stand Bag,1
2017-07-13,Under Armour Girls' Toddler Spine Surge Runni,21
2017-07-13,adidas Brazuca 2014 Official Match Ball,1
2017-07-14,Bag Boy M330 Push Cart,4
2017-07-14,Diamondback Women's Serene Classic Comfort Bi,7
2017-07-14,Field & Stream Sportsman 16 Gun Fire Safe,7
2017-07-14,LIJA Women's Mid-Length Panel Golf Shorts,1
2017-07-14,Merrell Women's Grassbow Sport Hiking Shoe,4
2017-07-14,Nike Men's CJ Elite 2 TD Football Cleat,9
2017-07-14,Nike Men's Dri-FIT Victory Golf Polo,6
2017-07-14,Nike Men's Fingertrap Max Training Shoe,1
2017-07-14,Nike Men's Free 5.0+ Running Shoe,12
2017-07-14,O'Brien Men's Neoprene Life Vest,9
2017-07-14,Pelican Sunstream 100 Kayak,3
2017-07-14,Perfect Fitness Perfect Rip Deck,32
2017-07-14,Polar Loop Activity Tracker,2
2017-07-14,TaylorMade White Smoke IN-12 Putter,4
2017-07-14,Under Armour Girls' Toddler Spine Surge Runni,4
2017-07-14,insta-bed Neverflat Air Mattress,1
2017-07-15,Cleveland Golf Women's 588 RTX CB Satin Chrom,1
2017-07-15,Diamondback Women's Serene Classic Comfort Bi,1
2017-07-15,Field & Stream Sportsman 16 Gun Fire Safe,4
2017-07-15,Merrell Men's All Out Flash Trail Running Sho,1
2017-07-15,Nike Men's CJ Elite 2 TD Football Cleat,9
2017-07-15,Nike Men's Dri-FIT Victory Golf Polo,20
2017-07-15,Nike Men's Free 5.0+ Running Shoe,16
2017-07-15,Nike Men's Free TR 5.0 TB Training Shoe,4
2017-07-15,O'Brien Men's Neoprene Life Vest,34
2017-07-15,Pelican Sunstream 100 Kayak,6
2017-07-15,Perfect Fitness Perfect Rip Deck,23
2017-07-15,TaylorMade Women's RBZ SL Rescue,1
2017-07-15,The North Face Women's Recon Backpack,2
2017-07-15,Under Armour Girls' Toddler Spine Surge Runni,19
2017-07-16,Cleveland Golf Women's 588 RTX CB Satin Chrom,1
2017-07-16,Diamondback Women's Serene Classic Comfort Bi,2
2017-07-16,Field & Stream Sportsman 16 Gun Fire Safe,9
2017-07-16,Fitbit The One Wireless Activity & Sleep Trac,3
2017-07-16,LIJA Women's Button Golf Dress,1
2017-07-16,Merrell Men's All Out Flash Trail Running Sho,1
2017-07-16,Nike Men's CJ Elite 2 TD Football Cleat,6
2017-07-16,Nike Men's Dri-FIT Victory Golf Polo,35
2017-07-16,Nike Men's Free 5.0+ Running Shoe,11
2017-07-16,O'Brien Men's Neoprene Life Vest,19
2017-07-16,Pelican Sunstream 100 Kayak,3
2017-07-16,Perfect Fitness Perfect Rip Deck,24
2017-07-16,Under Armour Girls' Toddler Spine Surge Runni,7
2017-07-17,Cleveland Golf Women's 588 RTX CB Satin Chrom,2
2017-07-17,Diamondback Women's Serene Classic Comfort Bi,3
2017-07-17,Field & Stream Sportsman 16 Gun Fire Safe,12
2017-07-17,Merrell Women's Siren Mid Waterproof Hiking B,2
2017-07-17,Nike Men's CJ Elite 2 TD Football Cleat,9
2017-07-17,Nike Men's Dri-FIT Victory Golf Polo,24
2017-07-17,Nike Men's Fingertrap Max Training Shoe,1
2017-07-17,Nike Men's Free 5.0+ Running Shoe,32
2017-07-17,O'Brien Men's Neoprene Life Vest,13
2017-07-17,Pelican Sunstream 100 Kayak,7
2017-07-17,Perfect Fitness Perfect Rip Deck,36
2017-07-17,The North Face Women's Recon Backpack,2
2017-07-17,Under Armour Girls' Toddler Spine Surge Runni,15
2017-07-17,Yakima DoubleDown Ace Hitch Mount 4-Bike Rack,1
2017-07-18,Diamondback Women's Serene Classic Comfort Bi,7
2017-07-18,Elevation Training Mask 2.0,4
2017-07-18,Field & Stream Sportsman 16 Gun Fire Safe,2
2017-07-18,Fitbit The One Wireless Activity & Sleep Trac,1
2017-07-18,MDGolf Pittsburgh Penguins Putter,4
2017-07-18,Merrell Men's All Out Flash Trail Running Sho,1
2017-07-18,Nike Men's CJ Elite 2 TD Football Cleat,11
2017-07-18,Nike Men's Dri-FIT Victory Golf Polo,27
2017-07-18,O'Brien Men's Neoprene Life Vest,6
2017-07-18,Pelican Sunstream 100 Kayak,4
2017-07-18,Perfect Fitness Perfect Rip Deck,23
2017-07-18,The North Face Women's Recon Backpack,4
2017-07-18,Under Armour Girls' Toddler Spine Surge Runni,12
2017-07-18,adidas Brazuca 2014 Official Match Ball,1
2017-07-19,Cleveland Golf Collegiate My Custom Wedge 588,1
2017-07-19,Cleveland Golf Women's 588 RTX CB Satin Chrom,1
2017-07-19,Diamondback Women's Serene Classic Comfort Bi,3
2017-07-19,Field & Stream Sportsman 16 Gun Fire Safe,6
2017-07-19,Nike Men's CJ Elite 2 TD Football Cleat,5
2017-07-19,Nike Men's Dri-FIT Victory Golf Polo,21
2017-07-19,Nike Men's Free 5.0+ Running Shoe,12
2017-07-19,O'Brien Men's Neoprene Life Vest,8
2017-07-19,Pelican Sunstream 100 Kayak,6
2017-07-19,Perfect Fitness Perfect Rip Deck,21
2017-07-19,Polar FT4 Heart Rate Monitor,4
2017-07-19,Under Armour Girls' Toddler Spine Surge Runni,14
2017-07-19,adidas Brazuca 2014 Official Match Ball,1
2017-07-20,Diamondback Women's Serene Classic Comfort Bi,6
2017-07-20,Field & Stream Sportsman 16 Gun Fire Safe,9
2017-07-20,Fitbit The One Wireless Activity & Sleep Trac,2
2017-07-20,LIJA Women's Argyle Golf Polo,5
2017-07-20,Merrell Men's All Out Flash Trail Running Sho,1
2017-07-20,Merrell Women's Siren Mid Waterproof Hiking B,1
2017-07-20,Nike Men's CJ Elite 2 TD Football Cleat,3
2017-07-20,Nike Men's Dri-FIT Victory Golf Polo,17
2017-07-20,Nike Men's Free 5.0+ Running Shoe,20
2017-07-20,O'Brien Men's Neoprene Life Vest,26
2017-07-20,Pelican Sunstream 100 Kayak,6
2017-07-20,Perfect Fitness Perfect Rip Deck,19
2017-07-20,Polar Loop Activity Tracker,1
2017-07-20,TaylorMade White Smoke IN-12 Putter,4
2017-07-20,TaylorMade Women's RBZ SL Rescue,1
2017-07-20,Under Armour Girls' Toddler Spine Surge Runni,9
2017-07-21,Bag Boy M330 Push Cart,3
2017-07-21,Brooks Women's Ghost 6 Running Shoe,4
2017-07-21,Diamondback Women's Serene Classic Comfort Bi,7
2017-07-21,Field & Stream Sportsman 16 Gun Fire Safe,7
2017-07-21,Mio ALPHA Heart Rate Monitor/Sport Watch,2
2017-07-21,Nike Men's CJ Elite 2 TD Football Cleat,7
2017-07-21,Nike Men's Dri-FIT Victory Golf Polo,48
2017-07-21,Nike Men's Free 5.0+ Running Shoe,13
2017-07-21,Nike Men's Free TR 5.0 TB Training Shoe,3
2017-07-21,Nike Women's Free 5.0 TR FIT PRT 4 Training S,10
2017-07-21,O'Brien Men's Neoprene Life Vest,38
2017-07-21,Pelican Sunstream 100 Kayak,7
2017-07-21,Perfect Fitness Perfect Rip Deck,21
2017-07-21,Under Armour Girls' Toddler Spine Surge Runni,10
2017-07-21,Yakima DoubleDown Ace Hitch Mount 4-Bike Rack,1
2017-07-22,Cleveland Golf Collegiate My Custom Wedge 588,1
2017-07-22,Diamondback Women's Serene Classic Comfort Bi,3
2017-07-22,Field & Stream Sportsman 16 Gun Fire Safe,8
2017-07-22,MDGolf Pittsburgh Penguins Putter,8
2017-07-22,Merrell Men's All Out Flash Trail Running Sho,1
2017-07-22,Mio ALPHA Heart Rate Monitor/Sport Watch,1
2017-07-22,Nike Kids' Grade School KD VI Basketball Shoe,3
2017-07-22,Nike Men's CJ Elite 2 TD Football Cleat,14
2017-07-22,Nike Men's Dri-FIT Victory Golf Polo,28
2017-07-22,Nike Men's Free 5.0+ Running Shoe,25
2017-07-22,O'Brien Men's Neoprene Life Vest,31
2017-07-22,Pelican Sunstream 100 Kayak,11
2017-07-22,Perfect Fitness Perfect Rip Deck,36
2017-07-22,TaylorMade 2014 Purelite Stand Bag,1
2017-07-22,Titleist Small Wheeled Travel Cover,1
2017-07-22,Under Armour Girls' Toddler Spine Surge Runni,13
2017-07-22,insta-bed Neverflat Air Mattress,1
2017-07-23,Brooks Women's Ghost 6 Running Shoe,4
2017-07-23,Diamondback Women's Serene Classic Comfort Bi,8
2017-07-23,Elevation Training Mask 2.0,2
2017-07-23,Field & Stream Sportsman 16 Gun Fire Safe,8
2017-07-23,Fitbit The One Wireless Activity & Sleep Trac,2
2017-07-23,Merrell Women's Grassbow Sport Waterproof Hik,1
2017-07-23,Nike Men's CJ Elite 2 TD Football Cleat,10
2017-07-23,Nike Men's Dri-FIT Victory Golf Polo,25
2017-07-23,Nike Men's Free 5.0+ Running Shoe,21
2017-07-23,O'Brien Men's Neoprene Life Vest,40
2017-07-23,Pelican Sunstream 100 Kayak,10
2017-07-23,Perfect Fitness Perfect Rip Deck,26
2017-07-23,Under Armour Girls' Toddler Spine Surge Runni,30
2017-07-23,Yakima DoubleDown Ace Hitch Mount 4-Bike Rack,1
2017-07-23,adidas Brazuca 2014 Official Match Ball,1
2017-07-24,Diamondback Women's Serene Classic Comfort Bi,4
2017-07-24,Field & Stream Sportsman 16 Gun Fire Safe,5
2017-07-24,Garmin Approach S3 Golf GPS Watch,1
2017-07-24,Merrell Women's Siren Mid Waterproof Hiking B,1
2017-07-24,Mio ALPHA Heart Rate Monitor/Sport Watch,1
2017-07-24,Nike Men's CJ Elite 2 TD Football Cleat,8
2017-07-24,Nike Men's Dri-FIT Victory Golf Polo,21
2017-07-24,Nike Men's Free 5.0+ Running Shoe,10
2017-07-24,O'Brien Men's Neoprene Life Vest,6
2017-07-24,Pelican Sunstream 100 Kayak,4
2017-07-24,Perfect Fitness Perfect Rip Deck,28
2017-07-24,TaylorMade White Smoke IN-12 Putter,4
2017-07-24,TaylorMade Women's RBZ SL Rescue,1
2017-07-24,Under Armour Girls' Toddler Spine Surge Runni,13
2017-07-24,insta-bed Neverflat Air Mattress,1
2017-07-25,Cleveland Golf Women's 588 RTX CB Satin Chrom,1
2017-07-25,Diamondback Women's Serene Classic Comfort Bi,7
2017-07-25,Elevation Training Mask 2.0,3
2017-07-25,Field & Stream Sportsman 16 Gun Fire Safe,9
2017-07-25,Merrell Women's Grassbow Sport Waterproof Hik,1
2017-07-25,Nike Men's CJ Elite 2 TD Football Cleat,7
2017-07-25,Nike Men's Dri-FIT Victory Golf Polo,15
2017-07-25,Nike Men's Free 5.0+ Running Shoe,23
2017-07-25,Nike Men's Free TR 5.0 TB Training Shoe,5
2017-07-25,O'Brien Men's Neoprene Life Vest,7
2017-07-25,Perfect Fitness Perfect Rip Deck,27
2017-07-25,Under Armour Girls' Toddler Spine Surge Runni,12
2017-07-26,Brooks Women's Ghost 6 Running Shoe,5
2017-07-26,Diamondback Women's Serene Classic Comfort Bi,5
2017-07-26,Field & Stream Sportsman 16 Gun Fire Safe,5
2017-07-26,LIJA Women's Button Golf Dress,1
2017-07-26,Merrell Women's Grassbow Sport Hiking Shoe,3
2017-07-26,Merrell Women's Grassbow Sport Waterproof Hik,1
2017-07-26,Nike Men's CJ Elite 2 TD Football Cleat,8
2017-07-26,Nike Men's Dri-FIT Victory Golf Polo,20
2017-07-26,Nike Men's Free 5.0+ Running Shoe,28
2017-07-26,Nike Women's Free 5.0 TR FIT PRT 4 Training S,3
2017-07-26,O'Brien Men's Neoprene Life Vest,23
2017-07-26,Pelican Sunstream 100 Kayak,2
2017-07-26,Perfect Fitness Perfect Rip Deck,36
2017-07-26,TaylorMade Women's RBZ SL Rescue,1
2017-07-26,Under Armour Girls' Toddler Spine Surge Runni,3
2017-07-26,insta-bed Neverflat Air Mattress,1
2017-07-27,Diamondback Women's Serene Classic Comfort Bi,2
2017-07-27,Elevation Training Mask 2.0,4
2017-07-27,Field & Stream Sportsman 16 Gun Fire Safe,8
2017-07-27,Merrell Women's Grassbow Sport Hiking Shoe,5
2017-07-27,Nike Men's CJ Elite 2 TD Football Cleat,8
2017-07-27,Nike Men's Dri-FIT Victory Golf Polo,22
2017-07-27,Nike Men's Free 5.0+ Running Shoe,13
2017-07-27,Nike Men's Free TR 5.0 TB Training Shoe,5
2017-07-27,O'Brien Men's Neoprene Life Vest,35
2017-07-27,Pelican Sunstream 100 Kayak,7
2017-07-27,Perfect Fitness Perfect Rip Deck,30
2017-07-27,Under Armour Girls' Toddler Spine Surge Runni,6
2017-07-27,Yakima DoubleDown Ace Hitch Mount 4-Bike Rack,2
2017-07-28,Cleveland Golf Women's 588 RTX CB Satin Chrom,1
2017-07-28,Diamondback Women's Serene Classic Comfort Bi,6
2017-07-28,Field & Stream Sportsman 16 Gun Fire Safe,10
2017-07-28,Mio ALPHA Heart Rate Monitor/Sport Watch,1
2017-07-28,Nike Men's CJ Elite 2 TD Football Cleat,6
2017-07-28,Nike Men's Dri-FIT Victory Golf Polo,22
2017-07-28,Nike Men's Free 5.0+ Running Shoe,14
2017-07-28,O'Brien Men's Neoprene Life Vest,27
2017-07-28,Pelican Sunstream 100 Kayak,8
2017-07-28,Perfect Fitness Perfect Rip Deck,32
2017-07-28,Under Armour Girls' Toddler Spine Surge Runni,24
2017-07-29,Cleveland Golf Collegiate My Custom Wedge 588,1
2017-07-29,Cleveland Golf Women's 588 RTX CB Satin Chrom,1
2017-07-29,Diamondback Women's Serene Classic Comfort Bi,9
2017-07-29,Elevation Training Mask 2.0,3
2017-07-29,Field & Stream Sportsman 16 Gun Fire Safe,9
2017-07-29,LIJA Women's Button Golf Dress,1
2017-07-29,Merrell Women's Grassbow Sport Hiking Shoe,2
2017-07-29,Nike Men's CJ Elite 2 TD Football Cleat,7
2017-07-29,Nike Men's Dri-FIT Victory Golf Polo,20
2017-07-29,Nike Men's Free 5.0+ Running Shoe,16
2017-07-29,O'Brien Men's Neoprene Life Vest,13
2017-07-29,Pelican Sunstream 100 Kayak,6
2017-07-29,Perfect Fitness Perfect Rip Deck,31
2017-07-29,Under Armour Girls' Toddler Spine Surge Runni,9
2017-07-29,Yakima DoubleDown Ace Hitch Mount 4-Bike Rack,1
2017-07-30,Brooks Women's Ghost 6 Running Shoe,1
2017-07-30,Diamondback Women's Serene Classic Comfort Bi,5
2017-07-30,Field & Stream Sportsman 16 Gun Fire Safe,11
2017-07-30,Garmin Approach S3 Golf GPS Watch,1
2017-07-30,GolfBuddy VT3 GPS Watch,2
2017-07-30,Merrell Men's All Out Flash Trail Running Sho,1
2017-07-30,Nike Men's CJ Elite 2 TD Football Cleat,16
2017-07-30,Nike Men's Dri-FIT Victory Golf Polo,27
2017-07-30,Nike Men's Free 5.0+ Running Shoe,29
2017-07-30,Nike Men's Free TR 5.0 TB Training Shoe,1
2017-07-30,O'Brien Men's Neoprene Life Vest,9
2017-07-30,Pelican Sunstream 100 Kayak,3
2017-07-30,Perfect Fitness Perfect Rip Deck,33
2017-07-30,TaylorMade White Smoke IN-12 Putter,5
2017-07-30,The North Face Women's Recon Backpack,3
2017-07-30,Under Armour Girls' Toddler Spine Surge Runni,14
2017-07-31,Diamondback Women's Serene Classic Comfort Bi,5
2017-07-31,Field & Stream Sportsman 16 Gun Fire Safe,11
2017-07-31,MDGolf Pittsburgh Penguins Putter,1
2017-07-31,Merrell Women's Grassbow Sport Hiking Shoe,1
2017-07-31,Nike Men's CJ Elite 2 TD Football Cleat,15
2017-07-31,Nike Men's Dri-FIT Victory Golf Polo,44
2017-07-31,Nike Men's Free 5.0+ Running Shoe,5
2017-07-31,O'Brien Men's Neoprene Life Vest,12
2017-07-31,Pelican Sunstream 100 Kayak,6
2017-07-31,Perfect Fitness Perfect Rip Deck,11
2017-07-31,TaylorMade 2014 Purelite Stand Bag,1
2017-07-31,The North Face Women's Recon Backpack,3
2017-07-31,Under Armour Girls' Toddler Spine Surge Runni,23
2017-07-31,adidas Brazuca 2014 Official Match Ball,1
2017-08-01,Cleveland Golf Women's 588 RTX CB Satin Chrom,1
2017-08-01,Diamondback Women's Serene Classic Comfort Bi,4
2017-08-01,Field & Stream Sportsman 16 Gun Fire Safe,5
2017-08-01,Garmin Approach S3 Golf GPS Watch,1
2017-08-01,Merrell Women's Siren Mid Waterproof Hiking B,1
2017-08-01,Nike Men's CJ Elite 2 TD Football Cleat,11
2017-08-01,Nike Men's Dri-FIT Victory Golf Polo,27
2017-08-01,Nike Men's Free 5.0+ Running Shoe,24
2017-08-01,O'Brien Men's Neoprene Life Vest,20
2017-08-01,Pelican Sunstream 100 Kayak,11
2017-08-01,Perfect Fitness Perfect Rip Deck,42
2017-08-01,The North Face Women's Recon Backpack,4
2017-08-01,Under Armour Girls' Toddler Spine Surge Runni,6
2017-08-02,Bag Boy M330 Push Cart,1
2017-08-02,Cleveland Golf Collegiate My Custom Wedge 588,1
2017-08-02,Diamondback Women's Serene Classic Comfort Bi,12
2017-08-02,Elevation Training Mask 2.0,2
2017-08-02,Field & Stream Sportsman 16 Gun Fire Safe,5
2017-08-02,Mio ALPHA Heart Rate Monitor/Sport Watch,1
2017-08-02,Nike Men's CJ Elite 2 TD Football Cleat,15
2017-08-02,Nike Men's Dri-FIT Victory Golf Polo,26
2017-08-02,Nike Men's Free 5.0+ Running Shoe,14
2017-08-02,O'Brien Men's Neoprene Life Vest,22
2017-08-02,Ogio Race Golf Shoes,1
2017-08-02,Pelican Sunstream 100 Kayak,4
2017-08-02,Perfect Fitness Perfect Rip Deck,36
2017-08-02,Under Armour Girls' Toddler Spine Surge Runni,12
2017-08-03,Brooks Women's Ghost 6 Running Shoe,3
2017-08-03,Diamondback Women's Serene Classic Comfort Bi,6
2017-08-03,Field & Stream Sportsman 16 Gun Fire Safe,8
2017-08-03,Fitbit The One Wireless Activity & Sleep Trac,1
2017-08-03,GolfBuddy VT3 GPS Watch,1
2017-08-03,Merrell Men's All Out Flash Trail Running Sho,1
2017-08-03,Nike Men's CJ Elite 2 TD Football Cleat,5
2017-08-03,Nike Men's Dri-FIT Victory Golf Polo,47
2017-08-03,O'Brien Men's Neoprene Life Vest,19
2017-08-03,Pelican Sunstream 100 Kayak,6
2017-08-03,Perfect Fitness Perfect Rip Deck,34
2017-08-03,Under Armour Girls' Toddler Spine Surge Runni,30
2017-08-04,Diamondback Women's Serene Classic Comfort Bi,6
2017-08-04,Field & Stream Sportsman 16 Gun Fire Safe,7
2017-08-04,Garmin Approach S3 Golf GPS Watch,1
2017-08-04,MDGolf Pittsburgh Penguins Putter,4
2017-08-04,Merrell Men's All Out Flash Trail Running Sho,1
2017-08-04,Merrell Women's Grassbow Sport Hiking Shoe,2
2017-08-04,Nike Men's CJ Elite 2 TD Football Cleat,7
2017-08-04,Nike Men's Dri-FIT Victory Golf Polo,31
2017-08-04,Nike Men's Free 5.0+ Running Shoe,8
2017-08-04,Nike Men's Free TR 5.0 TB Training Shoe,4
2017-08-04,O'Brien Men's Neoprene Life Vest,37
2017-08-04,Pelican Sunstream 100 Kayak,6
2017-08-04,Perfect Fitness Perfect Rip Deck,28
2017-08-04,TaylorMade 2014 Purelite Stand Bag,1
2017-08-04,TaylorMade White Smoke IN-12 Putter,7
2017-08-04,TaylorMade Women's RBZ SL Rescue,2
2017-08-04,Under Armour Girls' Toddler Spine Surge Runni,18
2017-08-05,Bag Boy M330 Push Cart,4
2017-08-05,Diamondback Women's Serene Classic Comfort Bi,7
2017-08-05,Field & Stream Sportsman 16 Gun Fire Safe,4
2017-08-05,LIJA Women's Mid-Length Panel Golf Shorts,9
2017-08-05,Nike Men's CJ Elite 2 TD Football Cleat,8
2017-08-05,Nike Men's Dri-FIT Victory Golf Polo,29
2017-08-05,Nike Men's Free 5.0+ Running Shoe,11
2017-08-05,O'Brien Men's Neoprene Life Vest,18
2017-08-05,Pelican Sunstream 100 Kayak,10
2017-08-05,Perfect Fitness Perfect Rip Deck,17
2017-08-05,TaylorMade Women's RBZ SL Rescue,1
2017-08-05,Under Armour Girls' Toddler Spine Surge Runni,12
2017-08-05,Yakima DoubleDown Ace Hitch Mount 4-Bike Rack,2
2017-08-05,insta-bed Neverflat Air Mattress,1
2017-08-06,Diamondback Women's Serene Classic Comfort Bi,4
2017-08-06,Field & Stream Sportsman 16 Gun Fire Safe,9
2017-08-06,Fitbit The One Wireless Activity & Sleep Trac,3
2017-08-06,Merrell Women's Grassbow Sport Hiking Shoe,1
2017-08-06,Nike Men's CJ Elite 2 TD Football Cleat,11
2017-08-06,Nike Men's Dri-FIT Victory Golf Polo,35
2017-08-06,Nike Men's Free 5.0+ Running Shoe,17
2017-08-06,O'Brien Men's Neoprene Life Vest,28
2017-08-06,Ogio Race Golf Shoes,1
2017-08-06,Pelican Sunstream 100 Kayak,5
2017-08-06,Perfect Fitness Perfect Rip Deck,25
2017-08-06,The North Face Women's Recon Backpack,3
2017-08-06,Under Armour Girls' Toddler Spine Surge Runni,3
2017-08-07,Bag Boy M330 Push Cart,5
2017-08-07,Diamondback Women's Serene Classic Comfort Bi,1
2017-08-07,Field & Stream Sportsman 16 Gun Fire Safe,7
2017-08-07,LIJA Women's Mid-Length Panel Golf Shorts,2
2017-08-07,Merrell Women's Grassbow Sport Hiking Shoe,1
2017-08-07,Nike Men's CJ Elite 2 TD Football Cleat,9
2017-08-07,Nike Men's Dri-FIT Victory Golf Polo,18
2017-08-07,Nike Men's Fingertrap Max Training Shoe,1
2017-08-07,Nike Men's Free 5.0+ Running Shoe,4
2017-08-07,O'Brien Men's Neoprene Life Vest,21
2017-08-07,Ogio Race Golf Shoes,1
2017-08-07,Pelican Sunstream 100 Kayak,5
2017-08-07,Perfect Fitness Perfect Rip Deck,39
2017-08-07,Polar FT4 Heart Rate Monitor,1
2017-08-07,The North Face Women's Recon Backpack,4
2017-08-07,Under Armour Girls' Toddler Spine Surge Runni,5
2017-08-08,Diamondback Women's Serene Classic Comfort Bi,4
2017-08-08,Field & Stream Sportsman 16 Gun Fire Safe,6
2017-08-08,LIJA Women's Mid-Length Panel Golf Shorts,4
2017-08-08,MDGolf Pittsburgh Penguins Putter,4
2017-08-08,Merrell Women's Siren Mid Waterproof Hiking B,1
2017-08-08,Nike Men's CJ Elite 2 TD Football Cleat,9
2017-08-08,Nike Men's Dri-FIT Victory Golf Polo,23
2017-08-08,Nike Men's Free 5.0+ Running Shoe,12
2017-08-08,O'Brien Men's Neoprene Life Vest,15
2017-08-08,Pelican Sunstream 100 Kayak,9
2017-08-08,Perfect Fitness Perfect Rip Deck,25
2017-08-08,Under Armour Girls' Toddler Spine Surge Runni,16
2017-08-08,Yakima DoubleDown Ace Hitch Mount 4-Bike Rack,1
2017-08-09,Bag Boy M330 Push Cart,4
2017-08-09,Diamondback Women's Serene Classic Comfort Bi,6
2017-08-09,Field & Stream Sportsman 16 Gun Fire Safe,7
2017-08-09,Nike Kids' Grade School KD VI Basketball Shoe,1
2017-08-09,Nike Men's CJ Elite 2 TD Football Cleat,9
2017-08-09,Nike Men's Dri-FIT Victory Golf Polo,42
2017-08-09,Nike Men's Free 5.0+ Running Shoe,4
2017-08-09,O'Brien Men's Neoprene Life Vest,45
2017-08-09,Pelican Sunstream 100 Kayak,13
2017-08-09,Perfect Fitness Perfect Rip Deck,33
2017-08-09,TaylorMade 2014 Purelite Stand Bag,1
2017-08-09,TaylorMade White Smoke IN-12 Putter,4
2017-08-09,TaylorMade Women's RBZ SL Rescue,1
2017-08-09,Under Armour Girls' Toddler Spine Surge Runni,15
2017-08-10,Diamondback Women's Serene Classic Comfort Bi,7
2017-08-10,Field & Stream Sportsman 16 Gun Fire Safe,13
2017-08-10,Garmin Approach S3 Golf GPS Watch,1
2017-08-10,MDGolf Pittsburgh Penguins Putter,1
2017-08-10,Nike Men's CJ Elite 2 TD Football Cleat,13
2017-08-10,Nike Men's Dri-FIT Victory Golf Polo,38
2017-08-10,Nike Men's Free 5.0+ Running Shoe,35
2017-08-10,O'Brien Men's Neoprene Life Vest,35
2017-08-10,Pelican Sunstream 100 Kayak,7
2017-08-10,Perfect Fitness Perfect Rip Deck,44
2017-08-10,TaylorMade White Smoke IN-12 Putter,8
2017-08-10,Under Armour Girls' Toddler Spine Surge Runni,8
2017-08-11,Brooks Women's Ghost 6 Running Shoe,4
2017-08-11,Cleveland Golf Collegiate My Custom Wedge 588,1
2017-08-11,Diamondback Women's Serene Classic Comfort Bi,11
2017-08-11,Field & Stream Sportsman 16 Gun Fire Safe,10
2017-08-11,Garmin Approach S3 Golf GPS Watch,1
2017-08-11,MDGolf Pittsburgh Penguins Putter,2
2017-08-11,Nike Men's CJ Elite 2 TD Football Cleat,14
2017-08-11,Nike Men's Dri-FIT Victory Golf Polo,24
2017-08-11,Nike Men's Free 5.0+ Running Shoe,6
2017-08-11,Nike Men's Kobe IX Elite Low Basketball Shoe,1
2017-08-11,O'Brien Men's Neoprene Life Vest,28
2017-08-11,Pelican Sunstream 100 Kayak,8
2017-08-11,Perfect Fitness Perfect Rip Deck,27
2017-08-11,TaylorMade Women's RBZ SL Rescue,1
2017-08-11,Under Armour Girls' Toddler Spine Surge Runni,19
2017-08-12,Diamondback Women's Serene Classic Comfort Bi,5
2017-08-12,Field & Stream Sportsman 16 Gun Fire Safe,5
2017-08-12,LIJA Women's Mid-Length Panel Golf Shorts,2
2017-08-12,Merrell Women's Grassbow Sport Waterproof Hik,1
2017-08-12,Nike Men's CJ Elite 2 TD Football Cleat,5
2017-08-12,Nike Men's Dri-FIT Victory Golf Polo,24
2017-08-12,Nike Men's Free 5.0+ Running Shoe,19
2017-08-12,Nike Women's Free 5.0 TR FIT PRT 4 Training S,2
2017-08-12,O'Brien Men's Neoprene Life Vest,16
2017-08-12,Pelican Sunstream 100 Kayak,5
2017-08-12,Perfect Fitness Perfect Rip Deck,38
2017-08-12,TaylorMade 2014 Purelite Stand Bag,1
2017-08-12,Under Armour Girls' Toddler Spine Surge Runni,10
2017-08-12,Yakima DoubleDown Ace Hitch Mount 4-Bike Rack,1
2017-08-13,Bag Boy M330 Push Cart,3
2017-08-13,Diamondback Women's Serene Classic Comfort Bi,6
2017-08-13,Elevation Training Mask 2.0,5
2017-08-13,Field & Stream Sportsman 16 Gun Fire Safe,10
2017-08-13,Fitbit The One Wireless Activity & Sleep Trac,4
2017-08-13,LIJA Women's Button Golf Dress,1
2017-08-13,Merrell Women's Siren Mid Waterproof Hiking B,1
2017-08-13,Nike Kids' Grade School KD VI Basketball Shoe,2
2017-08-13,Nike Men's CJ Elite 2 TD Football Cleat,12
2017-08-13,Nike Men's Dri-FIT Victory Golf Polo,26
2017-08-13,Nike Men's Free 5.0+ Running Shoe,19
2017-08-13,O'Brien Men's Neoprene Life Vest,25
2017-08-13,Pelican Sunstream 100 Kayak,9
2017-08-13,Perfect Fitness Perfect Rip Deck,19
2017-08-13,Polar FT4 Heart Rate Monitor,2
2017-08-13,Polar Loop Activity Tracker,1
2017-08-13,TaylorMade White Smoke IN-12 Putter,3
2017-08-13,TaylorMade Women's RBZ SL Rescue,1
2017-08-13,Under Armour Girls' Toddler Spine Surge Runni,3
2017-08-14,Cleveland Golf Women's 588 RTX CB Satin Chrom,1
2017-08-14,Diamondback Women's Serene Classic Comfort Bi,10
2017-08-14,Field & Stream Sportsman 16 Gun Fire Safe,9
2017-08-14,LIJA Women's Mid-Length Panel Golf Shorts,2
2017-08-14,Nike Men's CJ Elite 2 TD Football Cleat,8
2017-08-14,Nike Men's Dri-FIT Victory Golf Polo,37
2017-08-14,Nike Men's Free 5.0+ Running Shoe,20
2017-08-14,Nike Women's Free 5.0 TR FIT PRT 4 Training S,5
2017-08-14,O'Brien Men's Neoprene Life Vest,19
2017-08-14,Ogio Race Golf Shoes,1
2017-08-14,Pelican Sunstream 100 Kayak,3
2017-08-14,Perfect Fitness Perfect Rip Deck,21
2017-08-14,Under Armour Girls' Toddler Spine Surge Runni,4
2017-08-14,Yakima DoubleDown Ace Hitch Mount 4-Bike Rack,1
2017-08-14,adidas Brazuca 2014 Official Match Ball,1
2017-08-15,Bag Boy M330 Push Cart,3
2017-08-15,Diamondback Women's Serene Classic Comfort Bi,4
2017-08-15,Elevation Training Mask 2.0,3
2017-08-15,Field & Stream Sportsman 16 Gun Fire Safe,8
2017-08-15,LIJA Women's Argyle Golf Polo,2
2017-08-15,LIJA Women's Mid-Length Panel Golf Shorts,5
2017-08-15,Merrell Women's Grassbow Sport Hiking Shoe,2
2017-08-15,Nike Men's CJ Elite 2 TD Football Cleat,11
2017-08-15,Nike Men's Dri-FIT Victory Golf Polo,45
2017-08-15,Nike Men's Fingertrap Max Training Shoe,1
2017-08-15,Nike Men's Free 5.0+ Running Shoe,6
2017-08-15,Nike Women's Free 5.0 TR FIT PRT 4 Training S,4
2017-08-15,O'Brien Men's Neoprene Life Vest,38
2017-08-15,Pelican Sunstream 100 Kayak,10
2017-08-15,Perfect Fitness Perfect Rip Deck,28
2017-08-15,TaylorMade White Smoke IN-12 Putter,4
2017-08-15,Under Armour Girls' Toddler Spine Surge Runni,13
2017-08-15,adidas Brazuca 2014 Official Match Ball,1
2017-08-16,Brooks Women's Ghost 6 Running Shoe,3
2017-08-16,Diamondback Women's Serene Classic Comfort Bi,5
2017-08-16,Field & Stream Sportsman 16 Gun Fire Safe,7
2017-08-16,Merrell Men's All Out Flash Trail Running Sho,2
2017-08-16,Nike Men's CJ Elite 2 TD Football Cleat,10
2017-08-16,Nike Men's Dri-FIT Victory Golf Polo,24
2017-08-16,Nike Men's Free 5.0+ Running Shoe,5
2017-08-16,Nike Women's Free 5.0 TR FIT PRT 4 Training S,2
2017-08-16,O'Brien Men's Neoprene Life Vest,28
2017-08-16,Pelican Sunstream 100 Kayak,11
2017-08-16,Perfect Fitness Perfect Rip Deck,32
2017-08-16,Polar FT4 Heart Rate Monitor,3
2017-08-16,TaylorMade 2014 Purelite Stand Bag,1
2017-08-16,TaylorMade White Smoke IN-12 Putter,4
2017-08-16,Under Armour Girls' Toddler Spine Surge Runni,17
2017-08-17,Diamondback Women's Serene Classic Comfort Bi,11
2017-08-17,Field & Stream Sportsman 16 Gun Fire Safe,7
2017-08-17,LIJA Women's Argyle Golf Polo,7
2017-08-17,LIJA Women's Mid-Length Panel Golf Shorts,1
2017-08-17,Nike Men's CJ Elite 2 TD Football Cleat,10
2017-08-17,Nike Men's Dri-FIT Victory Golf Polo,22
2017-08-17,Nike Men's Free 5.0+ Running Shoe,19
2017-08-17,O'Brien Men's Neoprene Life Vest,14
2017-08-17,Pelican Sunstream 100 Kayak,9
2017-08-17,Perfect Fitness Perfect Rip Deck,31
2017-08-17,TaylorMade Women's RBZ SL Rescue,1
2017-08-17,Under Armour Girls' Toddler Spine Surge Runni,14
2017-08-18,Bag Boy M330 Push Cart,3
2017-08-18,Diamondback Women's Serene Classic Comfort Bi,3
2017-08-18,Field & Stream Sportsman 16 Gun Fire Safe,11
2017-08-18,Garmin Approach S3 Golf GPS Watch,1
2017-08-18,LIJA Women's Button Golf Dress,1
2017-08-18,MDGolf Pittsburgh Penguins Putter,5
2017-08-18,Nike Men's CJ Elite 2 TD Football Cleat,8
2017-08-18,Nike Men's Dri-FIT Victory Golf Polo,38
2017-08-18,Nike Men's Free 5.0+ Running Shoe,17
2017-08-18,Nike Men's Kobe IX Elite Low Basketball Shoe,1
2017-08-18,O'Brien Men's Neoprene Life Vest,21
2017-08-18,Pelican Sunstream 100 Kayak,7
2017-08-18,Perfect Fitness Perfect Rip Deck,27
2017-08-18,Polar FT4 Heart Rate Monitor,6
2017-08-18,Under Armour Girls' Toddler Spine Surge Runni,21
2017-08-19,Cleveland Golf Women's 588 RTX CB Satin Chrom,1
2017-08-19,Diamondback Women's Serene Classic Comfort Bi,8
2017-08-19,Field & Stream Sportsman 16 Gun Fire Safe,11
2017-08-19,Fitbit The One Wireless Activity & Sleep Trac,7
2017-08-19,Garmin Approach S3 Golf GPS Watch,1
2017-08-19,LIJA Women's Button Golf Dress,1
2017-08-19,Merrell Men's All Out Flash Trail Running Sho,1
2017-08-19,Nike Men's CJ Elite 2 TD Football Cleat,8
2017-08-19,Nike Men's Dri-FIT Victory Golf Polo,33
2017-08-19,Nike Men's Free 5.0+ Running Shoe,18
2017-08-19,Nike Men's Kobe IX Elite Low Basketball Shoe,1
2017-08-19,O'Brien Men's Neoprene Life Vest,32
2017-08-19,Pelican Sunstream 100 Kayak,6
2017-08-19,Perfect Fitness Perfect Rip Deck,48
2017-08-19,Under Armour Girls' Toddler Spine Surge Runni,16
2017-08-20,Brooks Women's Ghost 6 Running Shoe,3
2017-08-20,Diamondback Women's Serene Classic Comfort Bi,1
2017-08-20,Field & Stream Sportsman 16 Gun Fire Safe,5
2017-08-20,Fitbit The One Wireless Activity & Sleep Trac,1
2017-08-20,Nike Men's CJ Elite 2 TD Football Cleat,11
2017-08-20,Nike Men's Dri-FIT Victory Golf Polo,16
2017-08-20,Nike Men's Free 5.0+ Running Shoe,23
2017-08-20,O'Brien Men's Neoprene Life Vest,16
2017-08-20,Ogio Race Golf Shoes,1
2017-08-20,Pelican Sunstream 100 Kayak,2
2017-08-20,Perfect Fitness Perfect Rip Deck,45
2017-08-20,TaylorMade 2014 Purelite Stand Bag,1
2017-08-20,TaylorMade Women's RBZ SL Rescue,1
2017-08-20,Under Armour Girls' Toddler Spine Surge Runni,12
2017-08-21,Brooks Women's Ghost 6 Running Shoe,1
2017-08-21,Diamondback Women's Serene Classic Comfort Bi,9
2017-08-21,Field & Stream Sportsman 16 Gun Fire Safe,10
2017-08-21,LIJA Women's Argyle Golf Polo,3
2017-08-21,Merrell Women's Grassbow Sport Waterproof Hik,1
2017-08-21,Merrell Women's Siren Mid Waterproof Hiking B,2
2017-08-21,Nike Kids' Grade School KD VI Basketball Shoe,1
2017-08-21,Nike Men's CJ Elite 2 TD Football Cleat,9
2017-08-21,Nike Men's Dri-FIT Victory Golf Polo,50
2017-08-21,Nike Men's Free 5.0+ Running Shoe,18
2017-08-21,Nike Men's Kobe IX Elite Low Basketball Shoe,1
2017-08-21,O'Brien Men's Neoprene Life Vest,16
2017-08-21,Pelican Sunstream 100 Kayak,8
2017-08-21,Perfect Fitness Perfect Rip Deck,28
2017-08-21,The North Face Women's Recon Backpack,3
2017-08-21,Under Armour Girls' Toddler Spine Surge Runni,25
2017-08-21,Yakima DoubleDown Ace Hitch Mount 4-Bike Rack,1
2017-08-22,Brooks Women's Ghost 6 Running Shoe,1
2017-08-22,Diamondback Women's Serene Classic Comfort Bi,10
2017-08-22,Field & Stream Sportsman 16 Gun Fire Safe,9
2017-08-22,Fitbit The One Wireless Activity & Sleep Trac,1
2017-08-22,GolfBuddy VT3 GPS Watch,1
2017-08-22,Merrell Women's Grassbow Sport Hiking Shoe,4
2017-08-22,Mio ALPHA Heart Rate Monitor/Sport Watch,1
2017-08-22,Nike Men's CJ Elite 2 TD Football Cleat,10
2017-08-22,Nike Men's Dri-FIT Victory Golf Polo,35
2017-08-22,Nike Men's Fingertrap Max Training Shoe,1
2017-08-22,Nike Men's Free 5.0+ Running Shoe,7
2017-08-22,Nike Men's Free TR 5.0 TB Training Shoe,3
2017-08-22,O'Brien Men's Neoprene Life Vest,27
2017-08-22,Pelican Sunstream 100 Kayak,16
2017-08-22,Perfect Fitness Perfect Rip Deck,18
2017-08-22,Under Armour Girls' Toddler Spine Surge Runni,12
2017-08-23,Cleveland Golf Women's 588 RTX CB Satin Chrom,2
2017-08-23,Diamondback Women's Serene Classic Comfort Bi,8
2017-08-23,Field & Stream Sportsman 16 Gun Fire Safe,10
2017-08-23,LIJA Women's Mid-Length Panel Golf Shorts,1
2017-08-23,MDGolf Pittsburgh Penguins Putter,5
2017-08-23,Merrell Men's All Out Flash Trail Running Sho,2
2017-08-23,Merrell Women's Grassbow Sport Hiking Shoe,3
2017-08-23,Nike Men's CJ Elite 2 TD Football Cleat,14
2017-08-23,Nike Men's Dri-FIT Victory Golf Polo,23
2017-08-23,Nike Men's Fingertrap Max Training Shoe,1
2017-08-23,Nike Men's Free 5.0+ Running Shoe,24
2017-08-23,O'Brien Men's Neoprene Life Vest,27
2017-08-23,Pelican Sunstream 100 Kayak,8
2017-08-23,Perfect Fitness Perfect Rip Deck,36
2017-08-23,Under Armour Girls' Toddler Spine Surge Runni,5
2017-08-24,Diamondback Women's Serene Classic Comfort Bi,7
2017-08-24,Elevation Training Mask 2.0,4
2017-08-24,Field & Stream Sportsman 16 Gun Fire Safe,11
2017-08-24,GolfBuddy VT3 GPS Watch,1
2017-08-24,Merrell Men's All Out Flash Trail Running Sho,1
2017-08-24,Merrell Women's Grassbow Sport Waterproof Hik,1
2017-08-24,Nike Kids' Grade School KD VI Basketball Shoe,1
2017-08-24,Nike Men's CJ Elite 2 TD Football Cleat,6
2017-08-24,Nike Men's Dri-FIT Victory Golf Polo,23
2017-08-24,Nike Men's Free 5.0+ Running Shoe,20
2017-08-24,O'Brien Men's Neoprene Life Vest,24
2017-08-24,Pelican Sunstream 100 Kayak,2
2017-08-24,Perfect Fitness Perfect Rip Deck,28
2017-08-24,The North Face Women's Recon Backpack,5
2017-08-24,Under Armour Girls' Toddler Spine Surge Runni,8
2017-08-24,adidas Brazuca 2014 Official Match Ball,1
2017-08-25,Diamondback Women's Serene Classic Comfort Bi,2
2017-08-25,Field & Stream Sportsman 16 Gun Fire Safe,11
2017-08-25,Fitbit The One Wireless Activity & Sleep Trac,5
2017-08-25,LIJA Women's Argyle Golf Polo,1
2017-08-25,Mio ALPHA Heart Rate Monitor/Sport Watch,1
2017-08-25,Nike Kids' Grade School KD VI Basketball Shoe,5
2017-08-25,Nike Men's CJ Elite 2 TD Football Cleat,6
2017-08-25,Nike Men's Dri-FIT Victory Golf Polo,30
2017-08-25,Nike Men's Free 5.0+ Running Shoe,8
2017-08-25,Nike Men's Free TR 5.0 TB Training Shoe,1
2017-08-25,O'Brien Men's Neoprene Life Vest,30
2017-08-25,Pelican Sunstream 100 Kayak,3
2017-08-25,Perfect Fitness Perfect Rip Deck,21
2017-08-25,Under Armour Girls' Toddler Spine Surge Runni,9
2017-08-26,Cleveland Golf Women's 588 RTX CB Satin Chrom,1
2017-08-26,Diamondback Women's Serene Classic Comfort Bi,7
2017-08-26,Field & Stream Sportsman 16 Gun Fire Safe,13
2017-08-26,Garmin Approach S3 Golf GPS Watch,1
2017-08-26,LIJA Women's Argyle Golf Polo,3
2017-08-26,Merrell Men's All Out Flash Trail Running Sho,1
2017-08-26,Nike Men's CJ Elite 2 TD Football Cleat,10
2017-08-26,Nike Men's Dri-FIT Victory Golf Polo,33
2017-08-26,Nike Men's Free 5.0+ Running Shoe,27
2017-08-26,O'Brien Men's Neoprene Life Vest,25
2017-08-26,Pelican Sunstream 100 Kayak,8
2017-08-26,Perfect Fitness Perfect Rip Deck,50
2017-08-26,Polar FT4 Heart Rate Monitor,4
2017-08-26,Polar Loop Activity Tracker,1
2017-08-26,TaylorMade White Smoke IN-12 Putter,4
2017-08-26,Under Armour Girls' Toddler Spine Surge Runni,11
2017-08-27,Brooks Women's Ghost 6 Running Shoe,3
2017-08-27,Cleveland Golf Collegiate My Custom Wedge 588,1
2017-08-27,Diamondback Women's Serene Classic Comfort Bi,5
2017-08-27,Field & Stream Sportsman 16 Gun Fire Safe,1
2017-08-27,Nike Men's CJ Elite 2 TD Football Cleat,8
2017-08-27,Nike Men's Dri-FIT Victory Golf Polo,28
2017-08-27,Nike Men's Free 5.0+ Running Shoe,9
2017-08-27,Nike Women's Free 5.0 TR FIT PRT 4 Training S,4
2017-08-27,O'Brien Men's Neoprene Life Vest,23
2017-08-27,Pelican Sunstream 100 Kayak,4
2017-08-27,Perfect Fitness Perfect Rip Deck,17
2017-08-27,Polar FT4 Heart Rate Monitor,2
2017-08-27,The North Face Women's Recon Backpack,1
2017-08-27,Under Armour Girls' Toddler Spine Surge Runni,5
2017-08-27,adidas Brazuca 2014 Official Match Ball,1
2017-08-28,Cleveland Golf Women's 588 RTX CB Satin Chrom,1
2017-08-28,Diamondback Women's Serene Classic Comfort Bi,3
2017-08-28,Field & Stream Sportsman 16 Gun Fire Safe,8
2017-08-28,Garmin Approach S3 Golf GPS Watch,2
2017-08-28,GolfBuddy VT3 GPS Watch,1
2017-08-28,LIJA Women's Button Golf Dress,1
2017-08-28,Nike Men's CJ Elite 2 TD Football Cleat,4
2017-08-28,Nike Men's Dri-FIT Victory Golf Polo,32
2017-08-28,Nike Men's Fingertrap Max Training Shoe,1
2017-08-28,Nike Men's Free 5.0+ Running Shoe,29
2017-08-28,O'Brien Men's Neoprene Life Vest,37
2017-08-28,Ogio Race Golf Shoes,1
2017-08-28,Pelican Sunstream 100 Kayak,8
2017-08-28,Perfect Fitness Perfect Rip Deck,26
2017-08-28,TaylorMade Women's RBZ SL Rescue,1
2017-08-28,Under Armour Girls' Toddler Spine Surge Runni,11
2017-08-29,Bag Boy M330 Push Cart,2
2017-08-29,Diamondback Women's Serene Classic Comfort Bi,5
2017-08-29,Elevation Training Mask 2.0,3
2017-08-29,Field & Stream Sportsman 16 Gun Fire Safe,3
2017-08-29,LIJA Women's Argyle Golf Polo,4
2017-08-29,LIJA Women's Mid-Length Panel Golf Shorts,3
2017-08-29,Nike Men's CJ Elite 2 TD Football Cleat,4
2017-08-29,Nike Men's Dri-FIT Victory Golf Polo,28
2017-08-29,Nike Men's Fingertrap Max Training Shoe,1
2017-08-29,Nike Men's Free 5.0+ Running Shoe,30
2017-08-29,Nike Men's Free TR 5.0 TB Training Shoe,1
2017-08-29,O'Brien Men's Neoprene Life Vest,37
2017-08-29,Pelican Sunstream 100 Kayak,7
2017-08-29,Perfect Fitness Perfect Rip Deck,50
2017-08-29,Polar FT4 Heart Rate Monitor,2
2017-08-29,TaylorMade 2014 Purelite Stand Bag,1
2017-08-29,Under Armour Girls' Toddler Spine Surge Runni,6
2017-08-29,Yakima DoubleDown Ace Hitch Mount 4-Bike Rack,1
2017-08-30,Diamondback Women's Serene Classic Comfort Bi,5
2017-08-30,Elevation Training Mask 2.0,3
2017-08-30,Field & Stream Sportsman 16 Gun Fire Safe,8
2017-08-30,MDGolf Pittsburgh Penguins Putter,3
2017-08-30,Merrell Women's Siren Mid Waterproof Hiking B,1
2017-08-30,Nike Men's CJ Elite 2 TD Football Cleat,10
2017-08-30,Nike Men's Dri-FIT Victory Golf Polo,13
2017-08-30,Nike Men's Free 5.0+ Running Shoe,23
2017-08-30,Nike Men's Free TR 5.0 TB Training Shoe,3
2017-08-30,Nike Men's Kobe IX Elite Low Basketball Shoe,1
2017-08-30,Nike Women's Free 5.0 TR FIT PRT 4 Training S,1
2017-08-30,O'Brien Men's Neoprene Life Vest,31
2017-08-30,Pelican Sunstream 100 Kayak,7
2017-08-30,Perfect Fitness Perfect Rip Deck,35
2017-08-30,TaylorMade Women's RBZ SL Rescue,1
2017-08-30,Under Armour Girls' Toddler Spine Surge Runni,14
2017-08-30,Yakima DoubleDown Ace Hitch Mount 4-Bike Rack,1
2017-08-31,Brooks Women's Ghost 6 Running Shoe,5
2017-08-31,Diamondback Women's Serene Classic Comfort Bi,8
2017-08-31,Field & Stream Sportsman 16 Gun Fire Safe,5
2017-08-31,LIJA Women's Button Golf Dress,1
2017-08-31,MDGolf Pittsburgh Penguins Putter,2
2017-08-31,Merrell Women's Grassbow Sport Waterproof Hik,1
2017-08-31,Nike Men's CJ Elite 2 TD Football Cleat,9
2017-08-31,Nike Men's Dri-FIT Victory Golf Polo,31
2017-08-31,Nike Men's Fingertrap Max Training Shoe,2
2017-08-31,Nike Men's Free 5.0+ Running Shoe,19
2017-08-31,O'Brien Men's Neoprene Life Vest,34
2017-08-31,Ogio Race Golf Shoes,1
2017-08-31,Pelican Sunstream 100 Kayak,5
2017-08-31,Perfect Fitness Perfect Rip Deck,26
2017-08-31,Under Armour Girls' Toddler Spine Surge Runni,9
2017-09-01,Diamondback Women's Serene Classic Comfort Bi,9
2017-09-01,Field & Stream Sportsman 16 Gun Fire Safe,5
2017-09-01,LIJA Women's Argyle Golf Polo,1
2017-09-01,LIJA Women's Mid-Length Panel Golf Shorts,5
2017-09-01,Merrell Women's Grassbow Sport Hiking Shoe,8
2017-09-01,Nike Kids' Grade School KD VI Basketball Shoe,1
2017-09-01,Nike Men's CJ Elite 2 TD Football Cleat,11
2017-09-01,Nike Men's Dri-FIT Victory Golf Polo,35
2017-09-01,Nike Men's Fingertrap Max Training Shoe,1
2017-09-01,Nike Men's Free 5.0+ Running Shoe,24
2017-09-01,O'Brien Men's Neoprene Life Vest,22
2017-09-01,Pelican Sunstream 100 Kayak,5
2017-09-01,Perfect Fitness Perfect Rip Deck,37
2017-09-01,Under Armour Girls' Toddler Spine Surge Runni,20
2017-09-02,Brooks Women's Ghost 6 Running Shoe,5
2017-09-02,Cleveland Golf Women's 588 RTX CB Satin Chrom,1
2017-09-02,Diamondback Women's Serene Classic Comfort Bi,9
2017-09-02,Field & Stream Sportsman 16 Gun Fire Safe,4
2017-09-02,LIJA Women's Button Golf Dress,1
2017-09-02,LIJA Women's Mid-Length Panel Golf Shorts,4
2017-09-02,Merrell Women's Grassbow Sport Waterproof Hik,1
2017-09-02,Nike Men's CJ Elite 2 TD Football Cleat,10
2017-09-02,Nike Men's Dri-FIT Victory Golf Polo,16
2017-09-02,Nike Men's Free 5.0+ Running Shoe,11
2017-09-02,Nike Men's Free TR 5.0 TB Training Shoe,5
2017-09-02,O'Brien Men's Neoprene Life Vest,28
2017-09-02,Pelican Sunstream 100 Kayak,3
2017-09-02,Perfect Fitness Perfect Rip Deck,34
2017-09-02,TaylorMade 2014 Purelite Stand Bag,1
2017-09-02,Under Armour Girls' Toddler Spine Surge Runni,13
2017-09-03,Diamondback Women's Serene Classic Comfort Bi,8
2017-09-03,Field & Stream Sportsman 16 Gun Fire Safe,7
2017-09-03,Merrell Women's Grassbow Sport Hiking Shoe,2
2017-09-03,Nike Men's CJ Elite 2 TD Football Cleat,7
2017-09-03,Nike Men's Dri-FIT Victory Golf Polo,14
2017-09-03,Nike Men's Free 5.0+ Running Shoe,7
2017-09-03,O'Brien Men's Neoprene Life Vest,26
2017-09-03,Pelican Sunstream 100 Kayak,3
2017-09-03,Perfect Fitness Perfect Rip Deck,37
2017-09-03,Titleist Small Wheeled Travel Cover,1
2017-09-03,Under Armour Girls' Toddler Spine Surge Runni,22
2017-09-04,Diamondback Women's Serene Classic Comfort Bi,5
2017-09-04,Field & Stream Sportsman 16 Gun Fire Safe,11
2017-09-04,Merrell Women's Grassbow Sport Hiking Shoe,3
2017-09-04,Nike Men's CJ Elite 2 TD Football Cleat,5
2017-09-04,Nike Men's Dri-FIT Victory Golf Polo,14
2017-09-04,Nike Men's Fingertrap Max Training Shoe,1
2017-09-04,Nike Men's Free 5.0+ Running Shoe,16
2017-09-04,Nike Women's Free 5.0 TR FIT PRT 4 Training S,5
2017-09-04,O'Brien Men's Neoprene Life Vest,28
2017-09-04,Pelican Sunstream 100 Kayak,3
2017-09-04,Perfect Fitness Perfect Rip Deck,24
2017-09-04,Titleist Small Wheeled Travel Cover,1
2017-09-04,Under Armour Girls' Toddler Spine Surge Runni,6
2017-09-04,insta-bed Neverflat Air Mattress,1
2017-09-05,Diamondback Women's Serene Classic Comfort Bi,8
2017-09-05,Field & Stream Sportsman 16 Gun Fire Safe,10
2017-09-05,LIJA Women's Mid-Length Panel Golf Shorts,3
2017-09-05,Mio ALPHA Heart Rate Monitor/Sport Watch,1
2017-09-05,Nike Men's CJ Elite 2 TD Football Cleat,6
2017-09-05,Nike Men's Dri-FIT Victory Golf Polo,31
2017-09-05,Nike Men's Free 5.0+ Running Shoe,46
2017-09-05,Nike Women's Free 5.0 TR FIT PRT 4 Training S,5
2017-09-05,O'Brien Men's Neoprene Life Vest,36
2017-09-05,Pelican Sunstream 100 Kayak,8
2017-09-05,Perfect Fitness Perfect Rip Deck,47
2017-09-05,Polar FT4 Heart Rate Monitor,3
2017-09-05,Polar Loop Activity Tracker,2
2017-09-05,The North Face Women's Recon Backpack,1
2017-09-05,Under Armour Girls' Toddler Spine Surge Runni,10
2017-09-06,Brooks Women's Ghost 6 Running Shoe,2
2017-09-06,Diamondback Women's Serene Classic Comfort Bi,6
2017-09-06,Elevation Training Mask 2.0,4
2017-09-06,Field & Stream Sportsman 16 Gun Fire Safe,4
2017-09-06,LIJA Women's Argyle Golf Polo,5
2017-09-06,Nike Men's CJ Elite 2 TD Football Cleat,16
2017-09-06,Nike Men's Dri-FIT Victory Golf Polo,16
2017-09-06,Nike Men's Fingertrap Max Training Shoe,1
2017-09-06,Nike Men's Free 5.0+ Running Shoe,14
2017-09-06,O'Brien Men's Neoprene Life Vest,25
2017-09-06,Pelican Sunstream 100 Kayak,7
2017-09-06,Perfect Fitness Perfect Rip Deck,23
2017-09-06,Polar FT4 Heart Rate Monitor,3
2017-09-06,TaylorMade White Smoke IN-12 Putter,3
2017-09-06,The North Face Women's Recon Backpack,1
2017-09-06,Titleist Small Wheeled Travel Cover,1
2017-09-06,Under Armour Girls' Toddler Spine Surge Runni,7
2017-09-06,adidas Brazuca 2014 Official Match Ball,1
2017-09-07,Diamondback Women's Serene Classic Comfort Bi,9
2017-09-07,Field & Stream Sportsman 16 Gun Fire Safe,4
2017-09-07,Garmin Approach S3 Golf GPS Watch,1
2017-09-07,LIJA Women's Mid-Length Panel Golf Shorts,3
2017-09-07,Nike Kids' Grade School KD VI Basketball Shoe,4
2017-09-07,Nike Men's CJ Elite 2 TD Football Cleat,9
2017-09-07,Nike Men's Dri-FIT Victory Golf Polo,45
2017-09-07,Nike Men's Free 5.0+ Running Shoe,24
2017-09-07,O'Brien Men's Neoprene Life Vest,29
2017-09-07,Pelican Sunstream 100 Kayak,11
2017-09-07,Perfect Fitness Perfect Rip Deck,22
2017-09-07,Titleist Small Wheeled Travel Cover,1
2017-09-07,Under Armour Girls' Toddler Spine Surge Runni,8
2017-09-08,Bag Boy M330 Push Cart,5
2017-09-08,Diamondback Women's Serene Classic Comfort Bi,6
2017-09-08,Elevation Training Mask 2.0,1
2017-09-08,Field & Stream Sportsman 16 Gun Fire Safe,7
2017-09-08,Garmin Approach S3 Golf GPS Watch,1
2017-09-08,Mio ALPHA Heart Rate Monitor/Sport Watch,3
2017-09-08,Nike Men's CJ Elite 2 TD Football Cleat,8
2017-09-08,Nike Men's Dri-FIT Victory Golf Polo,44
2017-09-08,Nike Men's Free 5.0+ Running Shoe,27
2017-09-08,O'Brien Men's Neoprene Life Vest,10
2017-09-08,Pelican Sunstream 100 Kayak,9
2017-09-08,Perfect Fitness Perfect Rip Deck,53
2017-09-08,Polar FT4 Heart Rate Monitor,3
2017-09-08,Polar Loop Activity Tracker,1
2017-09-08,TaylorMade Women's RBZ SL Rescue,1
2017-09-08,The North Face Women's Recon Backpack,5
2017-09-08,Under Armour Girls' Toddler Spine Surge Runni,26
2017-09-09,Bag Boy M330 Push Cart,6
2017-09-09,Cleveland Golf Collegiate My Custom Wedge 588,1
2017-09-09,Diamondback Women's Serene Classic Comfort Bi,8
2017-09-09,Field & Stream Sportsman 16 Gun Fire Safe,7
2017-09-09,Fitbit The One Wireless Activity & Sleep Trac,2
2017-09-09,GolfBuddy VT3 GPS Watch,1
2017-09-09,Nike Kids' Grade School KD VI Basketball Shoe,4
2017-09-09,Nike Men's CJ Elite 2 TD Football Cleat,4
2017-09-09,Nike Men's Dri-FIT Victory Golf Polo,22
2017-09-09,Nike Men's Free 5.0+ Running Shoe,12
2017-09-09,Nike Men's Free TR 5.0 TB Training Shoe,2
2017-09-09,O'Brien Men's Neoprene Life Vest,11
2017-09-09,Pelican Sunstream 100 Kayak,11
2017-09-09,Perfect Fitness Perfect Rip Deck,47
2017-09-09,Under Armour Girls' Toddler Spine Surge Runni,22
2017-09-09,Yakima DoubleDown Ace Hitch Mount 4-Bike Rack,1
2017-09-09,insta-bed Neverflat Air Mattress,1
2017-09-10,Diamondback Women's Serene Classic Comfort Bi,5
2017-09-10,Field & Stream Sportsman 16 Gun Fire Safe,11
2017-09-10,Nike Men's CJ Elite 2 TD Football Cleat,12
2017-09-10,Nike Men's Dri-FIT Victory Golf Polo,39
2017-09-10,Nike Men's Fingertrap Max Training Shoe,1
2017-09-10,Nike Men's Free 5.0+ Running Shoe,9
2017-09-10,O'Brien Men's Neoprene Life Vest,12
2017-09-10,Pelican Sunstream 100 Kayak,10
2017-09-10,Perfect Fitness Perfect Rip Deck,38
2017-09-10,Polar FT4 Heart Rate Monitor,4
2017-09-10,Titleist Small Wheeled Travel Cover,2
2017-09-10,Under Armour Girls' Toddler Spine Surge Runni,13
2017-09-11,Bag Boy M330 Push Cart,5
2017-09-11,Diamondback Boys' Insight 24 Performance Hybr,1
2017-09-11,Diamondback Girls' Clarity 24 Hybrid Bike 201,1
2017-09-11,Diamondback Women's Serene Classic Comfort Bi,2
2017-09-11,Field & Stream Sportsman 16 Gun Fire Safe,13
2017-09-11,Garmin Approach S4 Golf GPS Watch,1
2017-09-11,Garmin Forerunner 910XT GPS Watch,2
2017-09-11,GoPro HERO3+ Black Edition Camera,2
2017-09-11,Merrell Women's Grassbow Sport Hiking Shoe,2
2017-09-11,Nike Men's CJ Elite 2 TD Football Cleat,7
2017-09-11,Nike Men's Dri-FIT Victory Golf Polo,28
2017-09-11,Nike Men's Free 5.0+ Running Shoe,23
2017-09-11,O'Brien Men's Neoprene Life Vest,16
2017-09-11,Pelican Maverick 100X Kayak,2
2017-09-11,Pelican Sunstream 100 Kayak,9
2017-09-11,Perfect Fitness Perfect Rip Deck,23
2017-09-11,Total Gym 1400,3
2017-09-11,Under Armour Girls' Toddler Spine Surge Runni,20
2017-09-11,adidas Brazuca 2014 Official Match Ball,1
2017-09-12,Diamondback Boys' Insight 24 Performance Hybr,2
2017-09-12,Diamondback Girls' Clarity 24 Hybrid Bike 201,1
2017-09-12,Diamondback Women's Serene Classic Comfort Bi,9
2017-09-12,Field & Stream Sportsman 16 Gun Fire Safe,11
2017-09-12,GoPro HERO3+ Black Edition Camera,1
2017-09-12,Nike Men's CJ Elite 2 TD Football Cleat,11
2017-09-12,Nike Men's Dri-FIT Victory Golf Polo,43
2017-09-12,Nike Men's Free 5.0+ Running Shoe,20
2017-09-12,O'Brien Men's Neoprene Life Vest,17
2017-09-12,Pelican Sunstream 100 Kayak,7
2017-09-12,Perfect Fitness Perfect Rip Deck,29
2017-09-12,Titleist Club Glove Travel Cover,2
2017-09-12,Total Gym 1400,1
2017-09-12,Under Armour Girls' Toddler Spine Surge Runni,12
2017-09-13,Diamondback Boys' Insight 24 Performance Hybr,3
2017-09-13,Diamondback Women's Serene Classic Comfort Bi,10
2017-09-13,Field & Stream Sportsman 16 Gun Fire Safe,9
2017-09-13,Garmin Approach S4 Golf GPS Watch,1
2017-09-13,Nike Men's CJ Elite 2 TD Football Cleat,23
2017-09-13,Nike Men's Dri-FIT Victory Golf Polo,28
2017-09-13,Nike Men's Free 5.0+ Running Shoe,11
2017-09-13,O'Brien Men's Neoprene Life Vest,16
2017-09-13,Pelican Sunstream 100 Kayak,3
2017-09-13,Perfect Fitness Perfect Rip Deck,38
2017-09-13,Total Gym 1400,1
2017-09-13,Under Armour Girls' Toddler Spine Surge Runni,13
2017-09-14,Diamondback Girls' Clarity 24 Hybrid Bike 201,1
2017-09-14,Diamondback Women's Serene Classic Comfort Bi,7
2017-09-14,Field & Stream Sportsman 16 Gun Fire Safe,10
2017-09-14,Garmin Approach S4 Golf GPS Watch,1
2017-09-14,Garmin Forerunner 910XT GPS Watch,1
2017-09-14,Nike Men's CJ Elite 2 TD Football Cleat,11
2017-09-14,Nike Men's Dri-FIT Victory Golf Polo,13
2017-09-14,Nike Men's Free 5.0+ Running Shoe,16
2017-09-14,O'Brien Men's Neoprene Life Vest,31
2017-09-14,Pelican Sunstream 100 Kayak,5
2017-09-14,Perfect Fitness Perfect Rip Deck,21
2017-09-14,Titleist Club Glove Travel Cover,1
2017-09-14,Under Armour Girls' Toddler Spine Surge Runni,12
2017-09-15,Diamondback Women's Serene Classic Comfort Bi,8
2017-09-15,Field & Stream Sportsman 16 Gun Fire Safe,4
2017-09-15,Garmin Approach S4 Golf GPS Watch,2
2017-09-15,Garmin Forerunner 910XT GPS Watch,2
2017-09-15,GoPro HERO3+ Black Edition Camera,2
2017-09-15,Nike Men's CJ Elite 2 TD Football Cleat,12
2017-09-15,Nike Men's Dri-FIT Victory Golf Polo,24
2017-09-15,Nike Men's Free 5.0+ Running Shoe,16
2017-09-15,O'Brien Men's Neoprene Life Vest,29
2017-09-15,Pelican Sunstream 100 Kayak,4
2017-09-15,Perfect Fitness Perfect Rip Deck,36
2017-09-15,Stiga Master Series ST3100 Competition Indoor,1
2017-09-15,Total Gym 1400,3
2017-09-15,Under Armour Girls' Toddler Spine Surge Runni,6
2017-09-16,Diamondback Boys' Insight 24 Performance Hybr,1
2017-09-16,Diamondback Women's Serene Classic Comfort Bi,7
2017-09-16,Field & Stream Sportsman 16 Gun Fire Safe,7
2017-09-16,Garmin Approach S4 Golf GPS Watch,1
2017-09-16,Garmin Forerunner 910XT GPS Watch,3
2017-09-16,GoPro HERO3+ Black Edition Camera,2
2017-09-16,Nike Men's CJ Elite 2 TD Football Cleat,13
2017-09-16,Nike Men's Dri-FIT Victory Golf Polo,7
2017-09-16,Nike Men's Free 5.0+ Running Shoe,13
2017-09-16,O'Brien Men's Neoprene Life Vest,34
2017-09-16,Pelican Maverick 100X Kayak,2
2017-09-16,Pelican Sunstream 100 Kayak,8
2017-09-16,Perfect Fitness Perfect Rip Deck,39
2017-09-16,Titleist Club Glove Travel Cover,1
2017-09-16,Total Gym 1400,1
2017-09-16,Under Armour Girls' Toddler Spine Surge Runni,22
2017-09-17,Diamondback Boys' Insight 24 Performance Hybr,1
2017-09-17,Diamondback Women's Serene Classic Comfort Bi,8
2017-09-17,Field & Stream Sportsman 16 Gun Fire Safe,16
2017-09-17,GoPro HERO3+ Black Edition Camera,1
2017-09-17,Nike Men's CJ Elite 2 TD Football Cleat,14
2017-09-17,Nike Men's Dri-FIT Victory Golf Polo,29
2017-09-17,Nike Men's Free 5.0+ Running Shoe,11
2017-09-17,O'Brien Men's Neoprene Life Vest,13
2017-09-17,Pelican Sunstream 100 Kayak,10
2017-09-17,Perfect Fitness Perfect Rip Deck,34
2017-09-17,Titleist Club Glove Travel Cover,2
2017-09-17,Total Gym 1400,1
2017-09-17,Under Armour Girls' Toddler Spine Surge Runni,26
2017-09-18,Diamondback Girls' Clarity 24 Hybrid Bike 201,1
2017-09-18,Diamondback Women's Serene Classic Comfort Bi,8
2017-09-18,Field & Stream Sportsman 16 Gun Fire Safe,8
2017-09-18,Garmin Approach S4 Golf GPS Watch,2
2017-09-18,Garmin Forerunner 910XT GPS Watch,1
2017-09-18,Nike Men's CJ Elite 2 TD Football Cleat,7
2017-09-18,Nike Men's Dri-FIT Victory Golf Polo,7
2017-09-18,Nike Men's Free 5.0+ Running Shoe,15
2017-09-18,O'Brien Men's Neoprene Life Vest,13
2017-09-18,Pelican Sunstream 100 Kayak,5
2017-09-18,Perfect Fitness Perfect Rip Deck,20
2017-09-18,Under Armour Girls' Toddler Spine Surge Runni,14
2017-09-19,Diamondback Women's Serene Classic Comfort Bi,7
2017-09-19,Field & Stream Sportsman 16 Gun Fire Safe,5
2017-09-19,Garmin Approach S4 Golf GPS Watch,2
2017-09-19,Garmin Forerunner 910XT GPS Watch,1
2017-09-19,GoPro HERO3+ Black Edition Camera,2
2017-09-19,Nike Men's CJ Elite 2 TD Football Cleat,8
2017-09-19,Nike Men's Dri-FIT Victory Golf Polo,33
2017-09-19,Nike Men's Free 5.0+ Running Shoe,42
2017-09-19,O'Brien Men's Neoprene Life Vest,14
2017-09-19,Pelican Sunstream 100 Kayak,6
2017-09-19,Perfect Fitness Perfect Rip Deck,9
2017-09-19,Titleist Club Glove Travel Cover,1
2017-09-19,Total Gym 1400,1
2017-09-19,Under Armour Girls' Toddler Spine Surge Runni,12
2017-09-20,Diamondback Boys' Insight 24 Performance Hybr,1
2017-09-20,Diamondback Women's Serene Classic Comfort Bi,3
2017-09-20,Field & Stream Sportsman 16 Gun Fire Safe,10
2017-09-20,Garmin Approach S4 Golf GPS Watch,2
2017-09-20,Garmin Forerunner 910XT GPS Watch,3
2017-09-20,GoPro HERO3+ Black Edition Camera,2
2017-09-20,Nike Men's CJ Elite 2 TD Football Cleat,10
2017-09-20,Nike Men's Dri-FIT Victory Golf Polo,23
2017-09-20,Nike Men's Free 5.0+ Running Shoe,11
2017-09-20,O'Brien Men's Neoprene Life Vest,35
2017-09-20,Pelican Maverick 100X Kayak,1
2017-09-20,Pelican Sunstream 100 Kayak,9
2017-09-20,Perfect Fitness Perfect Rip Deck,41
2017-09-20,Titleist Club Glove Travel Cover,1
2017-09-20,Total Gym 1400,2
2017-09-20,Under Armour Girls' Toddler Spine Surge Runni,8
2017-09-21,Diamondback Girls' Clarity 24 Hybrid Bike 201,1
2017-09-21,Diamondback Women's Serene Classic Comfort Bi,9
2017-09-21,Field & Stream Sportsman 16 Gun Fire Safe,10
2017-09-21,Garmin Forerunner 910XT GPS Watch,1
2017-09-21,GoPro HERO3+ Black Edition Camera,1
2017-09-21,Nike Men's CJ Elite 2 TD Football Cleat,10
2017-09-21,Nike Men's Dri-FIT Victory Golf Polo,22
2017-09-21,Nike Men's Free 5.0+ Running Shoe,17
2017-09-21,O'Brien Men's Neoprene Life Vest,28
2017-09-21,Pelican Maverick 100X Kayak,2
2017-09-21,Pelican Sunstream 100 Kayak,15
2017-09-21,Perfect Fitness Perfect Rip Deck,51
2017-09-21,Titleist Club Glove Travel Cover,1
2017-09-21,Under Armour Girls' Toddler Spine Surge Runni,17
2017-09-22,Diamondback Women's Serene Classic Comfort Bi,8
2017-09-22,Field & Stream Sportsman 16 Gun Fire Safe,10
2017-09-22,Garmin Approach S4 Golf GPS Watch,1
2017-09-22,GoPro HERO3+ Black Edition Camera,1
2017-09-22,Nike Men's CJ Elite 2 TD Football Cleat,8
2017-09-22,Nike Men's Dri-FIT Victory Golf Polo,29
2017-09-22,Nike Men's Free 5.0+ Running Shoe,17
2017-09-22,O'Brien Men's Neoprene Life Vest,29
2017-09-22,Pelican Maverick 100X Kayak,3
2017-09-22,Pelican Sunstream 100 Kayak,9
2017-09-22,Perfect Fitness Perfect Rip Deck,21
2017-09-22,Stiga Master Series ST3100 Competition Indoor,1
2017-09-22,Titleist Club Glove Travel Cover,2
2017-09-22,Under Armour Girls' Toddler Spine Surge Runni,7
2017-09-23,Diamondback Girls' Clarity 24 Hybrid Bike 201,2
2017-09-23,Diamondback Women's Serene Classic Comfort Bi,10
2017-09-23,Field & Stream Sportsman 16 Gun Fire Safe,4
2017-09-23,Garmin Forerunner 910XT GPS Watch,1
2017-09-23,GoPro HERO3+ Black Edition Camera,1
2017-09-23,Nike Men's CJ Elite 2 TD Football Cleat,11
2017-09-23,Nike Men's Dri-FIT Victory Golf Polo,34
2017-09-23,Nike Men's Free 5.0+ Running Shoe,40
2017-09-23,O'Brien Men's Neoprene Life Vest,28
2017-09-23,Pelican Sunstream 100 Kayak,7
2017-09-23,Perfect Fitness Perfect Rip Deck,37
2017-09-23,Stiga Master Series ST3100 Competition Indoor,1
2017-09-23,Titleist Club Glove Travel Cover,1
2017-09-23,Under Armour Girls' Toddler Spine Surge Runni,17
2017-09-24,Diamondback Boys' Insight 24 Performance Hybr,1
2017-09-24,Diamondback Women's Serene Classic Comfort Bi,9
2017-09-24,Field & Stream Sportsman 16 Gun Fire Safe,16
2017-09-24,Garmin Forerunner 910XT GPS Watch,2
2017-09-24,Nike Men's CJ Elite 2 TD Football Cleat,10
2017-09-24,Nike Men's Dri-FIT Victory Golf Polo,42
2017-09-24,Nike Men's Free 5.0+ Running Shoe,20
2017-09-24,O'Brien Men's Neoprene Life Vest,45
2017-09-24,Pelican Maverick 100X Kayak,2
2017-09-24,Pelican Sunstream 100 Kayak,6
2017-09-24,Perfect Fitness Perfect Rip Deck,32
2017-09-24,Stiga Master Series ST3100 Competition Indoor,1
2017-09-24,Under Armour Girls' Toddler Spine Surge Runni,19
2017-09-25,Diamondback Girls' Clarity 24 Hybrid Bike 201,1
2017-09-25,Diamondback Women's Serene Classic Comfort Bi,7
2017-09-25,Field & Stream Sportsman 16 Gun Fire Safe,13
2017-09-25,Garmin Approach S4 Golf GPS Watch,1
2017-09-25,Garmin Forerunner 910XT GPS Watch,1
2017-09-25,Nike Men's CJ Elite 2 TD Football Cleat,7
2017-09-25,Nike Men's Dri-FIT Victory Golf Polo,22
2017-09-25,Nike Men's Free 5.0+ Running Shoe,27
2017-09-25,O'Brien Men's Neoprene Life Vest,23
2017-09-25,Pelican Maverick 100X Kayak,1
2017-09-25,Pelican Sunstream 100 Kayak,5
2017-09-25,Perfect Fitness Perfect Rip Deck,33
2017-09-25,Total Gym 1400,1
2017-09-25,Under Armour Girls' Toddler Spine Surge Runni,15
2017-09-26,Diamondback Women's Serene Classic Comfort Bi,7
2017-09-26,Field & Stream Sportsman 16 Gun Fire Safe,7
2017-09-26,Garmin Forerunner 910XT GPS Watch,1
2017-09-26,Nike Men's CJ Elite 2 TD Football Cleat,13
2017-09-26,Nike Men's Dri-FIT Victory Golf Polo,29
2017-09-26,Nike Men's Free 5.0+ Running Shoe,18
2017-09-26,O'Brien Men's Neoprene Life Vest,27
2017-09-26,Pelican Maverick 100X Kayak,1
2017-09-26,Pelican Sunstream 100 Kayak,6
2017-09-26,Perfect Fitness Perfect Rip Deck,33
2017-09-26,Titleist Club Glove Travel Cover,1
2017-09-26,Under Armour Girls' Toddler Spine Surge Runni,23
2017-09-27,Diamondback Girls' Clarity 24 Hybrid Bike 201,1
2017-09-27,Diamondback Women's Serene Classic Comfort Bi,3
2017-09-27,Field & Stream Sportsman 16 Gun Fire Safe,10
2017-09-27,Garmin Approach S4 Golf GPS Watch,2
2017-09-27,Nike Men's CJ Elite 2 TD Football Cleat,5
2017-09-27,Nike Men's Dri-FIT Victory Golf Polo,17
2017-09-27,Nike Men's Free 5.0+ Running Shoe,19
2017-09-27,O'Brien Men's Neoprene Life Vest,27
2017-09-27,Pelican Maverick 100X Kayak,1
2017-09-27,Pelican Sunstream 100 Kayak,2
2017-09-27,Perfect Fitness Perfect Rip Deck,27
2017-09-27,Stiga Master Series ST3100 Competition Indoor,1
2017-09-27,Total Gym 1400,1
2017-09-28,Diamondback Girls' Clarity 24 Hybrid Bike 201,1
2017-09-28,Diamondback Women's Serene Classic Comfort Bi,6
2017-09-28,Field & Stream Sportsman 16 Gun Fire Safe,12
2017-09-28,Garmin Forerunner 910XT GPS Watch,1
2017-09-28,GoPro HERO3+ Black Edition Camera,1
2017-09-28,Nike Men's CJ Elite 2 TD Football Cleat,9
2017-09-28,Nike Men's Dri-FIT Victory Golf Polo,25
2017-09-28,Nike Men's Free 5.0+ Running Shoe,23
2017-09-28,O'Brien Men's Neoprene Life Vest,28
2017-09-28,Pelican Sunstream 100 Kayak,6
2017-09-28,Perfect Fitness Perfect Rip Deck,23
2017-09-28,Stiga Master Series ST3100 Competition Indoor,2
2017-09-28,Titleist Club Glove Travel Cover,3
2017-09-28,Under Armour Girls' Toddler Spine Surge Runni,8
2017-09-29,Bowflex SelectTech 1090 Dumbbells,3
2017-09-29,Diamondback Boys' Insight 24 Performance Hybr,1
2017-09-29,Diamondback Women's Serene Classic Comfort Bi,5
2017-09-29,Field & Stream Sportsman 16 Gun Fire Safe,7
2017-09-29,Garmin Approach S4 Golf GPS Watch,1
2017-09-29,GoPro HERO3+ Black Edition Camera,2
2017-09-29,Nike Men's CJ Elite 2 TD Football Cleat,12
2017-09-29,Nike Men's Dri-FIT Victory Golf Polo,33
2017-09-29,Nike Men's Free 5.0+ Running Shoe,18
2017-09-29,O'Brien Men's Neoprene Life Vest,12
2017-09-29,Pelican Sunstream 100 Kayak,11
2017-09-29,Perfect Fitness Perfect Rip Deck,13
2017-09-29,SOLE E35 Elliptical,1
2017-09-29,Total Gym 1400,1
2017-09-29,Under Armour Girls' Toddler Spine Surge Runni,15
2017-09-30,Bowflex SelectTech 1090 Dumbbells,2
2017-09-30,Bushnell Pro X7 Jolt Slope Rangefinder,1
2017-09-30,Diamondback Women's Serene Classic Comfort Bi,5
2017-09-30,Field & Stream Sportsman 16 Gun Fire Safe,9
2017-09-30,Nike Men's CJ Elite 2 TD Football Cleat,15
2017-09-30,Nike Men's Dri-FIT Victory Golf Polo,30
2017-09-30,Nike Men's Free 5.0+ Running Shoe,18
2017-09-30,O'Brien Men's Neoprene Life Vest,33
2017-09-30,Pelican Sunstream 100 Kayak,8
2017-09-30,Perfect Fitness Perfect Rip Deck,28
2017-09-30,SOLE E35 Elliptical,3
2017-09-30,Under Armour Girls' Toddler Spine Surge Runni,20
2017-10-01,Bowflex SelectTech 1090 Dumbbells,1
2017-10-01,Bushnell Pro X7 Jolt Slope Rangefinder,2
2017-10-01,Diamondback Women's Serene Classic Comfort Bi,4
2017-10-01,Field & Stream Sportsman 16 Gun Fire Safe,6
2017-10-01,Nike Men's CJ Elite 2 TD Football Cleat,12
2017-10-01,Nike Men's Dri-FIT Victory Golf Polo,33
2017-10-01,Nike Men's Free 5.0+ Running Shoe,22
2017-10-01,O'Brien Men's Neoprene Life Vest,21
2017-10-01,Pelican Sunstream 100 Kayak,7
2017-10-01,Perfect Fitness Perfect Rip Deck,59
2017-10-01,SOLE E25 Elliptical,2
2017-10-01,SOLE E35 Elliptical,3
2017-10-01,Under Armour Girls' Toddler Spine Surge Runni,9
2017-10-02,Diamondback Women's Serene Classic Comfort Bi,1
2017-10-02,Nike Men's CJ Elite 2 TD Football Cleat,5
2017-10-02,Nike Men's Dri-FIT Victory Golf Polo,16
2017-10-02,Nike Men's Free 5.0+ Running Shoe,5
2017-10-02,O'Brien Men's Neoprene Life Vest,16
2017-10-02,Pelican Sunstream 100 Kayak,4
2017-10-02,Perfect Fitness Perfect Rip Deck,24
2017-10-02,SOLE E25 Elliptical,1
2017-10-02,SOLE E35 Elliptical,4
2017-10-02,Sports Books ,15
2017-10-03,Sports Books ,25
2017-10-04,Sports Books ,22
2017-10-05,Sports Books ,28
2017-10-06,Sports Books ,38
2017-10-07,Baby sweater,27
2017-10-07,Sports Books ,1
2017-10-08,Baby sweater,5
2017-10-08,CDs of rock,28
2017-10-09,CDs of rock,31
2017-10-10,CDs of rock,8
2017-10-10,Web Camera,23
2017-10-11,Web Camera,29
2017-10-12,Web Camera,22
2017-10-13,Web Camera,36
2017-10-14,Web Camera,24
2017-10-15,Web Camera,36
2017-10-16,Web Camera,34
2017-10-17,Web Camera,32
2017-10-18,Children's heaters,8
2017-10-18,Web Camera,14
2017-10-19,Children's heaters,33
2017-10-20,Children's heaters,29
2017-10-21,Children's heaters,37
2017-10-22,Children's heaters,22
2017-10-23,Children's heaters,29
2017-10-24,Children's heaters,25
2017-10-25,Children's heaters,27
2017-10-26,Children's heaters,8
2017-10-26,Dell Laptop,32
2017-10-27,Dell Laptop,34
2017-10-28,Dell Laptop,29
2017-10-29,Dell Laptop,34
2017-10-30,Dell Laptop,27
2017-10-31,Dell Laptop,10
2017-10-31,Industrial consumer electronics,18
2017-11-01,Industrial consumer electronics,36
2017-11-02,Industrial consumer electronics,30
2017-11-03,Industrial consumer electronics,36
2017-11-04,Industrial consumer electronics,14
2017-11-04,Porcelain crafts,12
2017-11-05,Porcelain crafts,36
2017-11-06,Porcelain crafts,31
2017-11-07,DVDs ,6
2017-11-07,Porcelain crafts,25
2017-11-08,DVDs ,28
2017-11-09,DVDs ,39
2017-11-10,DVDs ,37
2017-11-11,DVDs ,32
2017-11-12,DVDs ,24
2017-11-13,DVDs ,4
2017-11-13,Lawn mower,28
2017-11-14,Lawn mower,23
2017-11-15,Lawn mower,33
2017-11-16,Lawn mower,30
2017-11-17,Lawn mower,27
2017-11-18,First aid kit,5
2017-11-18,Lawn mower,24
2017-11-19,First aid kit,34
2017-11-20,First aid kit,32
2017-11-21,First aid kit,31
2017-11-22,First aid kit,12
2017-11-22,Men's gala suit,19
2017-11-23,Men's gala suit,25
2017-11-24,Men's gala suit,31
2017-11-24,Rock music,1
2017-11-25,Rock music,31
2017-11-26,Rock music,26
2017-11-27,Rock music,27
2017-11-28,Rock music,32
2017-11-29,Adult dog supplies,26
2017-11-29,Rock music,5
2017-11-30,Adult dog supplies,33
2017-12-01,Adult dog supplies,34
2017-12-02,Adult dog supplies,26
2017-12-02,Smart watch ,6
2017-12-03,Smart watch ,30
2017-12-04,Smart watch ,28
2017-12-04,Toys ,4
2017-12-05,Toys ,32
2017-12-06,Toys ,30
2017-12-07,Toys ,34
2017-12-08,Fighting video games,13
2017-12-08,Toys ,13
2017-12-09,Fighting video games,32
2017-12-10,Fighting video games,27
2017-12-11,Fighting video games,27
2017-12-11,Summer dresses,4
2017-12-12,Summer dresses,26
2017-12-13,Summer dresses,33
2017-12-14,Summer dresses,30
2017-12-15,Sports Books ,8
2017-12-15,Summer dresses,17
2017-12-16,Sports Books ,27
2017-12-17,Baby sweater,19
2017-12-17,Sports Books ,5
2017-12-18,Baby sweater,29
2017-12-19,Baby sweater,3
2017-12-19,CDs of rock,31
2017-12-20,CDs of rock,24
2017-12-21,CDs of rock,3
2017-12-21,Children's heaters,23
2017-12-21,Web Camera,5
2017-12-22,Children's heaters,28
2017-12-23,Children's heaters,9
2017-12-23,Dell Laptop,20
2017-12-24,Dell Laptop,21
2017-12-24,Industrial consumer electronics,16
2017-12-25,Industrial consumer electronics,30
2017-12-26,Industrial consumer electronics,23
2017-12-26,Porcelain crafts,9
2017-12-27,Porcelain crafts,29
2017-12-28,Porcelain crafts,30
2017-12-29,Porcelain crafts,33
2017-12-30,DVDs ,20
2017-12-30,Porcelain crafts,17
2017-12-31,DVDs ,30
2018-01-01,DVDs ,1
2018-01-01,Lawn mower,28
2018-01-02,First aid kit,21
2018-01-02,Lawn mower,19
2018-01-03,First aid kit,27
2018-01-04,First aid kit,12
2018-01-04,Men's gala suit,11
2018-01-04,Rock music,5
2018-01-05,Rock music,30
2018-01-06,Adult dog supplies,6
2018-01-06,Rock music,23
2018-01-07,Adult dog supplies,30
2018-01-08,Adult dog supplies,37
2018-01-09,Adult dog supplies,28
2018-01-10,Adult dog supplies,13
2018-01-10,Smart watch ,13
2018-01-11,Smart watch ,34
2018-01-12,Smart watch ,29
2018-01-13,Smart watch ,14
2018-01-13,Toys ,11
2018-01-14,Toys ,26
2018-01-15,Toys ,35
2018-01-16,Toys ,34
2018-01-17,Fighting video games,13
2018-01-17,Toys ,22
2018-01-18,Fighting video games,30
2018-01-19,Fighting video games,29
2018-01-20,Fighting video games,30
2018-01-21,Fighting video games,29
2018-01-22,Fighting video games,30
2018-01-23,Fighting video games,34
2018-01-24,Fighting video games,26
2018-01-25,Fighting video games,34
2018-01-26,Fighting video games,16
2018-01-26,Summer dresses,20
2018-01-27,Summer dresses,31
2018-01-28,Summer dresses,30
2018-01-29,Summer dresses,31
2018-01-30,Summer dresses,31
2018-01-31,Fighting video games,1
2018-01-31,Smart watch ,1
2018-01-31,Summer dresses,31
